序号,MD5,名称,介绍,模型UID,模型参数及说明,是否有示例数据（资源）,display_name_en
1,6d5b39c521ff401cf5be921180e1c151,1978Texas冬小麦产量区域尺度的估计,,16488859-aaab-4b71-80b2-57bd214dffd5,"输入: a-回归系数(REAL), b-回归系数(REAL), c-回归系数(REAL), y-农业气象学模型的估计结果(REAL), I_green-MSS数据得到的绿度指数值(REAL) | 输出: double-小麦产量(REAL)",,1978 Texas Winter Wheat Yield Estimation
2,e220f59ab7591fcef0fd49a82f046b92,24小时蒸散量的计算模型,,d5c7de4c-fc27-4cd4-9ae8-d095ea162180,"输入: LEp-24小时可能蒸散量(REAL), B-经验常数(REAL), Tc-农作物温度(REAL), Tc1-参考农作物温度(REAL) | 输出: LE-24小时蒸散量(REAL)",,24-Hour Evapotranspiration Model
3,a82a8554a3d43ae834c46fc52ab73ac1,AL蜂的密度,,d29d4804-3c56-454f-b400-4a7c76cdd1c1,"输入: Hn-参量(REAL), s-只适用于AM蜂和AL蜂攻击(REAL) | 输出: P1-AL蜂的密度(REAL)",,AL Bee Density
4,4abdfc3eb1fd8d5c098215aaf2ff6eb5,AM蜂的密度,,5d3bc40a-e29d-46e2-8a56-e88dab06bc40,"输入: Hn-参量(REAL), s-只适用于AM蜂和AL蜂攻击(REAL), t-只适用于AM蜂和EC蜂攻击(REAL) | 输出: Q1-AM蜂的密度(REAL)",,AM Bee Density
5,41f5f6cb07b431e6212ebc7eca2684d0,AVHRR波段1和2的传感器校正,,93777da0-a7d9-482a-8680-06e31f55bc1c,"输入: G-增益(REAL), O-偏移(REAL), Q-数字信号电平(REAL) | 输出: double-表观辐射(REAL)",,AVHRR Bands 1-2 Sensor Calibration
6,e2dde396e345762e2281728c6cf852b1,BES算法,,6ee7a250-85e5-4ca0-8a6d-ba6b0d566fcf,"输入: T4-通道4的卫星亮度(REAL), T5-通道5的卫星亮度(REAL), t04-通道4的大气透过率(REAL), t05-通道5的大气透过率(REAL), epslon4-通道4的比辐射率(REAL), epslon-通道5的比辐射率(REAL) | 输出: double-陆面温度(REAL)",,BES Land Surface Temperature Algorithm
7,ac03b692fa0c9f03c37e57142710858e,BRDF模型,,85faf075-db85-4fb0-9e30-12c71949f475,"输入: f0-各向同性散射的贡献(REAL), f1-响应数值(REAL), f2-响应数值(REAL), kgeo-地表散射核(REAL), kvol-体散射核(REAL) | 输出: double-地物的BRDF(REAL)",,BRDF Model
8,19fc6feb48e4c1b1d14414a34502f711,Bhattacharya距离计算,,9876b5ea-9d3f-4b82-9dd1-f4183587fe07,输入: a-参数(REAL) | 输出: double-距离(REAL),,Bhattacharyya Distance
9,8dde4d98535d37b5ace1187ae6c3bae4,CLAIR估计的Ila的标准偏差,,f7e68b2c-9d48-4ff2-ae76-740300dfa0c7,"输入: a-描述Iwdv趋向于其渐近值的速率的参数(REAL), Ila-叶片面积指数(REAL), Iwdvw-Iwdv的渐近极限值(REAL), DIwdv-Iwdv的标准偏差(REAL) | 输出: double-标准偏差(REAL)",,CLAIR LAI Standard Deviation
10,7557b27124b42a14d2ec447506c89c5e,Chikugo模型,,04be49ca-7340-4097-aa8b-2259a0235044,"输入: Rn-年净辐射(REAL), Int-辐射干燥度(REAL) | 输出: double-最大净第一性生产力(REAL)",,Chikugo Model
11,9026940c88592812f53d4917811735b5,Cloud估计的Ila的标准偏差,,8830c169-cfee-4933-b925-0f7cc52ce65e,"输入: th-雷达波的入射角(REAL), K-参数(REAL), D_-D/A(REAL), Ila-叶片面积指数(REAL), Dr-雷达截面的标准偏差(REAL) | 输出: double-标准偏差(REAL)",,Cloud LAI Standard Deviation
12,60f3cf17433aae668b33e5fbde89700f,EC蜂的密度,,254552dd-0e0c-4196-bc51-ca3ce7d9948e,"输入: Hn-参量(REAL), u-只适合EC蜂攻击(REAL), t-只适用于AM蜂和EC蜂攻击(REAL) | 输出: R1-EC蜂的密度(REAL)",,EC Bee Density
13,fb54f7ba571a5bb4beba241fa2deeb53,EF时间外推,,2284303c-410f-417b-a47c-88d982db7e02,"输入: LE-未知参数(REAL), Rn-净辐射(REAL), G-土壤热通量(REAL) | 输出: double-EF时间外推(REAL)",,Evaporative Fraction Temporal Extrapolation
14,398654f3d74c1c04784482bc13315df0,GIS中缓和曲线的不确定性模型--XOY中的坐标,,76dbd8c1-b58e-481a-9a04-30f45afb5798,"输入: alpha-直援点B处切线的方位角(REAL), startPoint-缓和曲线起点(VECTOR2), point-缓和曲线任意点(VECTOR2), c-缓和曲线偏转函数(INT) | 输出: Point2D-XOY中的坐标(VECTOR2)",,GIS Transition Curve Uncertainty: XOY Coordinates
15,f66bbd1aa46234029f49fcb1ebfe7c08,GIS中缓和曲线的不确定性模型-误差带宽,,4ce1df97-b67d-48aa-b29b-6b168a774562,"输入: thet-法线方向的方位角(REAL), sigmax-i点坐标的标准差(REAL), sigmay-i点坐标的标准差(REAL) | 输出: double-误差带宽(REAL)",,GIS Transition Curve Uncertainty: Error Bandwidth
16,485503998effd471e819bd837446bfcc,GIS支持下坡面太阳辐射的计算公式--目标属性,,fc6bf8af-02f5-4b33-862a-cdaedce03a43,"输入: Qs-水平面直接辐射(REAL), KT-KT(REAL) | 输出: double-参数(REAL)",,Slope Solar Radiation Formula In GIS
17,937dbf9a07201785489526b818c0fea4,GIS支持下森林火场蔓延的空间模拟模型--不受风速与坡度影响的火场蔓延速度,,ef2a09dc-238b-42ea-a7cf-0a8dc111b564,"输入: IR-火焰区反应强度(REAL), zeta-林火蔓延率(REAL), rhob-可燃物的体密度(REAL), epsilon-有效热系数(REAL), Qig-点燃单位质量的可燃物所需热量(REAL) | 输出: double-不受风速与坡度影响的火场蔓延速度(REAL)",,GIS Wildfire Spread Model: Base Rate Of Spread
18,8517448a5fa03b9efe757c24310965d8,GIS支持下森林火场蔓延的空间模拟模型--火场蔓延的最大速度,,25ece61f-dd74-4002-8e34-2151b0907750,"输入: Vbase-不受风速与坡度影响的火场蔓延速度(REAL), phiw-风速对火场蔓延速度的影响(REAL), phis-坡度对火场蔓延速度的影响(REAL) | 输出: double-火场蔓延的最大速度(REAL)",,GIS Wildfire Spread Model: Maximum Rate Of Spread
19,1b2f05734f36629512315f7b1f09389e,GIS支持下森林火场蔓延的空间模拟模型--火场蔓延速度,,01407c8c-c83e-456e-88e7-5703586a1054,"输入: Vbase-不受风速与坡度影响的火场蔓延速度(REAL), Vmax-火场蔓延的最大速度(REAL), thet-方向值(REAL) | 输出: double-火场蔓延速度(REAL)",,GIS Wildfire Spread Model: Rate Of Spread
20,4642e3e581670dd7b355cd9155b5f395,Hurlbert公式,,71224095-5932-42d5-94a8-732f2893e16c,"输入: S-该集群所包含的物种数(INT), N[]-多度，即第j种的个体数(INT_ARRAY), Ns-多度总数(INT) | 输出: Pie-种间相遇几率(REAL)",,Hurlbert Formula
21,a1f250ed240714d0041f955a7590d7dd,INSAR干涉图的相位差的概率密度函数,,efc7e7f9-1552-4feb-9b7a-54a5464651f3,"输入: P-两复数的图像的相关系数(REAL), beta-真实的干涉相位差(REAL), phi1_phi2-单视图的干涉相位差(REAL) | 输出: double-INSAR干涉图的相位差的概率密度(REAL)",,In SAR Interferogram Phase Difference PDF
22,32d5a1bee48c6ba4f0992790a61fa7fc,Indv时间变化图的半经验公式,,54b9dd28-c5c5-44c5-9307-d068f42382f7,"输入: t-在一年中的时间变量(REAL), k-与Indv的渐近值有关的参数(REAL), c-曲线在第一个变形点处的斜率(REAL), d-曲线在第二个变形点处的斜率(REAL), p-这两个点的日期(REAL), q-这两个点的日期(REAL), vb-参数(REAL), ve-参数(REAL) | 输出: Indv-时间变化(REAL)",,Indv Temporal Variation Semi-Empirical Formula
23,05bb488bb5eed5d9fb80ad6ff4198f57,Ivlev选择指数,,17c9fc09-2150-44fe-a91a-4e310873ab13,"输入: ri-在捕食者的食物中被捕食者的相对丰富度(REAL), Pi-生态系统中被捕食者的相对丰富度(REAL) | 输出: Ei-Ivlev选择指数(REAL)",,Ivlev Selectivity Index
24,7a89cc22db0f24779d6d8407592b8088,Iv与蒸腾系数的关系,,5817a4c7-f37a-4d48-a9d1-9c5f5db8e15c,"输入: dn-标准差植被指数(REAL), Isav-土壤校正植被指数(REAL), Itsav-转换土壤校正植被指数(REAL) | 输出: Tc-蒸腾系数(NODE)",,Iv-Transpiration Coefficient Relationship
25,4b7c8a6f08e6b345a69a14c2e87d2157,J.W.Forrester世界动态模型,,96c98a5f-ad3b-4f3d-92ed-f72247472eeb,"输入: A-跃迁矩阵(REAL), x_t1-在时间点t-1内生变量的向量(REAL), E-与外生变量的链接矩阵(REAL), I-单位列向量(REAL) | 输出: Bx_t-参数(REAL)",,J. W. Forrester World Dynamics Model
26,cbf6ffed50ee931a12367ecc1cd64b02,Jaccard指数模型,,5dc166ea-ce7b-40ac-9b07-2db7db82eaab,"输入: a-参数(REAL), b-参数(REAL), c-参数(REAL) | 输出: JI-共同出现百分率(REAL)",,Jaccard Index
27,6c3fd7746a21dcc7ef245f976fe5f41e,Jacobs(1974)的选择指数(E),,d2028d93-b735-493e-b55a-be35674d2a54,"输入: Ui-在植物群落i中喂养观测的动物(INT), Ai-植物群落i占据的研究区域(REAL) | 输出: E-植物群落的利用和可用性之间的相对差异，表明了在每一个植物群落中动物的相对喂养密度(REAL)",,Jacobs (1974) Selectivity Index
28,542c18d638b6743c10be774abe8e4617,Jrenson系数ISS,,b67df0b7-7cb4-44b8-9841-78a13c0bab9b,"输入: a-群落样地A的物种数(REAL), b-群落样地B的物种数(REAL), c-群落样地A与B之间共有的物种数(REAL) | 输出: ISS-Jrenson系数(REAL)",,Jørgensen ISS Coefficient
29,a85325071b5945372626802428e9b2af,Kappa系数,,a2fea141-36d1-4098-811b-a480fe95277e,"输入: Po-观测到的吻合比例(REAL), n-类别的数目(INT) | 输出: double-Kapp系数(REAL)",,Kappa Coefficient
30,7ebb6f0c147aaf0acddf389bbe1a0b32,Kondratyev,,594fc701-1777-47c7-86b3-20e3293d477f,输入: P-地形的坡度(REAL) | 输出: g1-参数(REAL),,Kondratyev Parameterization
31,87b548b3ed505d8f56aff3fd3fcdd5f3,Kriging插值模型,,67eb7ac2-95a6-40ca-810b-9f79916bcdf3,"输入:  lamb-给予每个样本值的权重(REAL_ARRAY),  Z-在相应位置的样本值(REAL_ARRAY), n-样本数(INT) | 输出: Z1-在位置X0需要估计的值(REAL)",,Kriging Interpolation Model
32,ff3db088aec07d0fce311633ed7fcb69,Kuroiwa的GPP公式,,b2ac1ced-de97-46cf-b95b-8e974345d95b,"输入: D-白天长度(REAL), pmax-单个叶片光线饱和时的光合作用率(REAL), K-光线衰减系数(REAL), G-生长期(REAL), k_-吸收的CO2合成干物质时的转换常数(REAL), b-光合作用的量子产额(REAL), Imax-中午最大日照强度(REAL), Ila-叶面积指数(REAL) | 输出: double-Kuroiwa的GPP(REAL)",,Kuroiwa GPP Formula
33,ad7fad51fdbfadfc0972fde33424b8d4,K个物种均衡时物种数量,,1c796d37-9e9d-4fb8-943e-e9833174980f,"输入: n-物种总个数(INT), k-均衡物种个数(INT) | 输出: Enk-K个物种均衡时物种数量(REAL)",,Species Richness Under K-Species Equilibrium
34,0bbd2246b67d8b00b715e371773ab79d,K个物种局部均衡时物种数量,,776a0763-75e6-46e1-9ed2-0a3742e95dd9,"输入: n-物种总个数(INT), k-均衡物种个数(INT), Pk-k个物种均衡的概率(REAL) | 输出: Snk-K个物种局部均衡时物种数量(REAL)",,Species Richness Under Partial K-Species Equilibrium
35,462334d1507466798d0ea2b401fc2988,LE从参考地点的外推,,91e8a183-a1f8-4e19-b974-b2fc0c97ce3d,"输入: LEr-LE参考地点的局部气象值(REAL), c-表示-G/Rn的值(REAL), as-表面漫反射系数(REAL), cr-表示-G/Rn的值参考地点的局部气象值(REAL), asr-表面漫反射系数参考地点的局部气象值(REAL), Rsr-参考地点的局部气象值Rs(REAL), sig-Stefan-Boltzmann常数(REAL), esr-表面发射率参考地点的局部气象值(REAL), Ts-表面温度(REAL), Tsr-表面温度参考地点的局部气象值(REAL), Pcp-大气的体积热容量(REAL), Rahr-阻力参考地点的局部气象值(REAL), ear-大气的发射率参考地点的局部气象值(REAL), Tar-屏幕高度的大气温度参考地点的局部气象值(REAL) | 输出: double-LE从参考地点的外推(REAL)",,Latent Heat Flux Extrapolation From Reference Site
36,c9d25c4f150ea330f3e3b24604801809,Lambert-Beer消光定律,,643810ec-5a8c-47b6-b267-f747f826e6bc,"输入: Ic-林冠入射的辐射通量(REAL), K-群落或各层植物的消光系数(REAL), Ila-叶面积指数(REAL) | 输出: double-距离林冠之下各层入射的辐射通量(REAL)",,Lambert-Beer Extinction Law
37,eb9419960770da807702f24d615ad201,Lloyd拥挤性指数,,11ecc554-74c6-415e-9ea2-d9e6c471218b,"输入: V-每个样方中的平均数变化(REAL), u-每个样方中个体的平均数(REAL) | 输出: double-Lloyd拥挤性指数(REAL)",,Lloyd Crowding Index
38,f9be75e2fecf7621681a71bfa7fdd191,Logistic方程模型,,4ff8a1d0-1e13-44a4-9d32-4966b7ef9477,"输入: K-为可能到达的最大植株高度(REAL_ARRAY), e-参数(REAL), A-为回归系数(REAL_ARRAY), B-为回归系数(REAL_ARRAY), T-为大于等于10度得体温(REAL), i-为禾草种群(INT) | 输出: H-为植株高度(REAL)",,Logistic Equation Model
39,040f24f9b65e2bc1726c50d0e672ce82,LotkaVolterra竞争模型1,,2cd0f639-6e6a-4c8c-8165-2e5122e9a447,"输入: Nsn-共培养中栅藻在时间tn时的数量(REAL), Nsn_1-共培养中栅藻在时间tn-1时的数量(REAL), Nmn_1-共培养中微囊藻在时间tn-1时的数量(REAL), tn-时间tn(REAL), tn_1-时间tn-1(REAL), Ks-栅藻的最大环境容量(REAL), alpha-共培养中微囊藻对栅藻竞争抑制参数(REAL) | 输出: rs-栅藻的增长率(REAL)",,Lotka-Volterra Competition Model 1
40,461af4cfaa70435e54cb30e864ea19eb,Lsws和Lswd综合影响的axy模型,,945d52fa-5c19-4023-9524-0399f5502e50,"输入: Lsws-经过大气衰减的来自被观测地物的辐射(REAL), L0ws-被大气直接反射的程辐射(REAL), Ldws-来自背景地物的交叉辐射(REAL), miu0f0-大气上界的太阳辐射通量(REAL), miu0-太阳方向天顶角的余弦(REAL), mius-传感器方向天顶角的余弦(REAL), t1-相关参数(REAL) | 输出: double-大气交叉辐射影响(REAL)",,Atmospheric Adjacency Effect Model (axy)
41,2926745e892a5db8b3f64acd9a801717,L波段土壤发射率与土壤水分含量的关系模型,,0c2c1667-151e-4eba-87db-842c835dbab3,输入: E-L波段土壤发射率(REAL) | 输出: double-土壤表2cm内的体积水分含量(REAL),,L-Band Soil Emissivity-Moisture Model
42,b4a50149fbef3ceb0d9f911e30103bca,MAP估计方法模型,,683f74c9-8a3d-451d-ace1-9dd64d21443d,"输入: C-常数(REAL), sumP-转移概率和(REAL), Sigma-参数(REAL), gij-特征指标(REAL), r1-灰度值(REAL), r2-r2灰度值(REAL) | 输出: LnP-方法值(REAL)",,MAP Estimation Method
43,dfde2cff1e6b6f539abe450fd0775521,MSS变换公式,,993bb95c-6998-4229-bf94-cbe7356e24aa,输入: band[7]-MSS7个波段(REAL_ARRAY) | 输出: MSS_BGYN-MSS变换后的值(NODE),,MSS Transformation Formula
44,324e6b3d15b258775d074b5f7f43a951,Monsi-Saeki公式,,19d9ffa7-f524-4fa2-9a19-9612a22d3dcb,"输入: s-冠顶处的辐射强度(REAL), a-单位有效遮光面积消光系数(REAL), Fy-由冠层表面向下累积的叶面积指数(REAL) | 输出: sy-距地面y处的辐射强度(REAL)",,Monsi-Saeki Formula
45,e4e78cabdf7de622f99a36e2ed6dcc9c,NPP估算值的变化,,2d65817d-7c85-45cb-a981-ae424ac0cf8f,"输入: p-参数(REAL), mu-参数(REAL), sigma-参数(REAL) | 输出: Var(NPP)-NPP估算值的变化(REAL)",,NPP Estimate Variance
46,8f91bbdd3995cdd38ad86a3f2846e66a,NPP估算值的平均值,,5b5b583e-1aeb-4810-b334-eaf22c26d5e9,"输入: p-参数(REAL), mu-参数(REAL), sigma-参数(REAL) | 输出: E(NPP)-NPP估算值的平均值(REAL)",,NPP Estimate Mean
47,00bced8a1dd285435a52a0cc737fcc47,NPP函数,,9a9bb77d-3920-49f7-8d3f-fdfd297c62f9,"输入: q-1-p(REAL), p-参数(REAL), GNPPNPP-参数(REAL) | 输出: FNPPNPP-NPP函数(REAL)",,NPP Function
48,32eee4729b69e98290f9c5639b3e25f2,N个地块的相对误差模型,,279d06d4-a831-44e5-81d6-475891cced08,"输入: R-分辨率(REAL), L-地块周长(REAL_ARRAY), A-地块面积(REAL_ARRAY), i-地块(INT) | 输出: double-N个地块的相对误差(REAL)",,Relative Error Model For N Plots
49,8d8fba2af1549ec0f64d9702d5232fdc,Odum总稳定性指标,,0c9302ed-a6a4-4131-9f23-40a09216d309,"输入: T-抗干扰能力(REAL), S-恢复力(REAL) | 输出: GS-总稳定性(REAL)",,Odum Total Stability Index
50,d353296596c8f20812b83f0026e2d1a9,Olson指数衰减模型,,a4d9b59e-472c-45ff-bd40-946c56851a45,"输入: W0-t=0时枯枝落叶初始量(REAL), k-年分解速率(REAL), t-参数(REAL) | 输出: We-t时刻的残留量(REAL)",,Olson Exponential Decay Model
51,3710ceb97eeb550f1de1a46c68620b24,PAR被截留(fIPAR)部分,,0b145ac8-12c3-4e6f-9611-c91ca98e3c95,"输入: PARi-在树冠顶部入射的PAR(REAL), PARt-PAR从林冠底部透出的部分(REAL) | 输出: fIPAR-PAR被截留部分(REAL)",,Intercepted PAR Fraction (f IPAR)
52,de5475a71646e1c6f81d5ee175b24aaf,PAR被植物吸收(fPAR)部分,,901d6db2-8b52-45db-8d24-03c3a7cacfba,"输入: PARi-在树冠顶部入射的PAR(REAL), PARt-PAR从林冠底部透出的部分(REAL), PARSc-从林冠散射到空气中损失值(REAL), PARSb-由土壤或落叶表面散射到空气中但未被林冠吸收的光子(REAL) | 输出: fPAR-PAR被植物吸收部分(REAL)",,Absorbed PAR Fraction (f PAR)
53,81fbeee1dc8035f1bfeae5995f85edd9,PRA算法,,c6f35449-59eb-4edf-9ef0-f6c9b59ce6ab,"输入: T4-通道4的卫星亮度(REAL), T5-通道5的卫星亮度(REAL), t04-通道4的大气透过率(REAL), t05-通道5的大气透过率(REAL), epslon4-通道4的比辐射率(REAL), epslon5-通道5的比辐射率(REAL), deta-相应参数(REAL), c-相应参数(REAL) | 输出: double-陆面温度(REAL)",,PRA Land Surface Temperature Algorithm
54,3901547841940c2769583776225b1869,PRI算法,,21c4834d-e676-420e-997d-79e877f2e2ee,"输入: T4-通道4的卫星亮度(REAL), T5-通道5的卫星亮度(REAL), t04-通道4的大气透过率(REAL), t05-通道5的大气透过率(REAL), epslon4-通道4的比辐射率(REAL), epslon5-通道5的比辐射率(REAL) | 输出: double-陆面温度(REAL)",,PRI Land Surface Temperature Algorithm
55,c61091bd763bee17697f42d2ff0f2901,Penman公式法模型,,c35c7f4d-9781-4d9a-a76e-4748e5e10a44,"输入: R0-有效辐射量(REAL), slope-在平均湿度温度t时的饱和水汽压曲线的斜率(REAL), upsilon-干湿温度表温度常数(REAL), ea-是Penman称为空气干燥力的参数(REAL) | 输出: E0-蒸散力(REAL)",,Penman Formula Model
56,6883c20ddf9fdc120fa7a2bcd5da2cef,Pielou均匀性指数公式,,66c9fd5e-8234-4eca-8f8e-ac16f96332cd,"输入: H-物种的多样性指数(REAL), S-群落中的类群数(INT) | 输出: E-Pielou均匀性指数(REAL)",,Pielou Evenness Index Formula
57,3908c26da3109fceecff427febbedb10,Pinker和Laszlo求DSSR的方法,,a01382bf-b909-403b-b788-876f4d7905b9,"输入: DSSRclear-晴朗天空的流量(REAL), DSSRcloudy-云层条件的流量(REAL), nclear-无云的像素数目(REAL), ncloudy-有云的像素数目(REAL) | 输出: double-所有条件下天空的DSSR流量(REAL)",,Pinker And Laszlo DSSR Method
58,73f20c4b638aad92f728df5bd12442c7,PriestleyTaylor模型,,f4d1e14b-1f0e-4cdf-955d-1f016e3999b5,"输入: a-经验常数(REAL), s-饱和水蒸气压曲线在气温处的斜率(REAL), r_-湿度计常数(REAL), Rn-净辐射(REAL), G-地面热通量(REAL) | 输出: double-PriestleyTaylor模型(REAL)",,Priestley-Taylor Model
59,a44f6b5ca6e2251391300224159d742b,Rnc修正方程,,7ca6f47a-1a99-4bad-a2fa-474c985026a8,"输入: Rn-净辐射(REAL), k-系数(REAL), Ila-叶面积指数(REAL), ths-太阳天顶角(REAL) | 输出: double-Rnc修正(REAL)",,Rnc Correction Equation
60,4fbde119b5c5568947f94d70c9e6da97,Rns修正方程,,ee318833-3dc4-4b76-9ddc-0c326c2121e5,"输入: Rn-净辐射(REAL), k-系数(REAL), Ila-叶面积指数(REAL), ths-太阳天顶角(REAL) | 输出: double-Rns修正(REAL)",,Rns Correction Equation
61,5bde6b0e9fd00ee2c6e2d7714b9d6d55,SAIL系数,,868c0f85-7f35-4e36-94b2-3ad291142df5,"输入: Gli-参数(REAL), LH-叶面积指数(REAL), miui-极角(REAL) | 输出: double-SAIL系数(REAL)",,SAIL Coefficient
62,da3edfe132fa3b848f149cc6062b6f51,SAR多普勒方程,,1d6e351d-7612-4750-9c86-deb629febc6e,"输入: lemda-雷达波长(REAL), R-斜距(REAL), Vs-卫星平台的速度矢量(REAL), Vt-地面目标的速度矢量(REAL), Rs-卫星平台的位置矢量(REAL), Rt-地面目标的位置矢量(REAL) | 输出: double-多普勒频率(REAL)",,SAR Doppler Equation
63,16f19288ceec6e36d72e5c5f82d5fdf8,SD系统动力学模型仿真与方案优选,,531c7ee3-e89c-4bcf-a10a-ffca87e69abf,"输入: lam-各项指标的权重(REAL_ARRAY), f-未知参数(REAL_ARRAY), K-未知参数(INT), N-未知参数(INT) | 输出: double-SD系统动力学模型仿真与方案优选(REAL)",,System Dynamics (SD) Simulation And Scenario Selection
64,f7772c6e256db8e4503f0564e7c06803,SO2阻力和水蒸气扩散的关系,,572263a5-6cf9-47c6-90f0-bc8af70818bb,"输入: r_H2O-无(REAL), D_H2O-无(REAL), D_SO2-无(REAL) | 输出: r_SO2-无(REAL)",,SO2 Resistance And Water Vapor Diffusion Relationship
65,cfe3d392b023f85be6bc5737a3fe362b,SOB算法,,2600442c-f8f7-49dd-8879-385718ae0d6e,"输入: T4-通道4的卫星亮度(REAL), T5-通道5的卫星亮度(REAL), epslon4-通道4的比辐射率(REAL), epslon5-通道5的比辐射率(REAL), w-总水汽含量(REAL) | 输出: double-陆面温度(REAL)",,SOB Land Surface Temperature Algorithm
66,82d211e26a2bf1cbee6e8b6a0142db57,Salvucci模型,,83c2f22c-8d50-4d62-b1a5-7f081f114d5d,"输入: ep-潜在蒸发率(REAL), t-位置参数(REAL), td-干燥时间(REAL), K0-扩散决定通量(REAL) | 输出: double-Salvucci模型(REAL)",,Salvucci Model
67,c4a1c7a93c8afdbe22aab351055c6540,Shannon-Wiener多样性指数公式,,03ce21e1-678e-4823-b594-587b086fc51b,"输入: n[]-每一类群的重要值(REAL_ARRAY), N-总的重要值(REAL), S-群落中的类群数(INT) | 输出: H-物种的多样性指数(REAL)",,Shannon-Wiener Diversity Index Formula
68,4b53a9f29af0e816cf83d64db4b6b155,Shannon-Wiener指数模型,,cbb10d8c-3484-4c05-aea6-bd39f0e5ca22,"输入: N-调查总样方数(REAL), s-鸟类数(REAL), n[]-鸟类出现的样方数(REAL_ARRAY) | 输出: H-Shannon-Wiener指数(REAL)",,Shannon-Wiener Index Model
69,23279c566b34308f26b103bc2ea95d15,Shannon_Wiener指数H模型,,28f0bdf4-84a9-4332-a4b3-53d21c05856c,"输入: Ns-所有物种的个体数(REAL), N[]-第i个物种的个体数(REAL_ARRAY), n-物种数(INT) | 输出: H-Shannon_Wiener指数(REAL)",,Shannon-Wiener Index H Model
70,5979fa450ba4828acf913615bd4823b1,Shannon多样性指数模型,,bbaa47f9-0444-4dac-aeb9-95bba5293090,"输入: P[]-第i类群的百分比(REAL_ARRAY), S-类群数(INT) | 输出: H-Shannon多样性指数(REAL)",,Shannon Diversity Index Model
71,12e1fc2f415906f24fdf4d048af8e4da,Simpson优势度指数公式,,e9566fc1-c8ff-459d-81b4-fd1ba8801f45,"输入: n[]-每一类群的重要值(REAL_ARRAY), N-总的重要值(REAL), S-群落中的类群数(INT) | 输出: C-Simpson优势度指数(REAL)",,Simpson Dominance Index Formula
72,533a8487df4a153f2af7f4116d4ffe0b,Simpson优势度模型,,0b831ad3-6747-49b5-87d8-6f82ec7a239b,"输入: N-调查总样方数(REAL), s-鸟类数(REAL), n[]-鸟类出现的样方数(REAL_ARRAY) | 输出: D-Simpson优势度(REAL)",,Simpson Dominance Model
73,c065e159a43d806206d5c7028461906c,Sr-Sr在田表水、表土及水稻植株种滞留浓度与时间的关系模型,,450990fa-b24b-4554-8427-8e0e390e0fce,输入: t-和滞留浓度相应的滞留事件(REAL) | 输出: CrSr-Sr-在水稻植株中的滞留浓度(REAL),,Sr-Sr Retention Concentration Time Model In Rice Fields
74,e7fa5edc40ff688c10a3de65cf435f47,Staylor求DSSR的方法,,3826f3a9-f26c-4697-8d20-315d6d8c29a3,"输入: DSSRTOA-在大气层顶部的DSSR(REAL), TA-晴朗天空下的大气透射率(REAL), TC-云层的透射率(REAL) | 输出: double-下行表面短波辐射(REAL)",,Staylor DSSR Method
75,c57936f64b283af174be6e7ac4906108,TIMS数据校准,,8651d8c1-431c-40cc-a433-77ebf3f36b44,"输入: epsilonj-波长j处地地表发射率(REAL), LjBB-表面温度为T的黑体发射的谱辐射(REAL), Ljsky-从大气入射到地表的谱辐射(REAL), taoj-大气的谱辐射率(REAL), Ljatm-大气发射的谱辐射(REAL) | 输出: LSj-传感器观测到的光谱辐射(REAL)",,TIMS Data Calibration
76,d84bd70ebdb8b504642f8ea7c7513ded,TM变换公式,,eb7c326a-669b-42e8-9cef-b689fa18324c,输入: band[7]-TM7个波段(REAL_ARRAY) | 输出: TM_BGW-TM变换后的值(NODE),,TM Transformation Formula
77,5074f0afd7be833694168f9f9207450b,Temps和Coulson,,454d06b1-a652-40b7-8126-7b006d87b2ec,"输入: P-地形坡度(REAL), theta-太阳的顶角(REAL), I-角度(REAL) | 输出: g2-参数(REAL)",,Temps And Coulson Topographic Correction
78,86d536bd289740cc95e2436a209bf733,T计算公式,,39bb276e-10c2-43b6-907e-61468d6e7d92,"输入: lambda-亮度温度(REAL), TB-常数(REAL), alpha-表面发射率(REAL), Epsi-参数(REAL) | 输出: TT-观察对象的运动学温度(REAL)",,Kinetic Temperature (T) Formula
79,200630765160374bc7dc704e167b26e9,UVM算法,,c6584aa3-43ef-481d-aed8-2a02c0031dc8,"输入: T4-通道4的卫星亮度(REAL), T5-通道5的卫星亮度(REAL), alpha-由大气温度决定(REAL), beta-由表面温度决定(REAL), epslon4-通道4的比辐射率(REAL), epslon5-通道5的比辐射率(REAL), epslon-相应参数(REAL) | 输出: double-陆面温度(REAL)",,UVM Land Surface Temperature Algorithm
80,c5a41383e088dfd1c29fcff22b5d5be2,Vollenweider方程,,b6137b23-0202-498a-9c94-e306df214670,"输入: I_5-中午太阳周围每小时单位面积上的太阳辐射(REAL), P_1-PI的值(REAL), T-以小时为单位的白昼时间(REAL), L_1-以小时为单位的白昼长度(REAL) | 输出: I_4-任何一小时中每单位面积的太阳辐射(REAL)",,Vollenweider Equation
81,8b0b49a6dc6e3d3d2fb62588f76760e8,VolterraDx,,71652937-6f00-4f33-b282-91128a932545,"输入: a-食饵内禀增长率(REAL), b-食饵自抑制项(REAL), c-食饵的相互作用项系数(REAL), x-食饵密度(REAL), y-捕食者密度(REAL) | 输出: double-VolterraDx(REAL)",,Volterra Prey Equation (dx)
82,2c10229d70e2b4e8b5098d0bd8da8299,VolterraDy,,ab0e5d64-7efe-4042-833b-5e03ec8cc542,"输入: e-捕食者死亡率(REAL), c1-捕食者(REAL), x-食饵密度(REAL), y-捕食者密度(REAL) | 输出: double-VolterraDy(REAL)",,Volterra Predator Equation (dy)
83,027ef0f9dea665b859feab6bdbe7f903,Watkinson,,06b90d7b-8c99-46de-9af3-ec4c39c831c3,"输入: Nc-农作物密度(REAL), Nw-杂草密度(REAL), w-孤立的农作物的产量(REAL), a-农作物产量对农作物密度响应的方式(REAL), a1-一个农作物和杂草等量化的量度(REAL), b-它表明农作物产量在密度高时会降低并刻画了资源的利用率(REAL) | 输出: double-每单位面积上农作物产量的量度(REAL)",,Watkinson Crop-Weed Competition Model
84,bb9f58908eed42f551e95d1ed0967ece,Whittaker相似性指数,,42bc06be-0de0-4b0b-ad73-b82b8d162a16,"输入: s-a,b群落中相对应的种数(INT), a[]-物种a在群落中的比例(REAL_ARRAY), b[]-物种b在群落中的比例(REAL_ARRAY) | 输出: double-Whittaker相似性指数(REAL)",,Whittaker Similarity Index
85,1e37cfe224d91ac5f54c445a573e2ddc,X平方检验模型,,6fa8f985-25a1-4e82-91fc-2f3e72c4f648,"输入: a-两个种都存在的样方数目(REAL), b-B种存在而A种不存在的样方数目(REAL), c-A种存在而B种不存在的样方数目(REAL), d-两个种都不存在的样方数年(REAL), n-取样总数(REAL) | 输出: X平方检验值-Xp(REAL)",,Chi-Square Test Model
86,14739fcdb4073892dd700e9791792871,alpha-beta滤波器的Z域闭环传输函数H(Z)模型,,4d389266-e150-4be4-916f-cd48acc9a481,"输入: alpha-高度平滑系数(REAL), beta-速度平滑系数(REAL), Z-高度(REAL) | 输出: double-接收回波的平均功率(REAL)",,Alpha-Beta Filter Z-Domain Closed-Loop Transfer Function H(Z) Model
87,40aa7b3f939c07f8eb2c9c230082de42,gam对坡度的校正模型,,91d4fa91-84f7-42d4-ac2d-160f0666938c,"输入: gam-单位半径产生的回转球状体图像的面积(REAL), alp-坡度角(REAL), thet-坡度与太阳方位角间的差值(REAL) | 输出: gam1-单位半径产生的回转球状体图像的面积对坡度校正(REAL)",,Gamma Slope Correction Model
88,8a8387aee3b9f4fc8b23a0d37ef7522d,i地区消费者用于j商业中心的购物费用,,040f868f-9ead-41b2-a5e0-3740c503a253,"输入: P_ij-i地区消费者光顾j商业中心的概率(REAL), S_j-j商业中心的吸引力(REAL), D_ij-i居住区到j商业中心的距离(REAL), alpha-经验系数(REAL), beta-经验系数(REAL), C_i-i居住区购物总开支(REAL) | 输出: double-i地区消费者用于j商业中心的购物费用(REAL)",,Shopping Cost From Region I To Center J
89,a2d0e3a95c25e852b432c1f2f0ab4f65,一个测量集合的平均值,,30e4aa9e-d6d3-4a70-af74-ad2446c8ccef,"输入: Nn0i-水平方向均匀、完全无云时的辐射度(REAL), Nci-水平方向均匀、完全云遮盖时的辐射度(REAL), A-在高度z处一层无限薄的、非散射的、随机分布的黑云的有效百分比(REAL) | 输出: double-一个测量集合的平均值(REAL)",,Mean Of A Measurement Set
90,02a6841c1b36c8c80142fbbec27d0927,一个灰体的辐射LGB,,ae55f7f6-2bd5-40bd-9f30-354a114f9efe,"输入: Epsi-表面发射率(REAL), beta-常数(REAL), alpha-常数(REAL), tt-运动学温度(REAL), lambda-发射的辐射波长(REAL) | 输出: LGB-灰体的辐射(REAL)",,Graybody Radiance (LGB) Formula
91,5406924e6a16663b5a31829e5e07e13e,一个由粒子组成的介质的双向反射系数函数,,4f5fccf0-2c1c-41c5-afc9-fb6e6d44976d,"输入: b-构成表面的粒子的平均单重散射反射率(REAL), c-入射光线与出射光线间的相角(REAL), w-顶角(REAL), g-观察顶角(REAL), i-相对于太阳的方位角来说观察的方位角(REAL), e-相关系数(REAL), psi-相关系数(REAL), S0-相关系数(REAL), h-相关系数(REAL) | 输出: double-在顶角为i的阳光照射下、观察顶角为e时表面的双向反射系数(REAL)",,Bidirectional Reflectance Function For A Particulate Medium
92,eaa5902868ba1ea479dc365f66108373,一维辐射传输方程,,5724cc65-1d94-4d9b-9dd8-f4fb276bf103,"输入: Ke-削弱系数(REAL), Ks-散射削弱系数(REAL), Lomega-omega方向传输的辐射亮度(REAL), Pomega-散射相位函数(REAL) | 输出: double-omega方向传输的辐射亮度的变化率(REAL)",,One-Dimensional Radiative Transfer Equation
93,2e4981cf4072589c9a70c29b3da610ba,一致性系数,,f1f181a7-8985-492a-ae23-e249c0c6b91e,"输入: C[]-C[]存在度大于41%的植物种的存在度(REAL_ARRAY), d-样方的平均种数(INT), l-存在度大于41%的种数(INT), e-种类最丰富的样地种数(INT), g-种类最贫乏的样地种数(INT) | 输出: double-一致性系数(REAL)",,Consistency Coefficient
94,0769d29c752779f0bc6f48ce115f20d9,一般谱波分析模型,,2e72acb1-18ee-4136-8662-62144263bfca,"输入: a0-参数(REAL), a-参数(REAL_ARRAY), w-参数(REAL_ARRAY), b-参数(REAL_ARRAY), p-参数(INT), k-参数(INT), t-参数(REAL) | 输出: xt-结果(REAL)",,General Spectral Wave Analysis Model
95,78a7d990d7e00d5fdf532e41a5dde69b,七星瓢虫分布型的判定模型--从种群扩散型指数判定，Morisita指数I模型,,7821de91-84aa-4e11-81ed-a7fa7363872c,"输入: xi-每个样方的个体数(INT), n-抽样数(INT), N-总个体数(INT) | 输出: I-Morisita指数I(INT)",,Morisita Dispersion Index I
96,bc294c1f286b9b6ce16e1230d2d75826,七星瓢虫分布型的判定模型--从种群扩散型指数判定，扩散指数C模型,,d039d085-f767-4f5c-991c-4ffa9260aee2,"输入: S2-方差(REAL), x_-样方平均值(REAL) | 输出: C-扩散指数(REAL)",,Dispersion Index C
97,3a3d5ea98d86f3381afc1fb5c5c44f70,七星瓢虫分布型的判定模型--从种群的平均密度和平均拥挤度判定，平均拥挤度m模型,,64be8e09-30ce-40c9-96a5-cb4cb6146132,"输入: N-总个体数(INT), xi-每个样方的个体数(INT) | 输出: m_-平均拥挤度(REAL)",,Mean Crowding (m) Model
98,953e4a9189000c9e377199e6a1cefc5b,七星瓢虫分布型的判定模型--从种群的平均密度和平均拥挤度判定，改进的Iawom-m模型,,7316422a-9731-41f6-a007-db8ad6b733a3,"输入: alpfa-基本集合度指数(REAL), bata-参数(REAL), gama-参数(REAL), delta-参数(REAL), m-参数(REAL) | 输出: m_-平均拥挤度(REAL)",,Improved Iwao M Model
99,3e4bcc125d91c4c7c0d1184fc0fc5b8f,三维立方体体元双线型插值公式,,a7383079-1764-4036-b0b1-2b733f1cd11a,"输入: Cijk-在立体空间内ijk处点邻近的8个点，其次序为C(i,j,k),C(i+1,j,k),C(i,j+1,k),C(i,j,k+1),C(i+1,j+1,k),C(i+1,j,k+1),C(i+1,j+1,k+1)(REAL_ARRAY) | 输出: double-插值结果(REAL)",,Trilinear Interpolation Formula For 3D Voxels
100,13dd4dacffa4f7eb938f9101cfade34e,三角形植被指数,,4bf1e5be-f8a1-4589-8e37-897402a7bd07,"输入: Rnir-近红外波段峰值(REAL), Rgreen-绿波段峰值(REAL), Rred-绿波段峰值(REAL) | 输出: Itv-三角形植被指数(REAL)",,Triangular Vegetation Index
101,b356c3ae498e77ee811ab04f628bd8a3,上升速度,,e910a5a5-792c-49bd-aa47-8393ba55033d,"输入: C-粘虫的飞翔力(REAL), B-为粘虫获得的抬升或下沉的附加力(REAL), Vp-常数(REAL), f-常数(REAL) | 输出: double-上升速度(REAL)",,Ascent Velocity
102,625a360e57e8354726012ea9dc61bbb2,上边界模型,,ae151e54-38dc-4d8f-ae72-b2b5908b1f81,"输入: r1-比例因子(REAL), delt_t-时间变化量(REAL), c-参数(REAL), P-热惯量(REAL), a-参数(REAL), u1-[in](REAL_ARRAY), u2-[in](REAL_ARRAY), j-参数(INT) | 输出: bool-是否符合(INT)",,Upper Boundary Model
103,bc0fa2c9e448a9db69e51f2bf6da86db,下边界模型,,ce27b461-9876-43db-a0da-f78031c83119,"输入: u-岩石表面绝对温度(REAL), T0-熔点(REAL) | 输出: bool-是否符合(INT)",,Lower Boundary Model
104,246fe674f112808954925efefe1d8c1e,不同放牧强度下成对群落的排序间距模型,,cbdbf319-3b55-46c4-8a9e-df2213a0948d,"输入: dx-x轴上群落间距(REAL), dy-y轴上群落间距(REAL) | 输出: D-排序间距(REAL)",,Rank Spacing Model For Paired Communities Under Grazing
105,690019e2fa3e6e2bdf862ad59c7a04e8,不同放牧强度下的植物群落的不吻合性差度值e(t)模型,,9b2b0893-7b72-4d24-9d30-eba488f589ca,"输入: Dai-群落a与所求群落间的相异系数(REAL), xi-植物群落沿x轴对群落a的距离x(REAL) | 输出: et-植物群落的不吻合性差度值(REAL)",,Community Discordance Measure e(t) Model Under Grazing
106,8e56ee5af38ec5c50b3fa92b91d6c545,不现植物群落种-多度分布模型,,7626245a-6001-48e2-bd38-75b8744bd384,"输入: S0-众数倍频程上种数的估计值(REAL), a-参数(REAL), R-第R个倍频程种(REAL) | 输出: SR-第R个倍频程种的数目(REAL)",,Species Abundance Distribution Model
107,e876a210eee6731f3733184e9102bf23,与不可解释的变异数有关的泰勒的局部非均衡系数,,84023117-64a0-449e-bfe6-e86478c4379b,"输入: est[]-从固定衰退模型得到的i点的估计值(REAL_ARRAY), Obs[]-i点观测值(REAL_ARRAY), SSPE-预订误差的平方和(REAL), n-观测点的数量(INT) | 输出: Ue-与不可解释的变异数有关的泰勒的局部非均衡系数(REAL)",,Taylor Local Unsystematic Inequality Coefficient
108,d93a602ac021223d9ba61a0f04502713,与固定模型的斜率(beta)和1:1线性关系有关的泰勒的局部非均衡系数,,83a4ad8a-d0f3-441d-8c12-8d25d358e9cf,"输入: beta-固定模型的斜率(REAL), Pre[]-i点预测值(REAL_ARRAY), PRE-预测值的平均数(REAL), SSPE-预订误差的平方和(REAL), n-观测点的数量(INT) | 输出: Ubeta1-与固定模型的斜率(beta)和1:1线性关系有关的泰勒的局部非均衡系数(REAL)",,Taylor Local Inequality Coefficient For Slope And 1:1 Line
109,a0b1b3ac33376bdee3f3541fe8c87eff,与观测值和预测值之间的平均差相关的泰勒的局部非均衡系数,,51c2bc83-4911-4f3c-80d7-7d46b7199ba7,"输入: n-观测点的数量(INT), OBS-观测值的平均数(REAL), PRE-预测值的平均数(REAL), SSPE-预订误差的平方和(REAL) | 输出: Ubias-与观测值和预测值之间的平均差相关的泰勒的局部非均衡系数(REAL)",,Taylor Local Bias Inequality Coefficient
110,b656fa10531f4a92a450870acef2bffd,东黄海秋季浮游动物优势种聚集强度模型--丛生指标I模型,,e02007da-14d1-4d9a-a9f3-3ebcc468e29d,"输入: S2-方差(REAL), X-某个种在站位分布的值(REAL) | 输出: I-丛生指标(REAL)",,"Zooplankton Clumping Index I Model (east Yellow Sea, Autumn)"
111,028e6cd391675caf03f474672404d604,东黄海秋季浮游动物优势种聚集强度模型--优势度Y模型,,cc51f76f-a1c5-4704-96cd-be78eaf80869,"输入: ni-第i个种出现的个体数(INT), fi-第i个种在各个站位出现的频率(REAL), N-出现的总个体数(INT) | 输出: Y-优势度(REAL)",,"Zooplankton Dominance Index Y Model (east Yellow Sea, Autumn)"
112,7c3d20bb73d4705e081229934f771a41,东黄海秋季浮游动物优势种聚集强度模型--平均拥挤度X_1模型,,6b2cb73d-533d-4039-a76f-123845c37067,"输入: S2-方差(REAL), X_-每个种在各站位分布的平均值(REAL) | 输出: X_1-平均拥挤度(REAL)",,"Zooplankton Mean Crowding X₁ Model (east Yellow Sea, Autumn)"
113,4cd6700e7485983074325287387fd5f0,东黄海秋季浮游动物优势种聚集强度模型--扩散指标I模型,,2abe66f6-4e8f-4ec4-b4fa-facae4ba636e,"输入: S2-方差(REAL), X_-每个种在各站位分布的平均值(REAL), N-该优势种的个体总数(REAL) | 输出: I-扩散指标(REAL)",,"Zooplankton Diffusion Index I Model (east Yellow Sea, Autumn)"
114,6a8a3cc57d54fad06112fdd59f9b4e45,东黄海秋季浮游动物优势种聚集强度模型--聚块性指标X_X模型,,9de3d287-295e-4583-8c08-4c33f6eb691e,"输入: S2-方差(REAL), X_-每个种在各站位分布的平均值(REAL) | 输出: X_X-聚块性指标(REAL)",,"Zooplankton Patchiness Index Xx Model (east Yellow Sea, Autumn)"
115,408b6977382ea485f32284e5c63f7e26,两个城市的基于能量成长模型,,79640796-f9a1-4697-95b8-a57b7bbf7e7e,"输入: F-不可再生能源的储量(REAL), Q1-大城市结构(REAL), Q2-小城市结构(REAL), E1-城市1从可再生资源中获得的最大能量流(REAL), E2-城市2从可再生资源中获得的最大能量流(REAL), J0-能源的探明值(REAL), J4-城市1消耗的可再生能量(REAL), J5-城市2消耗的可再生能量(REAL), J2-可再生资源的净增长(REAL), J9-可再生资源的净增长(REAL), J3-不可再生资源的净增长(REAL), J8-不可再生资源的净增长(REAL), J6-折旧(REAL), J7-折旧(REAL), K[]-长度为6的常数数组(REAL_ARRAY), a-幂指数(REAL), b-幂指数(REAL) | 输出: double-模型返回数值数组(NODE)",,Two-City Energy Growth Model
116,383f40d559c78a5f9336d02bd569a3cc,"两个物种混合种植时的竞争模型--两物种混合种植时,有第二个物种竞争导致的产量损失概率",,04cbcf40-9305-464b-a17b-fcbf80b27064,"输入: a-竞争系数(REAL), NB-收割时B植物的密度(REAL), NA-收割时A植物的密度(REAL) | 输出: l-有第二个物种竞争导致的产量损失概率(REAL)",,Two-Species Intercropping Yield Loss Probability Model
117,9d44fa7123f75d4e873fc4120f658112,"两个物种混合种植时的竞争模型--两物种混合种植时,每种植物的平均产量",,1c1c5f34-85a4-47fd-975d-29e4bf02e03e,"输入: wmA-A植物的平均产量(REAL), aA-A植物为获得产量wmA而需要的面积(REAL), NA-收割时A植物的密度(REAL), a-竞争系数(REAL), NB-收割时B植物的密度(REAL), b-种群的资源利用率(REAL) | 输出: wA-两个物种A和B混合种植时每棵植物A的平均产量(REAL)",,Two-Species Intercropping Mean Yield Model
118,f231cbba079ebb58d092bb00919a1d35,"两个物种混合种植时的竞争模型--两物种混合种植时,第二物种对第一物种死亡率的影响",,89a73e5b-5aa6-4d0f-9395-36d4199b3aa9,"输入: NiA-A植物的初始密度(REAL), mA-A植物自然稀疏后的最大可能密度的倒数(REAL), NiB-B植物的初始密度(REAL), rr-第二竞争系数(REAL) | 输出: default_N-NA(REAL)",,Two-Species Intercropping Mortality Effect Model
119,8028c16b03113852261e1ead1a6ea615,两个物种混合种植时的竞争模型--单一栽培时收割后存活的植物数量,,7bcb8fef-76c0-45ed-bc8f-087e3385a3ff,"输入: Ni-初始密度(REAL), m-自然稀疏后的最大可能密度的倒数(REAL) | 输出: N-收割后存活的植物数量(REAL)",,Monoculture Post-Harvest Survivors Model
120,154893f562d9b469dfe896c909b90cd6,两个物种混合种植时的竞争模型--单一栽培植物的平均产量,,64019fbc-f74c-4ed9-956a-dc4b423691d4,"输入: wm-单作植物的平均产量(REAL), N-收割时的植物密度(REAL), a-一种植物为获得产量wm而需要的面积(REAL), b-种群的资源利用率(REAL) | 输出: w-每种植物的平均产量(REAL)",,Monoculture Mean Yield Model
121,64ca403a8df57ea4c03e6c699fdc0ef6,两个物种生长的修正后的logistic方程,,f435c412-a6ca-411e-8f55-79759aebc3e1,"输入: r2-物种S2的内在生长率(REAL), N1-物种S1的个体数量(REAL), K2-物种S2的能力(REAL), N2-物种S2的个体数量(REAL), beta-参数，表示物种S1和S2之间的竞争(REAL) | 输出: dN2-两个物种生长的修正后的logistic方程(REAL)",,Modified Logistic Equation For Two-Species Growth
122,f88a08e19597548581cad67b068df1f0,两个群落的群落系数,,985194d1-e8ef-4c5b-a34f-3bafadcc5476,"输入: s1-分别是群落1和群落2中的物种数量(INT), s2-两个群落中公共物种的数量(INT), sc-参数(INT) | 输出: CC-两个群落的群落系数(REAL)",,Community Coefficient For Two Communities
123,91aa9194ade35b870ed606e51bf193d5,两面模型,,0720fdfd-d0ec-4028-b9a1-e1a493e4fe84,"输入: f-f介质1所占的比例(REAL), Pho1-介质1的反射率(REAL), Pho2-介质2的反射率(REAL) | 输出: TF-单位面积的平均反射率(REAL)",,Two-Surface Reflectance Model
124,d0e7e2ec6fca912260c1d158f9693c66,个体散布指数I,,ebcfdc01-5b57-47c4-8a53-64d1baa4baf4,"输入: N-样品数(INT), x-总个体数(INT), n-样品中的个体数(INT_ARRAY) | 输出: double-个体散布指数I(REAL)",,Individual Dispersion Index I
125,8b9327e15aaf90358d00eb447a7d5f47,中、小型土壤动物-生物量模型,,fe6ee60a-9154-4612-a684-d22ee37e43d6,"输入: W-体形相似种的湿重(REAL), a1-所求种的体长(REAL), b1-所求种的体宽(REAL), a-种的体长(REAL), b-种的体宽(REAL) | 输出: W1-所求种的湿重(REAL)",,Soil Mesofauna Biomass Model
126,0c2976edfb3a2abf6e8cb458af33623b,中心在z=zj的第j个圆柱体的并向量散射振幅,,f49e79ed-1a21-46df-915d-92cf92902847,"输入: fj-中心在z=0的圆柱体的并向量散射振幅(REAL), i-参数(REAL), k0-参数(REAL), zj-参数(REAL) | 输出: double-中心在原点的第j个圆柱体的并向量散射振幅(REAL)",,Copolarized Scattering Amplitude For Jth Cylinder At Z=zj
127,cb62f777848ade56f7d813eaa6f3c118,中肋骨条藻对磷吸收的计算方程,,74ac4a01-7b0c-48c4-8264-eb3e62697ca8,"输入: Vm-最大吸收速度(REAL), S-水体的营养盐浓度(REAL), Ks-Vm/2时营养盐的浓度(REAL) | 输出: double-吸收速度(REAL)",,Phosphate Uptake Equation For Diatoms
128,5512e921bd19f0d37bb0b206c32d5c2b,主成分分析,,acd9fb75-13c8-4776-b552-54b0aef92a40,"输入: A-参数(REAL), B-参数(REAL), C-参数(REAL), beta0-参数(REAL), beta1-参数(REAL), beta2-参数(REAL), gama0-参数(REAL), gama1-参数(REAL), gama2-参数(REAL), AVHRR1-参数(REAL), AVHRR2-参数(REAL) | 输出: MSS-各波段数值(NODE)",,Principal Component Analysis
129,f60a18d28e6bef4bc3924a3e1a6da70b,主要和次要产品方程,,134b73c0-48ee-4e6d-ac40-32e3388b5543,"输入: Vmax-基于地区最大可能主要产品标准(REAL), Kt-依赖于时间的植物生境特征指数(REAL), RCt-植被覆盖度相关的土壤湿润指数(REAL) | 输出: Vt-在t时刻单位面积上的主要产品比率(REAL)",,Primary And Secondary Production Equation
130,b1779ced3c229027cbe009b668eb87d6,主要水分渗透和综合抗干旱指数--渗透势模型,,1cb1396a-ecd0-4507-9e19-e043ea3e237d,"输入: V-溶液体积(REAL), R-参数(REAL), T-绝对温度(REAL), Ns-溶液的渗透有效物质的克分子浓度(REAL) | 输出: Ws-渗透势(REAL)",,Osmotic Potential Model
131,b92c45de07dc46e7839e41eec2e13f24,主要水分渗透和综合抗干旱指数--综合抗旱指数DI模型,,5cf9abd5-e9a5-4c14-ab1a-ada13f4930dc,"输入: P-每一种水分参数各种源的测定值(REAL), P0-诸种源中该水分参数在各次测定中绝对值最大者(REAL), n-参数(INT) | 输出: DI-综合抗旱指数(REAL)",,Comprehensive Drought Resistance Index (DI) Model
132,71d7d256ff555e17bf9e957d3a67fb4c,乡村性指数计算模型,,f61eac6e-f702-47b2-b7f2-6e7cb7fc6edf,"输入: Est[]-t年份s区域城镇特征的指标值(REAL_ARRAY), E0t[]-t年份s区域城镇特征的标准值(REAL_ARRAY), n-指标个数(INT) | 输出: double-t年份s区乡村性指数(REAL)",,Rurality Index Model
133,43135602074178fe94ea2fa70dd5bb0e,乳胶在曝光区段密度S模型,,18050a46-07d5-421c-af4f-467f3f2a300c,"输入: gama-常数(REAL), Hi-Hi曝光量(REAL), aa-成像照度(REAL), EEresult-曝光时间(REAL), tt-直线延长线与横轴交角的正切(REAL) | 输出: SS-区段密度(REAL)",,Emulsion Density S In Exposure Zone Model
134,ebe250b7abbcf77ab1f0db8b22558104,二向反射分布函数模型,,476b4e1f-2728-493e-a184-decccebcdf45,"输入: Fi-辐射通量密度(REAL), r1-二向反射分布函数(REAL), theti-天顶角(REAL) | 输出: Ir-反射辐射(REAL)",,Bidirectional Reflectance Distribution Function Model
135,ee3cba14e946b831f0b697c23ae8f4ad,二次样条函数,,b9a59a68-7a25-4b83-8c03-83723987c7af,"输入: a0-未知参数(REAL), a1-未知参数(REAL), a2-未知参数(REAL), d-未知参数(REAL), b-未知参数(REAL_ARRAY), ksi-未知参数(REAL_ARRAY), n-未知参数(INT) | 输出: double-未知参数(REAL)",,Quadratic Spline Function
136,0ce358ffc4c6c2f86cb1b7eebaf4f0e0,二氧化碳生态系统净流量,,38a2d28c-0723-4c7d-8cf6-d8faadcef55a,"输入: Feddy-二氧化碳的旋转流量(REAL), Fdeltas-与二氧化碳储量变化相关的流量(REAL) | 输出: FCO2-二氧化碳生态系统净流量(REAL)",,Ecosystem Net CO2 Flux
137,ba6040bbb41497f74c0eb227c69e4da0,云影中水体的识别模型,,47110be2-7668-408d-8700-75cfc47e8b0a,"输入: Ai-第i通道地物反射率(REAL), Ei-第i通道地物接收到的辐射能量(REAL), Pi-第i通道大气程辐射(REAL) | 输出: Si-第i通道传感器接收到的值(REAL)",,Waterbody Identification Model In Cloud Shadow
138,48d11f05fdcb14dfa85140fdadf31bec,云覆盖下水体的识别模型,,748ce980-6774-4efe-9131-e2be20cd53de,"输入: Ci-第i通道来自云的那部分信息(REAL), Gi-第i通道来自云下地表信息(REAL), Pi-第i通道大气程辐射(REAL) | 输出: Si-第i通道传感器接收到的值(REAL)",,Waterbody Identification Model Under Cloud Cover
139,568a8d957d19aa1759ce9448f93d96cc,互补相关方程,,5d60e594-7c5a-4858-bfd6-313caedf3cf8,"输入: p-潜在蒸发(REAL), Ep0-整个区域充满湿润情况下的蒸散发量(REAL) | 输出: double-实际蒸散量(REAL)",,Complementary Relationship Equation
140,168ddc04a840e8b9799f5de689eadc01,产量,,c5611a30-8e48-4c09-88ed-eb79ddb6996e,"输入: Yt-产量的时间趋势项(REAL), Yw-Yw产量的波动项(REAL) | 输出: Y-产量(REAL)",,Yield
141,ff474937f8a03d026ca8b417aa374963,产量-密度关系,,52e21118-dec3-4e91-bb4e-3adc1561c743,"输入: A-生物学函数(REAL), B-生物学函数(REAL), D-种群密度(REAL) | 输出: Wtheta-产量-密度关系(REAL)",,Yield-Density Relationship
142,c55a3e6a1248a102d4888aad78a23688,亮度值转换模型,,6b4a69ed-71f4-4f45-a37c-7bc1c1689863,"输入: thetv-视线天顶角(REAL), phi-视线与太阳直射光线之间的相对方位角(REAL), theto-太阳天顶角(REAL), B0-B0(REAL), B1-B1(REAL), B2-B2(REAL), L0-转换到垂直视状态下的亮度值(REAL) | 输出: L-传感器斜视条件下测得的亮度值(REAL)",,Brightness Value Conversion Model
143,116deacdee0b5beb93be3f2671c8363a,亮度系数R模型,,84efe6f4-2bf3-4d20-8206-66d7da06866e,"输入: b-物体表面亮度(REAL), abswhite-绝对理想的白板表面亮度(REAL) | 输出: R-亮度系数(REAL)",,Brightness Coefficient R Model
144,2d47f2219d6388321552bc87bb3276aa,人口总数估计模型,,52b45a16-762f-40ac-a7bd-089dbc25d494,"输入: S[]-住宅面积(REAL_ARRAY), D[]-人口密度(REAL_ARRAY), n-住宅类型数(REAL) | 输出: double-估计人口总数(REAL)",,Total Population Estimation Model
145,f5243ebf59ac82c94ca9de4d215ad73f,人员伤亡计算,,c698b2a2-6922-47cd-9276-e121f3e4686c,"输入: Death-死亡人数(REAL), Serious-重伤人数(REAL), Sight-轻伤人数(REAL), casual-受伤人数(REAL) | 输出: double-人员伤亡(REAL)",,Casualty Calculation
146,c3ac11488c4068e6eb186bdb16b0fb04,人均生态承载力,,45255281-ca6c-4c2d-b690-31cfabb7a5a4,"输入: aj-人均生物生产面积(REAL), rj-均衡因子(REAL), yj-产量因子(REAL) | 输出: double-人均生态承载力（hm2.人-1）(REAL)",,Per Capita Ecological Carrying Capacity
147,d0add156c25337833b2d5f47e8c71155,人均生态足迹,,c8fbf11d-a447-40d6-af2f-e762988e4d6d,"输入: P-消费项目的年生产量(REAL_ARRAY), I-消费项目年进口量(REAL_ARRAY), E-消费品项目年出口量(REAL_ARRAY), Y-生物生产上地生产消费项目的年（世界）平均产量（kg.hm-2)(REAL_ARRAY), N-人口数(REAL), R-参数(REAL_ARRAY), i-参数(INT) | 输出: double-人均生态足迹（hm2.人-1）(REAL)",,Per Capita Ecological Footprint
148,f7db4c34874430f271a8b3814c0fb915,人工林水量平衡的计算方程,,10703488-23eb-44f6-9afc-5e957fc4febb,"输入: Q1-地表径流(REAL), Q2-地中径流(REAL), Pi-深层入渗量(REAL), E1-地表的物理蒸发(REAL), E2-地表的物理蒸腾(REAL), S-乔灌木根系的吸水量(REAL), deltaW1-土壤储水量的变化(REAL), deltaM-订正值(REAL) | 输出: Gammaf+Qf-林水量平衡的计算方程(REAL)",,Plantation Forest Water Balance Equation
149,7e96ac4def3fc96f4fb7f7b489ba7672,人工阴影处理——曲面上各个面元（向元）cosr的值,,7207103c-eada-4be3-9949-bef95e585f97,"输入: the-未知参数(REAL), fai-未知参数(REAL), p-曲面X方向梯度(REAL), q-曲面Y方向梯度(REAL) | 输出: double-曲面上各个面元（向元）cosr的值(REAL)",,Artificial Shading Cosr For Surface Facets
150,7ec9d0cffd590b10430aacdc6f947d52,人类活动影响径流的强度指标计算公式,,d0df3283-283a-4751-a03e-37bf4b0bd416,"输入: Qn-经还原计算后的天然径流量(REAL), Qm-人类活动影响的径流量(REAL) | 输出: double-人类活动影响径流的强度指标(REAL)",,Runoff Impact Intensity Index Of Human Activities Formula
151,3804ea02c8b8fb3916cbedaea903846e,以23H为界面，冠层上下两部分的净辐射随高度变化模型,,42719149-346a-4016-83be-9c9fd4eab62d,"输入: B0-地面处的净辐射(REAL), B2_3H-2/3H处的净辐射(REAL), k1-分别为冠层上下两部分的经验系数(REAL), K2-参数(REAL), z-所求高度(REAL), h-冠层顶高(REAL), H-参数(REAL) | 输出: Bz-以2/3H为界面，冠层上下两部分的净辐射(REAL)",,Canopy Net Radiation Profile Model (2/3H Interface)
152,1d6fce360cc4c79836ce10eb28d3d4de,以价值形态表示的资源评价指标计算公式,,34710921-dc51-4000-ba08-8fa7860e778a,"输入: P_z-资源开发利用可能创造的总价值(REAL), D_z-资源开发利用需要的全部费用(REAL) | 输出: double-以价值形态表示的资源评价指标计算公式(REAL)",,Value-Based Resource Evaluation Formula
153,814733987088169926204f486048aeee,以密度为计算基础的相似性指数,,50cb0bef-335e-4d72-ae97-2168c857bae1,"输入: Da-限定在阳坡群落中物种数量(REAL), Db-限定在阴坡群落中物种数量(REAL), Dc-两个群落共有种数目(REAL) | 输出: ISD-以密度为计算基础的相似性指数(REAL)",,Density-Based Similarity Index
154,ab6f4c37e852a9e5fc4396209af2a0b9,以相对盖度为计算基础的相似性指数,,137ffc06-1320-43c1-af9a-7d98ed7d9a23,"输入: Ca-限定在阳坡群落中相对盖度的总和(REAL), Cb-限定在阴坡群落中相对盖度的总和(REAL), Cc-两个群落相对盖度(REAL) | 输出: ISRC-以相对盖度为计算基础的相似性指数(REAL)",,Relative Cover-Based Similarity Index
155,5180aff0097d96eaa5c51547dd4b4bd7,以相对重要值为计算基础的相似性指数,,4248532e-a3a9-447d-a260-be93d0c87cdd,"输入: IVa-限定在阳坡群落中相对重要值的总和(REAL), IVb-限定在阴坡群落中相对重要值的总和(REAL), IVc-两个群落相对重要值(REAL) | 输出: ISRIV-以相对重要值为计算基础的相似性指数(REAL)",,Relative Importance Value Similarity Index
156,73733cae6c271373965d4d9ff0ada175,仪器记录的信号强度模型,,02ecbaef-1594-49d2-81bf-c31bfa6241b4,"输入: V0-中间变量(REAL), FF-中间变量(REAL), sigam-NO2的吸收截面(REAL), NN-单位面积内垂直气柱中NO2的总含量(REAL), mm-大气质量(REAL) | 输出: VV-仪器记录的信号强度模型(REAL)",,Instrument-Recorded Signal Intensity Model
157,56fb76b76f84ecb44dc3d3ed5ece2187,任一层次的净辐射模型,,8fbfe7e4-63ca-43bd-b9a3-7cd5a4eca43e,"输入: BH-冠层顶部的净辐射(REAL), k-净辐射的消光系数(REAL), Aj-第j层及其以上的叶面积指数(INT) | 输出: Bj-第j层的净辐射(REAL)",,Layer Net Radiation Model
158,ff91480b0240986bd1f98e9dcabe6d2b,任意时刻从土壤中进入植株硒数量模型,,a468454b-3c2a-43cc-a707-0432163a59b5,输入: t-时刻t(REAL) | 输出: double-植株中硒数量(REAL),,Plant Selenium Uptake Over Time Model
159,92205ecb4cca4d1d042dbb951456d196,优势度指数(d)模型,,9b1e1516-83b3-4502-958f-b59a99b64639,"输入: Nmax-群落中最多个体种的个体数(REAL), N-所有种的个体总数(REAL) | 输出: D-优势度(REAL)",,Dominance Index (d) Model
160,60ec94ce2389d88835bb45854c6e47a7,优势度指数I模型,,38540359-8bb4-4e73-b60d-5da96aef6b34,"输入: ni-i物种的数量(REAL), N-全部种的种群数量(REAL) | 输出: double-优势度指数(REAL)",,Dominance Index I Model
161,1c216e9fa9abf5d682472fcc2adf9230,优势度集中指数C模型,,a1259b26-f1b5-447d-a620-61e2dce9bb36,"输入: n[]-物种的数量(REAL_ARRAY), N-全部种的种群数量(REAL) | 输出: double-优势度集中指数C模型(REAL)",,Dominance Concentration Index C Model
162,33cdf17b09e23c8e3ed7e610ea7f7483,优势植物种群竞争模型--竞争系数,,e94efe02-63a2-4bdf-9896-c16849020caf,"输入: Pn-为种i在n个群落中的相对优势度(REAL_ARRAY), n-群落的个数(INT) | 输出: aij-竞争系数(REAL)",,Dominant Plant Competition Coefficient Model
163,8d66d5cdb7ff1cc19294163d900a9f1c,优势种生物量及第一性生产力模型--光合速率模型,,1d04f922-034b-4387-8a91-ecfd86f8515c,"输入: C-为叶室或呼吸装置内外气体CO2的浓度差(REAL), V-为开放式叶室或呼吸装置内的气体流量，或封闭式叶室和管道的容积(REAL), A-为叶面积(REAL), P-为大气压(REAL), T-为叶室或呼吸装置内的温度(REAL) | 输出: Fn-为净光合作用速率(REAL)",,Dominant Species Photosynthetic Rate Model
164,1cf796a2bd4c08531badbd7de9d562a7,优势种生物量及第一性生产力模型--净第一性生产力NPP模型,,f93bde19-a563-4bca-83fb-e6b04486491c,"输入: Fn-为净光合作用速率(REAL), T-为总光合时间(REAL), S1-为叶面积(REAL), R1-为呼吸作用速率(REAL), W-为呼吸器官干重(REAL) | 输出: NPP-净第一性生产力(REAL)",,Net Primary Productivity (NPP) Model
165,67b07e6c60447565b339b2a54456c35e,优势种生物量及第一性生产力模型--呼吸速率模型,,d0fba775-724d-46cd-b790-0c2ef3bdee85,"输入: C-为叶室或呼吸装置内外气体CO2的浓度差(REAL), V-为开放式叶室或呼吸装置内的气体流量，或封闭式叶室和管道的容积(REAL), P-为大气压(REAL), T-为叶室或呼吸装置内的温度(REAL), gWD-为呼吸器官的干重(REAL) | 输出: R1-为呼吸作用速率(REAL)",,Respiration Rate Model
166,8c8b1abb97bef9435d3ae0544c1ab0de,估计概率,,8df8cb9a-d6dc-4612-8b6e-5b3cc059cba2,"输入: lambda-瞬时出生率(INT), mu-瞬时死亡率(REAL), K1-竞争者承载力(REAL), K2-物种的承载力(REAL), alpha21-竞争的强度(REAL) | 输出: Pe-估计概率(REAL)",,Estimated Probability Model
167,8f7f09c4cde14471d6534a46beff843b,估计甘蔗产量的组合模型,,2dc7ba51-a056-44d9-b93a-77b770da8e93,"输入: a0-回归参数0(REAL), a1-回归参数1(REAL), a2-回归参数2(REAL), Irv-比例植被指数(REAL), Ye-估计产量(REAL) | 输出: double-估计甘蔗产量的组合模型(REAL)",,Sugarcane Yield Estimation Composite Model
168,9ccf6ade9d15a1d13e4f2a2b55a38324,估计误差模型,,30802427-7359-478e-9022-40332ebae06a,"输入: P-统计人口(REAL), Px-估计人口(REAL) | 输出: double-估计误差模型(REAL)",,Estimation Error Model
169,a5e4b492ca3747f65d12361ede8f048d,估计过火与非过火类别之间的可区分性,,0de90c0c-f1e0-468d-ab46-a433457bedd1,"输入: u1-过火类别信号的平均值(REAL), u2-非过火类别信号的平均值(REAL), sig1-过火类别信号的标准偏差(REAL), sig2-非过火类别信号的标准偏差(REAL) | 输出: double-估计过火与非过火类别之间的可区分性(REAL)",,Burned-Unburned Class Separability Estimate
170,232944f2941153d4f4436d9618cabaf0,位于淮河流域中游的洪泽湖COD的变化,,45cd955c-7603-4d0a-b5ac-6e8590427189,"输入: x1-流域范围内人口的变化（万人）(REAL), x2-流域范围内工业产值的变化（亿元）(REAL), x4-水域中的水位的变化（m）(REAL) | 输出: double-水域中污染（COD）浓度的变化（mg/L）(REAL)",,Hongze Lake COD Change Model
171,fc7fa1caf348c0179812c6dd4d379e69,位于长江中游的洞庭湖水COD的变化模式,,9813f34a-4b5b-4c6b-b7ae-23aa7a44151b,"输入: x1-流域范围内人口的变化（万人）(REAL), x2-流域范围内工业产值的变化（亿元）(REAL), x4-水域中的水位的变化（m）(REAL) | 输出: double-水域中污染（COD）浓度的变化（mg/L）(REAL)",,Dongting Lake COD Change Model
172,ebc478521e18f83325d6400fed8e90e1,作物绿度的计算模型,,63abd762-3701-4f56-84b1-cdabd1cb67b5,"输入: rou-时间为t的土壤绿度(REAL), t0-发芽时间(REAL), alpha-特定的作物及环境条件相对应的常数(REAL), beta-特定的作物及环境条件相对应的常数(REAL), t-时间(REAL) | 输出: double-作物在时间t时的绿度(REAL)",,Crop Greenness Model
173,8d18a86a0d0a66f0c9ea8e8d9084992b,使用标准化的草料比率,,583baa4f-1989-4b54-99e3-67d2403808f1,"输入: ri-在捕食者的食物中被捕食者的相对丰富度(REAL), Pi-生态系统中被捕食者的相对丰富度(REAL), r[]-在捕食者j的食物中被捕食者的相对丰富度(REAL_ARRAY), P[]-生态系统中被捕食者j的相对丰富度(REAL_ARRAY), n-个体数(INT) | 输出: Si-使用标准化的草料比率(REAL)",,Standardized Forage Ratio
174,7138ec852b64d03e9142c653b403169c,供水条件因子,,e4534dec-9f23-4458-b20c-d0116fd86249,"输入: a0-开源条件(REAL), W-可供水量(REAL) | 输出: double-供水条件因子(REAL)",,Water Supply Condition Factor
175,98556004b5cfb54e7237fc35c835dc9a,修正土壤校正植被指数,,c1fd15fd-b9b7-437e-babd-5a91049789f0,"输入: Rni-近红外波段反射率(REAL), R-红光波段反射率(REAL), Indv-标准植被差异指数(REAL), Iwdv-植被指数(REAL), a-土壤的坡度(REAL) | 输出: Imsav-修正土壤校正植被指数(REAL)",,Modified Soil-Adjusted Vegetation Index
176,97570bc02273e963aaac9cf36355d0e0,修正的土壤校正植被指数（IMSAV）,,724be5f3-44a6-4ee1-85bd-759b6be7d7a3,"输入: RhoNIR-红外波段反射率(REAL), Rhored-红波段反射率(REAL), Lresult-土壤校正因子(REAL) | 输出: IMSAV-修正的土壤校正植被指数(REAL)",,Modified Soil-Adjusted Vegetation Index (imsav)
177,5a171b50de36af96ada8b55b78ccce39,修正的无机溶解氮变化模型,,ff38a2d5-0978-4fa5-a522-416f1b5c1499,"输入: G-总的溶解无机氮负荷(REAL), e-比例常数(REAL), Ix-浮游动物死亡参数(REAL), fm-浮游动物生物量(REAL), mZ-动物的采食函数变化(REAL), Z-浮游动物总的生长率(REAL), n-参数(INT), P-浮游植物(REAL), muPI-浮游植物生长率(REAL), N-无机溶解氮(REAL), KN-氮的浮游植物生长半饱和浓度(REAL) | 输出: dN_dt-无机溶解氮关于时间的变化率(REAL)",,Modified Dissolved Inorganic Nitrogen Dynamics Model
178,1be998d77d678fc88a88f8c985b7ce42,修正的浮游生物变化模型,,ceda4f2a-86c6-4493-835b-b0fabd0df426,"输入: G-浮游植物生长率(REAL), Z-无机溶解氮(REAL), P-浮游植物(REAL), muPI-氮的浮游植物生长半饱和浓度(REAL), N-动物的采食函数变化(REAL), KN-浮游动物的生物量(REAL), mP-浮游植物的自然死亡率(REAL) | 输出: dP_dt-浮游生物关于时间的变化率(REAL)",,Modified Plankton Dynamics Model
179,93481c0c2b37bc1ab281360a7353d3bf,倒置高斯模型,,5072a631-7cf0-4ebe-b991-3f964e199674,"输入: Rsg-红外肩反射率(REAL), Rog-红光区最低反射率(REAL), lambda-波长(REAL), lambdaog-为Rog对应的波长(REAL), qq-模型曲线拐点波长与Rog对应的波长之差(REAL) | 输出: Rlambda-倒置高斯模型值(REAL)",,Inverted Gaussian Model
180,01800feb55ec7fb42982629953ab4b85,偏差模型,,7cdf3b51-2342-4454-abbb-d18142ac8d4e,"输入: t[]-开始到第i次采样时的月数(INT_ARRAY), n[]-为第i次采样时某类群的个体数(INT_ARRAY), N-某类群个体总数(INT), S-类群数(INT), M-演体指数(REAL) | 输出: Sd-偏差(REAL)",,Bias Model
181,c1de45e24e7520267e6d613285d5813c,偏态模型,,3527e001-d90d-45ed-86e8-417a8f2b0c71,"输入: n-该样品所有粒径组分的数目(INT), P-样品中粒径为Xi的组分出现的频率(REAL_ARRAY), X-粒径xi(REAL_ARRAY) | 输出: double-偏态(REAL)",,Skewness Model
182,94d3316c65ddea2fa0b9b8cc1e2619ac,先进的Verhulst-Pearllogistic模型,,5ac6e2b2-5bc8-499e-885a-2d3fd08c2630,"输入: rm-固有生长率(INT), R-有效资源的浓度(INT), Rmin-资源的最小剩余浓度(INT), Ropt-物种的最佳资源浓度的集合(INT), N-物种个体数量(INT) | 输出: dN_dt-个体数量关于时间的变化率(REAL)",,Advanced Verhulst-Pearl Logistic Model
183,055cb751977f16ff4e02800ba3aa63d7,光合效率模型,,c8529efd-f61b-4f4f-bdfa-085f41fa5c08,"输入: CO2-树叶向大气扩散CO2的斜率(REAL), Cc-树冠对水的平均气孔通导率(REAL), Cm-树冠CO2叶肉通导率(REAL), Ila-叶面积指数(REAL), Lday-光合作用活动昼夜长(REAL) | 输出: double-树冠光合作用效率(REAL)",,Photosynthetic Efficiency Model
184,bd49a4be526dd06cfe48ddfeb1326688,光合潜力Pf指数,,768a98d8-50a6-403d-a39a-a1834363314c,"输入: C-能量转换系数(REAL), F-光能利用率(REAL), E-经济系数(REAL), Q-太阳总辐射(REAL) | 输出: Pf-光合潜力指数(REAL)",,Photosynthetic Potential Pf Index
185,5382c83ba8b811779a50417a381059e5,光合生产力Y指数,,c61fcc8a-8955-475b-b4c7-2ebe427dc4fc,"输入: K-能量换算为产量的系数(REAL), E-生长盛期理论最大光能利用率(REAL), q[]-作物生育期间的太阳总辐射能(REAL_ARRAY), l[]-叶面积指数(REAL_ARRAY), t[]-实际温度(REAL_ARRAY), T-光合作用最适温度(REAL), L-理想群体最大叶面积指数(REAL), n-生育期间阶段个数(REAL) | 输出: double-光合生产力指数(REAL)",,Photosynthetic Productivity Y Index
186,bd720a62f4135ee8acb9c4cab3e98b4c,光线衰减系数和叶面积指数之间的关系,,6ec447ba-e0a8-457e-9b5c-d741915d20e4,输入: Ila-叶面积指数(REAL) | 输出: double-光线衰减系数(REAL),,Light Extinction Coefficient-Lai Relationship
187,104ea2a1a4555570797907ba382531e3,光能利用率的波动指数模型,,39d0eb3a-5fb9-43e0-8099-f172d9417e7d,"输入: S-实际光能利用率(REAL), S0-光能利用率趋势值(REAL) | 输出: ST-光能利用率的波动指数(REAL)",,Light Use Efficiency Fluctuation Index Model
188,8c4d53025621ae8233eca359e8de2e8e,光谱仪入射狭缝上瞬间视场接收的对应波长的辐通量模型,,6a61127c-6fdd-4eef-b460-13d36eec27e1,"输入: tao-光学系统光谱透过率(REAL), taof-常数(REAL), taoa-光谱透过率(REAL), ww-常数(REAL), dd-常数(REAL), ff-焦距(REAL), DD-孔径(REAL), EE-能量值(REAL), Rho-常数(REAL), La-目标-遥感器路径大气散射的上行光谱辐亮度(REAL) | 输出: Phi-辐通量(REAL)",,Spectrometer Slit Incident Spectral Flux Model
189,d234a53f3639adffba622b20f4dab952,入射长波辐射,,5aaa5b5b-0d2e-47d7-8b16-5d257235acf3,"输入: type-公式名称的选择(INT), sig-StefanBoltzman常数(REAL), Ta-空气温度(REAL), e0-未知参数(REAL) | 输出: double-入射长波辐射(REAL)",,Incoming Longwave Radiation
190,724511571b3ead0ab8ac44d22c204ad3,全系统的生物生产力,,403ce2ba-9c80-40dc-8d9a-548ebd153bee,"输入: X-[in](REAL_ARRAY), S-[in](REAL_ARRAY), m-数目(REAL) | 输出: P-全系统的生物生产力(REAL)",,Whole-System Biological Productivity
191,e17a6c7ef61d9c8831c9703a2a6bf9dc,关于T的绿色部分的投影面积,,92a84924-b270-47c5-9bb7-cedcc0c7256f,"输入: a-参数(REAL), b-从生长季开始的天数(REAL), c-参数(REAL), d-参数(REAL), T-参数(REAL) | 输出: zT-关于T的绿色部分的投影面积(REAL)",,Green Projected Area As Function Of T
192,27ba98a268da19671f33cf5679620d2a,关于时间的植物地上生物量模型,,0af5edc3-b8c7-4e5e-ba22-ac2d64c6d88d,"输入: ap-参数(REAL), bp-从生长季开始的天数(REAL), cp-参数(REAL), dp-参数(REAL), T-参数(REAL) | 输出: yT-关于时间的植物地上生物量(REAL)",,Aboveground Biomass Over Time Model
193,70648b318915b289a615a2ec9a921803,关于潜热通量、显热通量、及光合作用率估计的半经验性模型,,5e4d4bda-b5c0-479d-b1f0-2c91013c577b,"输入: Rnd-日净辐射(REAL), A1-经验系数(REAL), B1-经验系数(REAL), Ts14h-14h当地太阳时间的辐射表面温度(REAL), Tax-日最高气温(REAL) | 输出: double-日潜热通量(REAL)",,Semi-Empirical Daily Latent Heat Flux Model
194,22e5dfa60a625f700c49769fb0c67a08,关联指数,,f2bb6e37-cf93-4997-9a52-b26ebb1ea79e,"输入: St-总种数方差(REAL), Ot-总体样本方差(REAL) | 输出: double-全部物种的关朕指数(REAL)",,Association Index
195,0a6d73145e833cad6c51918e1e45a188,具有自调节性的L函数,,0dc3592b-f46b-4603-ac89-e19753c23e2a,"输入: rr-基本土壤线参数(REAL), INDV-标准差植被指数(REAL), IWDV-加权差植被指数(REAL) | 输出: Lmodel-土壤校正因子(REAL)",,Self-Regulating L Function
196,5db44a61d2fd439e697e2077c7485bc9,再归一化植被指数,,255da3af-cf40-46b2-898a-50f4de108bcf,"输入: TM4-TM4反射率(REAL), TM3-TM3反射率(REAL) | 输出: RDVI-再归一化植被指数(REAL)",,Renormalized Difference Vegetation Index (rdvi)
197,e3b1934debcf453b6913708afa83a7c8,农业气象中衡量水分胁迫状况的简单方法,,64fb1289-4b06-409b-a1a3-5023e1efbe55,输入: r_-r_归一化日胁迫度归一化胁迫度(REAL) | 输出: double-农业气象中衡量水分胁迫状况(REAL),,Simple Agricultural Water Stress Metric
198,6e024b7f066b16a38f4a81b3163d6a9e,农业水循环价值公式,,2f392bc9-db8c-4df4-b7b0-f913556c82c1,"输入: a-调整系数(REAL), W_1-农业年总用水量(REAL), W_2-农业年总排水量(REAL), P_w-当地农业水资源价格(REAL), S_a-农业用地面积(REAL) | 输出: double-农业水循环价值(REAL)",,Agricultural Water Cycle Value Formula
199,02e20c37fb7300942acfaafca8d55454,农作物判别的曲线模型,,5a5a0df4-6070-41ce-af6e-35944bc160e9,"输入: rou-农作物绿度最小值(REAL), roum-农作物绿度最大值(REAL), t0-农作物出土时间(REAL), alpha-特定的作物及环境条件相对应的常数(REAL), beta-特定的作物及环境条件相对应的常数(REAL), t-时间(REAL) | 输出: double-农作物的绿度(REAL)",,Crop Discrimination Curve Model
200,0fc10e4c2f9ca9458e70a18e44f52597,农作物大气中吸收CO2,,9255d3a8-7bc7-47bd-a638-31221c4abde0,"输入: delta-未知参数(REAL), ra-大气阻尼(REAL), rd-由于干燥的顶层而附加的阻尼(REAL), rm-CO2在气孔与光合作用位置间扩散时的叶肉阻尼(REAL) | 输出: double-农作物大气中吸收CO2(REAL)",,Crop Atmospheric CO2 Uptake Model
201,f8e0711525c72b1e99843a36b105eb82,农作物系数,,ff43b009-bfea-4f06-8674-a4c9479db4f9,"输入: E-总蒸发量(REAL), Er-参照蒸发量(REAL) | 输出: Kc-农作物系数(REAL)",,Crop Coefficient
202,3d977892407b0f5dc6d2fa6f4e16f8dd,农田中杂草的生态位宽度B模型,,4000e861-203e-4b78-a047-be41421e37a1,"输入: s-样点数(INT), IV[]-杂草在样点中的重要值(REAL_ARRAY) | 输出: double-农田中杂草的生态位宽度值(REAL)",,Weed Niche Breadth B Model
203,995267b59866cab64a73e3880f02ba48,农田初级生产者呼吸量R模型,,28a63057-6b97-4aa0-9de5-92abed21ea42,"输入: alpha-氧卡系数(REAL), W-棉株重量(REAL), deltaw_deltat-单位时间内棉株重量的变化(REAL), a-棉株的呼吸常数(REAL), b-参数(REAL) | 输出: R-农田初级生产者呼吸量(REAL)",,Primary Producer Respiration R Model
204,5debf3a17cbf7f73e29abee4f635a6f0,农田土壤水量平衡模型,,05b9a270-6a72-493c-9e1e-ee97263211a4,"输入: Sw_1-计算时段开始的土壤含水量(REAL), Ir-计算时段内的灌溉水量(REAL), P-计算时段内的降水量(REAL), ET-计算时段内的蒸散发量(REAL), R-计算时段内的径流量(REAL), DR-计算时段内的测向排水量(REAL) | 输出: double-农田土壤水量平衡(REAL)",,Farmland Soil Water Balance Model
205,c0d845eaab14229677c859ac534fe948,农田土壤流失量模型,,eddb0afe-e84e-456b-99fa-0befced9c200,输入: P-6~8月降水量（mm）(REAL) | 输出: W-年土壤流失量(1×10000t)(REAL),,Farmland Soil Loss Model
206,8d4dc198d7f59c10187021efbfcaecd4,冠层BRDF模型,,3eff34c2-7ec6-4aff-ba4a-0f3d5341eac6,"输入: c0-线性参数(REAL), c1-线性参数(REAL), k-函数核(REAL) | 输出: r1-二向反射分布函数参数(REAL)",,Canopy BRDF Model
207,18888ac47f306c7b6bfed76155dbe35e,冠层反射系数,,a9579c14-4b15-4267-99e6-09f0164815f0,"输入: gam-湿度计常数(REAL), es-在地表温度时的饱和水蒸气压(REAL), ea-空气中的水蒸气压(REAL), ra-显热和潜热通量的空气动力学阻力(REAL), rou-潮湿空气的密度(REAL), cp-定压热容量(REAL), Rn-净辐射(REAL), H-显热通量(REAL), G-地面热通量(REAL) | 输出: double-反射系数(REAL)",,Canopy Reflectance Coefficient
208,5c960e350fb473d8c25db3caf2bb1ca4,冠层反射系数CR计算模型,,ca7adbed-7f2a-4cc6-9e33-590d190aa70c,"输入: thetv-视顶角(REAL), phis-太阳方位角(REAL), phiv-视方位角(REAL), phir-行方位角(REAL), a-依赖于太阳方向和冠层参数的常数(REAL), b-依赖于太阳方向和冠层参数的常数(REAL), c-依赖于太阳方向和冠层参数的常数(REAL), d-依赖于太阳方向和冠层参数的常数(REAL) | 输出: double-冠层反射系数(REAL)",,Canopy Reflectance Coefficient (CR) Model
209,1aa619c32e38e17f022e1089f0a984f9,冠层受到的净辐射计算公式,,60acd9e0-572a-40bd-ae36-b80fd86368eb,"输入: C-冠层失去的垂直方向上的显热(REAL), E-水分蒸腾消耗的潜热(REAL), D-水平热通量(REAL), G-传输到土壤或根部的热量(REAL), J-以物理方式储存在冠层内的热量(REAL), uA-通过光和作用储存的化学热(REAL) | 输出: double-冠层受到的净辐射(REAL)",,Canopy Net Radiation Formula
210,8c026f8231bafec2ba7cc26c14ac320f,冠层的能量平衡方程,,3912fa16-1568-4508-8afc-8477f22c4481,"输入: pcp-空气的体积热容量(REAL), r_-湿度计常数(REAL), ec-叶表面的空气的水蒸气压(REAL), eac-冠层内的空气的水蒸气压(REAL), rac-叶边界层对水蒸气和显热传输的空气动力学阻率(REAL), ra-冠层上方的空气对水蒸气和显热传输的空气动力学阻率(REAL), Tc-叶片的温度(REAL), Tac-冠层空气的温度(REAL) | 输出: double-冠层的能量平衡(REAL)",,Canopy Energy Balance Equation
211,6704d4f90336ec311d16cfab9c5b66bc,冬季的幸存者,,1c2aebd9-225b-4922-9e6f-fb9312aa52b5,"输入: Wt-在t年时的过冬能力(REAL), Nt-是指实际的群体大小(REAL), Df-是指该种群的一半密度依赖因素(REAL) | 输出: double-冬季的幸存者(REAL)",,Winter Survivors Model
212,63925f455a6e574bf6222bea0308953b,净全波长辐射,,ea5d558f-914b-4589-96e6-0731fce5aa1b,"输入: K-入射太阳辐射的测量值(REAL), O-与空间位置有关的太阳辐射获得系数(REAL), alp-空间位置的漫反射率(REAL), L-入射长波辐射测量值(REAL), epsilon-表面发射率(REAL), sigma-Stefan-Boltzmann常数(REAL), T-平均表面温度(REAL) | 输出: Rn-净全波长辐射(REAL)",,Net All-Wave Radiation
213,73eda632095bdf705055caca39167da4,净初级生产的分布函数,,25b0069a-84e0-4869-8cc6-c0b26ed34460,"输入: B2-时间1的生物量(REAL), B1-时间2的生物量(REAL) | 输出: NPP-净初级生产的分布函数(REAL)",,Net Primary Production Distribution Function
214,ed7d2a438f7e2081fcb3fc73563d6ca4,净同化率E模型,,d4744106-7099-420c-b61e-23635dbfaa39,"输入: W2-观测值株干重(REAL), W1-观测值株干重(REAL), T2-无(REAL), T1-无(REAL), Ln-无(REAL), L2-叶面积(REAL), L1-叶面积(REAL) | 输出: E-净同化率(REAL)",,Net Assimilation Rate E Model
215,693363c66d1724bc77fe93ac5cb0b592,净太阳辐射,,39c4c239-a700-4c8a-9844-7adcf9919731,"输入: K-入射太阳辐射的测量值(REAL), O-与空间位置有关的太阳辐射获得系数(REAL), alp-空间位置的漫反射率(REAL) | 输出: K1-净太阳辐射(REAL)",,Net Solar Radiation
216,eb65beb34dbcafcccb11d1a01c2f17f9,净新叶的光合作用方程,,33d4a9d3-debd-4142-ac70-fc3dbb32c886,"输入: B32-基于碳收支从实验结果外推的净新叶光合作用率的比值(REAL), B33-净新叶光合作用的速率常数(REAL), G110-周平均白昼长度(REAL), X10-新叶碳含量(REAL), T1-光合作用表达式的对数部分(REAL), G102-温度对光合作用的影响项(REAL), B35-叶片对短波辐射的衰减系数(REAL), G49-新叶的周平均气孔阻力(REAL), G61-总的叶碳含量(REAL) | 输出: G24-净新叶光合作用率(REAL)",,Net New Leaf Photosynthesis Equation
217,626a7c9953e3b887559e4c10880bd09d,净生产量Pn模型,,f32621a0-7d2a-4921-a24b-adc05c03393a,"输入: deltaB-两次调查测定期间内的生物量净增量(REAL), L-凋落物量(REAL), Ig-第二性生物的消耗量(REAL), Exp-森林干物质的输出量(REAL), Imp-输入量(REAL) | 输出: Pn-净生产量(REAL)",,Net Production Pn Model
218,2343f3f74b30c050ddc7472f9bbbd1dc,净能值产出率,,901577a0-0156-4dfb-b80c-7852ceefd0ba,"输入: R-可更新资源通过环境系统对社会经济系统产生的作用(REAL), N-不可更新资源(REAL), IMP-社会资源系统在运作过程中同时接受的反馈输入(REAL) | 输出: double-净能值产出率(REAL)",,Net Emergy Yield Ratio
219,faa9ebb57fbd8b1bd7e1a94c4c81718c,净表面短波辐射,,c9d0bb10-2e5f-4c5e-a476-9b61da610927,"输入: DSSR-表面短波辐射(REAL), As-表面漫反射系数(REAL) | 输出: double-净表面短波辐射(REAL)",,Net Surface Shortwave Radiation
220,6686ce7f8259a725997880b977b45857,净辐射方程,,9909f94b-5531-4b4c-bb26-31c3c4dea3d9,"输入: R_si-相对于表面的太阳辐射的入射通量(REAL), R_so-相对于表面的太阳辐射的出射通量(REAL), R_li-相对于表面的长波辐射的入射通量(REAL), R_lo-相对于表面的长波辐射的出射通量(REAL) | 输出: double-净辐射(REAL)",,Net Radiation Equation
221,79ea753ca2ab03d74c40a1d868e5cf19,净长波辐射,,717e9302-3563-4a48-9591-d84385c12ae8,"输入: L-入射长波辐射测量值(REAL), epsilon-表面发射率(REAL), sigma-Stefan-Boltzmann常数(REAL), T-平均表面温度(REAL) | 输出: L1-净长波辐射(REAL)",,Net Longwave Radiation
222,2443bebd4fe7d166173d60e38b81d0ca,分光光度法,,c4436f63-88c8-41d3-aa46-31fd5fabc49d,"输入: Klambda-吸光系数(REAL), Lthick-待测溶液的吸收层厚度(REAL), C-待测溶液的吸收层浓度(REAL) | 输出: Dlambda-待测溶液在波长lambda上的吸光度(REAL)",,Spectrophotometry Formula
223,6b83330a311f87a886780c7e6163e654,分室1中60Co量对时间的变化率,,076aa134-c1d5-4441-a1fc-3808720177e7,"输入: k12-60Co由第1分室向第2分室转移的速率(REAL), k13-60Co由第1分室向第3分室转移的速率(REAL), k21-60Co由第2分室向第1分室转移的速率(REAL), q1-分室1中60Co量(REAL), q2-分室2中60Co量(REAL) | 输出: dq1_dt-分室1中60Co量对时间的变化率(REAL)",,Compartment 1 60co Rate Of Change
224,f54c31d226f31f09fe4e74051dfb05fd,分室2中60Co量对时间的变化率,,6b3b6c44-9d67-4cf3-b459-3e564aa731da,"输入: k12-60Co由第1分室向第2分室转移的速率(REAL), k23-60Co由第2分室向第3分室转移的速率(REAL), k21-60Co由第2分室向第1分室转移的速率(REAL), q1-分室1中60Co量(REAL), q2-分室2中60Co量(REAL) | 输出: dq2_dt-分室2中60Co量对时间的变化率(REAL)",,Compartment 2 60co Rate Of Change
225,6acdfadc61d5ca0a650335585eac40a9,分室3中60Co量对时间的变化率,,599d67cb-7458-42a5-88ca-b63f4433f910,"输入: k13-60Co由第1分室向第3分室转移的速率(REAL), k23-60Co由第2分室向第3分室转移的速率(REAL), q1-分室1中60Co量(REAL), q2-分室2中60Co量(REAL) | 输出: dq3_dt-分室3中60Co量对时间的变化率(REAL)",,Compartment 3 60co Rate Of Change
226,8c157fa4f998da0a49dbafd91aebf818,分离窗算法,,557e49d1-379a-4727-8b8f-400320cf5ed6,"输入: T1-波段1的辐射温度(REAL), T2-波段2的辐射温度(REAL), AA-模型系数(REAL), BB-模型系数(REAL) | 输出: T0-真实表面温度(REAL)",,Split-Window Algorithm
227,a61ff36d8affbfaf50327866fa61b666,分类的误差或偏差比例,,07cee03e-3491-4902-8daa-1267fb5975c9,"输入: Pc-委托误差率(REAL), P0-忽略误差率(REAL), rate-真实比例(REAL) | 输出: double-分类的误差(REAL)",,Classification Error Or Bias Proportion
228,5f9241e8292393cac33f575158cbbf9c,分维值D模型,,0c43ea71-1dd9-4642-a968-5fd444e06066,"输入: N-N(REAL), L-L(REAL), Lmax-Lmax(REAL), d-d(REAL) | 输出: D-分维值(REAL)",,Fractal Dimension D Model
229,fdfb5256a6aee32d3f0f65e190a2d70b,分解速率模型,,a0a956e2-2872-41ec-a6f6-0ff68aa88e7c,"输入: W2-t2时的重量(REAL), W1-枯枝落叶在t1时的重量(REAL), t2-参数(REAL), t1-参数(REAL) | 输出: r-分解速率(REAL)",,Decomposition Rate Model
230,49a41bd447cde82a1db5a593e1758813,分选系数模型,,b3502cb4-1573-4189-a79f-b1e29e6e85b3,"输入: n-该样品所有粒径组分的数目(INT), P-样品中粒径为Xi的组分出现的频率(REAL_ARRAY), X-粒径xi(REAL_ARRAY) | 输出: double-分选系数(REAL)",,Sorting Coefficient Model
231,4985e7e0dfe3e110f08f3ce8b28a3aec,分配系数R模型,,1c2e2b4a-a8c4-49c3-8ea4-6db7289b6c48,"输入: WL-为t时刻叶干重实测值(REAL), WS-为t时刻茎梢干重实测值(REAL), WSO-为t时刻穗的干重实测值(REAL), WL1-为t+1时刻叶干重实测值(REAL), WS1-为t+1时刻茎梢干重实测值(REAL), WSO1-为t+1时刻穗的干重实测值(REAL), W1-为t+1时刻总干重的实测值(REAL), W-为t时刻总干重的实测值(REAL) | 输出: R-分配系数(NODE)",,Allocation Coefficient R Model
232,c34b9c307a1a7f35f108033d55719c7f,初始种群密度和最终种群密度之间的关系模型--植物产量y（没有线虫时的产量）和线虫密度Pi之间的关系，Seinhorst模型,,3a44a162-ae71-4567-aebe-bb6cd8d82d27,"输入: m-当所有可用空间都被线虫占据时的最小产量(REAL), z-对于每个增加的线虫引起的最小值之上的产量降低(REAL), Pi-预期块茎产量的减少量(REAL), T-线虫密度的边界值(REAL) | 输出: y-植物产量(REAL)",,Seinhorst Yield-Nematode Density Model
233,5085641cfa912a8db11e848aead223a6,初始种群密度和最终种群密度之间的关系模型--植物产量y（没有线虫时的产量）和线虫密度Pi之间的关系，反线性模型,,31f19e05-449b-4dab-b8aa-e1497fa387ed,"输入: m-当所有可用空间都被线虫占据时的最小产量(REAL), a-决定增加率的参数(REAL), Pi-预期块茎产量的减少量(REAL) | 输出: y-植物产量(REAL)",,Inverse Linear Yield-Nematode Density Model
234,82c69fb291b16ff27a9bad44eab4823c,初始种群密度和最终种群密度之间的关系模型--马铃薯囊线虫的初始种群密度和最终种群密度之间的关系，模型A,,28dcead1-d9cf-42c8-9c4e-b236515106fe,"输入: f-每个雌性个体平均的产卵数量(REAL), H-成功侵入根部的幼年个体的数量(REAL), Cp-未孵化囊胞的遗留部分(REAL), Pi-线虫的初始种群密度(REAL), b-雌性和雄性的比率和根内幼体密度之间的比例常数(REAL), h-根的密度(REAL), z-对于每个增加的线虫引起的最小值之上的产量降低(REAL) | 输出: Pf-线虫的最终种群密度(REAL)",,Potato Cyst Nematode Pi-Pf Model A
235,38ac79b39080480ce6d8822969dd6f7f,初始种群密度和最终种群密度之间的关系模型--马铃薯囊线虫的初始种群密度和最终种群密度之间的关系，模型B,,2517ef3c-ed72-4e8e-8394-085d668f77f4,"输入: f-每个雌性个体平均的产卵数量(REAL), H-成功侵入根部的幼年个体的数量(REAL), Cp-未孵化囊胞的遗留部分(REAL), Pi-线虫的初始种群密度(REAL), b-雌性和雄性的比率和根内幼体密度之间的比例常数(REAL), h-根的密度(REAL), z-对于每个增加的线虫引起的最小值之上的产量降低(REAL), m-当所有可用空间都被线虫占据时的最小产量(REAL) | 输出: Pf-线虫的最终种群密度(REAL)",,Potato Cyst Nematode Pi-Pf Model B
236,afd02853652d330c6b04cadb9717d027,初始种群密度和最终种群密度之间的关系模型--马铃薯囊线虫的初始种群密度和最终种群密度之间的关系，模型C,,99e2abdc-3971-4dee-bcba-c845962fb7be,"输入: m-当所有可用空间都被线虫占据时的最小产量(REAL), z-对于每个增加的线虫引起的最小值之上的产量降低(REAL), Pi-线虫的初始种群密度(REAL), a-决定增加率的参数(REAL), q-当密度Pi=1时1-q是可用的觅食空间(REAL), Cp-未孵化囊胞的遗留部分(REAL) | 输出: Pf-线虫的最终种群密度(REAL)",,Potato Cyst Nematode Pi-Pf Model C
237,9469c19d5ac632beb064f302e7e6d538,初始种群密度和最终种群密度之间的关系模型--马铃薯囊线虫的初始种群密度和最终种群密度之间的关系，模型D,,3f178530-8036-4beb-87a6-44db4ad207d7,"输入: f-每个雌性个体平均的产卵数量(REAL), H-成功侵入根部的幼年个体的数量(REAL), Cp-未孵化囊胞的遗留部分(REAL), Pi-线虫的初始种群密度(REAL), b-雌性和雄性的比率和根内幼体密度之间的比例常数(REAL), h-根的密度(REAL), k-k=1/a(REAL) | 输出: Pf-线虫的最终种群密度(REAL)",,Potato Cyst Nematode Pi-Pf Model D
238,65a41ae7b92c700626d95691353f87e0,初级生产力模型,,6ca0650a-0517-447c-ba96-bf95ecc7847a,"输入: Sn-生态系统中氮的净输入量(REAL), lnN-矿化氮的滤去值(REAL), betat-参数(REAL) | 输出: phi-初级生产力(REAL)",,Primary Productivity Model
239,d4a064d21da2abbbbf974d28fcaf36c9,利用GMS-5的VISSR数据的LST算法（无水蒸气资料）,,c2df92dc-1df4-4e2b-8656-a4d60c744e1d,"输入: T4-波段4的卫星亮度温度(REAL), T5-波段4的卫星亮度温度(REAL), Kappa-开尔文数(REAL), Xi-中间参量(REAL) | 输出: GMS5a-利用GMS-5的VISSR数据的LST算法(REAL)",,GMS-5 VISSR LST Algorithm (no Water Vapor)
240,919035f285ab06b5155130e9a9fc5eca,利用GMS-5的VISSR数据的LST算法（有可降水量资料）,,f5012195-b072-4def-b687-067a52cf3feb,"输入: T4-T4(REAL), T5-线性回归系数(REAL), alpha-线性回归系数(REAL), epcil-AVHRR波段4的卫星亮度温度(REAL), deltaepcil-AVHRR波段5的卫星亮度温度(REAL), beta-AVHRR波段5的卫星亮度温度(REAL) | 输出: GMS5b-利用GMS-5的VISSR数据的LST算法(REAL)",,GMS-5 VISSR LST Algorithm (with Precipitable Water)
241,da88d523f68539c7d40945d5f85f457f,利用SIR-CX-SAR图像描述北部森林的碳特性,,74e284e2-3bce-461f-97d7-31d5d63fb810,"输入: Wbgi-地面下生物量(REAL), Wagi-地面上生物量(REAL), Si-嫩芽的图像(REAL) | 输出: R-根的图像(REAL)",,Sir-C/x-Sar Forest Carbon Characterization
242,a334311dc57854d096b5c0eea0e08fa4,利用相关松弛法寻找GOP--一致性强度C模型,,d9f5fc95-6a42-495c-ab1f-f0fbba8933f6,"输入: d1-向量(REAL), d2-向量(REAL), L1-两个向量起点间距离(REAL), L2-调节参数(REAL), thet-两个向量的夹角(REAL) | 输出: C-一致性强度(REAL)",,GOP Correlation Relaxation Consistency Strength C Model
243,9ec87a441c3c43d9a40a1b18da7f0dde,利用相关松弛法寻找GOP--由支持强度修正向量的概率模型,,c61ce439-3ef6-4d01-b534-7b2b3d119c73,"输入: Pi-第n次循环循环时第i个相关系数矩阵中第r个向量的概率值(REAL_ARRAY), Si-第n次循环循环时第i个相关系数矩阵中第r个向量的一致性强度(REAL_ARRAY), Pik-第n次循环循环时第i个相关系数矩阵中第k个向量的概率值(REAL), Sik-第n次循环循环时第i个相关系数矩阵中第k个向量的一致性强度(REAL), n-第j个相关系数矩阵(INT), r1-循环的次数(INT) | 输出: Pikn1-第n+1次循环循环时第i个相关系数矩阵中第k个向量的概率值(REAL)",,GOP Correlation Relaxation Vector Probability Model
244,62e6139c7120b4ce9ffcf5e7cc7ff978,制图准确度评估模型--相对效率,,12573374-22fe-407c-b2d2-51fe38625848,"输入: M-每个簇中的样本单元数(REAL), rho-簇内相关系数(REAL) | 输出: Z-相对效率(REAL)",,Cartographic Accuracy Assessment: Relative Efficiency
245,96cc3e62655bec9c362a632b8478e90a,前期降水指数,,4703a0b9-4247-4c74-b7a4-45e4e604a372,"输入: Ep-前一天的总的可能蒸散量(REAL), Z-土壤层的深度(REAL), th_fc-土壤饱和值对应的土壤体积水分含量(REAL), th_w-土壤枯萎点对应的土壤体积水分含量(REAL), Iap_1-前一天的降水指数(REAL), P_1-前一天的降水(REAL) | 输出: double-前期降水指数(REAL)",,Antecedent Precipitation Index
246,40cebee6c3efca0b9a88f9fda35d8a64,剩余标准差模型,,62932c56-009c-439e-aee3-66e9b879591f,"输入: Q-剩余离差平方和(REAL), n-因变量y的个数(INT), m-偏回归系数个数(INT) | 输出: double-剩余标准差(REAL)",,Residual Standard Deviation Model
247,93de348faf61cc69e9340961598cc0c8,加密点预期精度估算公式--平面位置加密误差,,0a451dd5-bf6b-4fd7-a20a-94fda37146a9,"输入: K-为像片比例尺与成图比例尺分母之比(REAL), n0-为加密的基线数(REAL), mq-为上下视差观察中误差(REAL) | 输出: Ms-平面位置加密误差(REAL)",,Control Point Accuracy Formula: Planimetric Error
248,dee08067acc804be0a6fe81917c703cc,加密点预期精度估算公式--高程位置加密误差,,9254d953-0750-47d1-a9dd-5d60d915b95e,"输入: n0-为加密的基线数(REAL), b0-为航片基线长(REAL), H-为相对航高(REAL), mq-为上下视差观察中误差(REAL) | 输出: Mh-高程位置加密误差(REAL)",,Control Point Accuracy Formula: Elevation Error
249,f0515c700192ac9817d00b8c8ba6f2c2,动态响应模型,,15c77ddc-267a-403f-92c2-6855103d37a1,"输入: Ut-输入的无机能量密度(REAL), Vt-输入的有机能量密度(REAL), t-参数(INT) | 输出: Yt-输出的能量密度(REAL)",,Dynamic Response Model
250,f94a391b1211c681aaa813e094192245,动态空间生态位宽度模糊贴近度模型,,fb1746ea-cf01-4d4e-bdf8-919b6f62c59b,"输入: muBiT[]-第i种群在Tj处的隶属度(REAL_ARRAY), muBilT[]-第i+1种群在Tj处的隶属度(REAL_ARRAY), n-周数(INT) | 输出: tau-动态空间生态位宽度模糊贴近度(REAL)",,Dynamic Spatial Niche Breadth Fuzzy Closeness Model
251,543098e0887f7d837a7a597fceb605c0,动物种群密度模型,,56e886ca-1d18-4fdc-98a0-466ccdb3b7bd,"输入: x-距离(REAL), w-为能看到动物的最大距离(REAL), k-为曲线系数(REAL) | 输出: Px-为在距离x时看到动物的概率(REAL)",,Animal Population Density Model
252,ea295348a9ade7172d4287aca16e3ec8,包括相应于在叶片的光学厚度堆积层中叶片多重反射率的无限反射率,,4d1089c8-90c0-45d7-aa9e-b09545deef02,"输入: R-树叶的反射系数(REAL), t-树叶的传输系数(REAL) | 输出: double-波段的偏移(REAL)",,Infinite Reflectance With Leaf Multiple Scattering
253,6dff656e19424d6bb7ddb22f577aaa5b,区位商公式,,e59aa8ad-e942-4e71-b8db-54ccea7889c0,"输入: Eij-j城市i部门的就业人数(REAL), Ej-j城市就业总人数(REAL), Ei-j城市在区域i部门的就业人数(REAL), E-区域就业总人数(REAL) | 输出: double-j城市i部门的区位商(REAL)",,Location Quotient Formula
254,9e61c1e50c81b1a39f2576128bcdee1e,区位商计算,,e349b065-054c-4f6f-bb56-25850787bbd3,"输入: Ei-研究区域第i种经济活动水平(REAL), E-研究区域全部经济活动水平(REAL), Ni-整个区域体系第i种经济活动水平(REAL), N-整个区域体系总的经济活动水平(REAL) | 输出: double-区位商(REAL)",,Location Quotient Calculation
255,7440bd5fa7a7c60a94cb10b4e0250703,区域分析的判别函数,,44a18448-20b7-4827-b3d4-cd5dc3e03680,"输入: X-因子值(REAL_ARRAY), C-判别系数(REAL_ARRAY), n-因子数(REAL) | 输出: double-参数(REAL)",,Regional Analysis Discriminant Function
256,5b60383f85b1c8f92abe0bc156daa1c2,区域变量理论--关于弱平稳性的Matheron本质假说定义,,c24afe07-9198-42dc-a07f-fa594a995c70,"输入: Zx-x处空间点(REAL), Zxh-x+h处的空间点(REAL) | 输出: rh-半变量(REAL)",,Matheron Intrinsic Hypothesis Semivariogram Definition
257,c341b2f69b5fe048da22fb0a2e2068bf,区域变量理论--在间隔处h的自相关ph,,b90841bf-6697-4b8b-9cd3-2bbb0c4b1752,"输入: rh-半变量(REAL), sigma-变量(REAL) | 输出: ph-间隔处h的自相关(REAL)",,Autocorrelation At Lag H
258,0bc1a67d4cec3b4eb8a4250777ab1a00,区域可能蒸发量,,74ff4737-14e7-4025-a59f-6e39222b0097,"输入: Rn-净辐射(REAL), a-Priestley-Taylor系数(REAL), del-饱和水蒸气压曲线的斜率(REAL), r_-湿度计常数(REAL) | 输出: double-区域可能蒸发量(REAL)",,Regional Potential Evaporation
259,c4af138c4b4f183a59309bca2ca58cf2,区域总人口的生态承载力,,3fd66a4c-aa59-43a1-9056-b36c92b30113,"输入: N-人口数(REAL), ce-人均生态承载力（hm2.人-1）(REAL) | 输出: double-区域总人口的生态承载力（hm2.人-1）(REAL)",,Ecological Carrying Capacity Of Total Population
260,991ad3ab2bdd42b4fe462ad20d7ef32b,区域总人口的生态足迹,,acfbe868-1d67-4172-bcc1-2874427adf1a,"输入: fc-人均生态足迹(REAL), N-人口数(REAL) | 输出: double-总人口的生态足迹（hm2.人-1）(REAL)",,Ecological Footprint Of Total Population
261,fcd48e2ef17782f6050b5b3eca8f9733,区域系统分析的逻辑斯谛方程,,7e1f047b-d43f-4448-86be-30ee7a1a885e,"输入: r_1-人口的内禀自然增长率(REAL), N_0-t0时刻的人数(REAL), t-时间(REAL), K-环境限制容量(REAL) | 输出: double-人口数(REAL)",,Logistic Equation For Regional System Analysis
262,24fdcdf55ab758047513949bee94aa20,医疗资本计算公式,,837ed5c7-ece2-4ca4-8249-7320ac49ff0f,"输入: M_1-医院经营收入(REAL), M_2-医疗人员工资总额(REAL), S_c-城镇用地(REAL) | 输出: double-医疗资本(REAL)",,Medical Capital Formula
263,bb3821952b4d25702c6b4ba1ff1ac23b,半小时为间隔的二氧化碳净流量,,415989f8-a88b-49ab-9c49-81303510053c,"输入: sigmaw-垂直风速的标准偏差(REAL), rhoair-平均大气密度(REAL), deltaC-平均每隔半小时测得的二氧化碳浓度的差值(REAL) | 输出: Feddy-半小时为间隔的二氧化碳净流量(REAL)",,Half-Hour Net CO2 Flux
264,5a83fbe91459f2a3711f0abafb27d4c8,单个个体影响下的水分可用性,,9b8374c0-f762-43e5-b1f5-ff4c784fbf4b,"输入: H0-不受相邻植物影响下的某一点处的水分可用性(REAL), hR-根对水分可用性影响力的权重因子(REAL), xiR-根部的影响(REAL), hC-植冠对水分可用性影响力的权重因子(REAL), xiC-森林树木物种之下的第i个体在地面以上的植冠影响力(REAL), hS-茎对水分可用性影响力的权重因子(REAL), xiS-茎部影响力(REAL), xiC0-xiC0(REAL), gama-依赖于物种的参数(REAL) | 输出: H-水分可用性(REAL)",,Water Availability Under Single-Individual Influence
265,804966c4c15876bfaf8b337be57ce866,单个窄叶片的能量预算,,6ff51c8f-0a38-462e-923c-6e1eb11423b0,"输入: R-消散条件辐射(REAL), C-消散条件对流(REAL), L-消散条件蒸发潜热(REAL) | 输出: A-单个窄叶片的能量预算(REAL)",,Energy Budget Of A Single Narrow Leaf
266,2f4bb079e77163ad0086a83ed66889da,单位面积土壤辐射功率W模型,,c28b1d48-4f3f-4ad9-ba3a-f340865a5f96,"输入: epsilon-比辐射率(REAL), sigma-波尔兹曼常数(REAL), T-土壤表面温度(REAL) | 输出: double-单位面积土壤辐射功率(REAL)",,Soil Radiative Power Per Unit Area Model
267,e9866dd49770feeafb28618ef1cb33d6,单位面积多年平均土壤流失量,,09c54d88-67b9-4801-844f-8f82a72aa961,"输入: R-降雨侵蚀力因子(REAL), K-土壤可侵蚀性因子(REAL), L-坡长(REAL), S-坡度(REAL), C-作物经营管理因子(REAL), P-水土保持措施因子(REAL) | 输出: A-单位面积多年平均土壤流失量(REAL)",,Mean Annual Soil Loss Per Unit Area
268,f30a17f3360621197096557c16140d37,单位面积的陆地植物群落碳的日积累率,,a9c2d40c-1ece-4c08-a77a-4bf31d8694d8,"输入: Ag-日总的光合作用(REAL), R-自养呼吸作用(REAL) | 输出: double-单位面积的陆地植物群落碳的日积累率(REAL)",,Daily Carbon Accumulation Rate Per Unit Area
269,440d9dd7ff220b3dab6d6805d5427e44,单物种模型,,7cc201ae-875c-4a4e-8b40-7cf25a8812f0,"输入: p12v-是一个未被占据地块的移植概率(REAL), p21v-是地块内物种灭绝的概率(REAL), t-时间(INT) | 输出: v-是在时间t被占据的地块部分(REAL)",,Single-Species Model
270,c1d873a75efecfb4f587b8d305309b09,单种群增长的动态模型,,c4823deb-d3b7-42d4-ad5f-2f276a92743a,"输入: xs-参数(REAL), K1-参数(REAL), K2-参数(REAL), n-参数(REAL) | 输出: xs_1-结果(REAL)",,Dynamic Model Of Single-Population Growth
271,8ef3fe30a4c25884f40c25790961a8f4,卜松分布模型,,b110f8ed-973e-42f4-9c62-6312ce749e15,"输入: k-消光系数(REAL), l-相应的累计叶面积指数(REAL), ki-有效叶层数(REAL) | 输出: double-出现ki层有效叶的概率(REAL)",,Poisson Distribution Model
272,dc5a54b69b6f1bdbae741e31d14ef48d,卫星传感器接收的地表亮温模型,,f768f4d2-e236-4b58-aac1-9ecc9cd32e41,"输入: e-地表土比辐射率(REAL), T0-地表土温度(REAL), Tsky-天空视在温度(REAL) | 输出: double-地表亮度(REAL)",,Satellite-Observed Land Surface Brightness Temperature Model
273,52a2a2c36e396fc287709b56ca21f1d6,卫星信息的特征,,51c0587d-e77a-40d4-9af7-0fec2f20a514,"输入: E-通道地面辐照度(REAL), rou-通道地面反射率(REAL), T-通道大气透过率(REAL), Ls-通道大气路径辐射(REAL), K-通道仪器转换常数(REAL) | 输出: double-卫星传感器的输出数据(REAL)",,Satellite Sensor Output Model
274,3bf7e11ffd58da98edf19daec804b0a5,卫星像片阴影中像元的散射辐射遥感分量模型,,4e289260-a12b-4312-9cad-a8c86db98b4f,"输入: DNij-像元pij原始遥感值(REAL), DAij-大气辐射遥感值(REAL), DRij-地表邻坡辐射遥感值(INT) | 输出: double-卫星像片阴影中像元的散射辐射遥感分量(REAL)",,Scattered Radiation Component In Shadowed Pixels Model
275,4bcd835a78a2fa33429250397a96c60f,参照农作物蒸发量,,19419c24-2d87-49ef-adcd-3dc8236a3b7f,"输入: delt-饱和水蒸气压相对于温度变化的斜率(REAL), a-常数(REAL), Rn-净辐射等于0.8(REAL), G-土壤热通量，值为0.07(REAL), Y-湿度计常数(REAL) | 输出: Er-参照农作物系数(REAL)",,Reference Crop Evaporation
276,981f18d8422501861e81e145497903e5,参量模型,,b1b2c737-089c-4a7b-b082-a60565418e71,"输入: rm-内禀增长率(REAL), Hn1-参量(REAL), s-只适用于AM蜂和AL蜂攻击(REAL), a-分别为它们的寻找效率(REAL), b-分别为AL蜂，AM蜂，EC蜂的密度(REAL), c-只适用于AM蜂和EC蜂攻击(REAL), P-只适合EC蜂攻击(REAL), Q-参数(REAL), R-参数(REAL), t-参数(REAL), u-参数(REAL) | 输出: Hn-参量(REAL)",,Parametric Model
277,55979d8ac6eeb5eddfc61afb506f8c64,双向反射分布函数模型,,9cb0a413-9862-4770-96f8-1efc3e8bc924,"输入: L-目标表面入射的光照照射时的辐射亮度(REAL), E-光源到目标表面上的辐照度(REAL) | 输出: double-双向反射分布函数(REAL)",,Bidirectional Reflectance Distribution Function Model
278,b17535fae0b28231b736ab1d975ec975,双坐标植被指数,,eb412a99-3e48-48cc-80ee-4c3045f002e9,"输入: Rni-近红外波段反射率(REAL), R-红光波段反射率(REAL), Indv-标准植被差异指数(REAL), Iwdv-植被指数(REAL), K-消光系数(REAL), Iwdvinfinite-红光反射的总测量值(REAL), Rnisoil-近红外土壤反射率(REAL), Rsoil-红光土壤反射率(REAL), a-土壤的坡度(REAL), b-土壤的截留量(REAL) | 输出: Itwv-双坐标植被指数(REAL)",,Two-Coordinate Vegetation Index
279,1234ac90061c87e2c5f3b393d3de9b20,反射率,,6e628907-d660-4046-b08f-3f7ce355f51d,"输入: Rc-在树冠厚度可视为无穷大时的树冠反射率(REAL), Rg-地面反射率(REAL), IndexLA-叶面积指数(REAL), alpha-消光系数(REAL), theo-天顶角(REAL), thes-未知参数(REAL) | 输出: double-反射率(REAL)",,Reflectance Model
280,49dcd1b7bed418e67b6fbca9a27236f8,反射率反演模型,,400f0bb8-3a31-4182-b913-1a393bd9070c,"输入: L-响应的DN值(REAL), L0-7所计算的0反照度表面的程辐射(REAL), Lx-100%反射的朗伯体表面的反射辐照度(REAL) | 输出: double-像元某一波段的反射率(REAL)",,Reflectance Retrieval Model
281,816a37fd8cc2571805af8c5b917d25a4,反射率因子,,e1ca4643-63bf-450f-9d24-b8076a9b71dd,"输入: a-参数(REAL), b-参数(REAL), c-参数(REAL), x-以年为单位的群丛年龄(REAL) | 输出: double-反射率因子(REAL)",,Reflectance Factor
282,350459fa739b4f56db328b9159469e1c,反演函数,,91c4d3a8-b1af-42e9-b5e2-89f2d3b4f14e,"输入: fv-归一化仪器狭缝效应函数值(REAL), tv-待测气体吸收的大气透过率(REAL), fv0-未知参数(REAL), tv0-未知参数(REAL) | 输出: double-反演函数(REAL)",,Inversion Function
283,b2dfd1945d70f407bd3487fac08e20e7,反演方程,,9e371cd9-9698-4504-8e07-b5513480840d,"输入: A-系数矩阵(REAL), At-系数矩阵转置(REAL), gamma-lagrange光滑因子(REAL), H-光滑矩阵(REAL), tau-tau(REAL) | 输出: f-参数(REAL)",,Inversion Equation
284,61d18035f61978ec42402998a91e3bea,反高斯变量x的概率密度函数,,8b62be3e-bb21-451d-9938-c9d6aef30702,"输入: lam-与方差相关(REAL), u-与均值相关(REAL), x-反高斯变量(REAL) | 输出: double-反高斯变量x的概率密度(REAL)",,Inverse Gaussian Probability Density Function
285,fc7ed28773993826c24d8a730b53d5d6,发射率epcil1,,b08bf374-ce9f-4cd8-b2ca-a7b37c85830d,"输入: e0-水蒸气压(REAL), T0-场景尺度的气温(REAL) | 输出: epcil1-发射率(REAL)",,Emissivity Epcil1
286,a9bfd5c888542fdc6dabba53a907479a,发射率epcil2,,1723ba64-3e0b-4658-b29d-912f4f3c2d7e,"输入: e0-水蒸气压(REAL), T0-场景尺度的气温(REAL) | 输出: epcil2-发射率(REAL)",,Emissivity Epcil2
287,16ceaa2aef03eb34101579d8e55ccccb,发射率对信噪比的贡献模型,,22276593-ba47-4b4d-b9d3-b1e203dff67a,"输入: c1-参数(REAL), A0-光学系统有效的通光面积(REAL), alphabeta-瞬时视场的立体角(REAL), epslon-像元的平均发射率(REAL), taoa-大气的光谱透过率(REAL), tao0-光学系统的光谱透过率(REAL), Dmax-对应的波长(REAL), T-参数(REAL), c2-参数(REAL), lemdamax-探测器的比探测率的峰值(REAL), Ad-参数(REAL), detaf-参数(REAL), theta-像元法线与像元和光学系统中心的连线之间的夹角(REAL), lemda2-参数(REAL), l-参数(INT), lemda1-参数(REAL) | 输出: double-像元温度对信噪比的贡献(REAL)",,Emissivity Contribution To SNR Model
288,3bf0f4a39688269573adc93f57ca2950,变形土壤校正植被指数,,30429efc-3c38-4956-85e0-ecfe23a0b471,"输入: Rni-近红外波段反射率(REAL), R-红光波段反射率(REAL), a-土壤的坡度(REAL), b-土壤的截留量(REAL) | 输出: Itsav-变形土壤校正植被指数(REAL)",,Modified Soil-Adjusted Vegetation Index
289,c0413f55b7343a6d43cf6a5e056ecedd,变权模型,,a84d8bf1-1055-45f7-bc85-b3de8c2cce70,"输入: alpha-变权函数(REAL_ARRAY), mu-未知参数(REAL_ARRAY), n-未知参数(INT) | 输出: double-变权模型(REAL)",,Variable-Weighting Model
290,f72581f2b7a04260a0f2cad3ef2d95a8,可忽略的相应于在叶片的光学厚度堆积层中叶片间的多重反射的无限反射率,,cbee5da9-1b20-4bfa-9802-9256da8889c4,"输入: R-树叶的反射系数(REAL), t-树叶的传输系数(REAL) | 输出: double-可忽略的相应于在叶片的光学厚度堆积层中叶片间的多重反射的无限反射率(REAL)",,Infinite Reflectance With Negligible Leaf Multiple Scattering
291,1c17dcc2f1c0fbf3468cb995630e5d89,可能产出正比于目前生物量,,2d4f5caa-b3fc-41a3-be83-2b4fecf4f0ff,"输入: v-比例系数(REAL), B-目前生物量(REAL) | 输出: double-可能产出正比于目前生物量(REAL)",,Potential Yield Proportional To Current Biomass
292,bd9d86837f30b0bf5f3642c16b5cc528,可见光的偏振百分比计算公式,,403138b5-0d17-4f81-8543-74deedb03cad,输入: RVLpercentCollection[]-反射百分比数组(REAL_ARRAY) | 输出: PVL-百分比(REAL),,Visible Light Polarization Percentage Formula
293,9fcdec83778783963d12f2d25d3bddbe,可见光的反射百分比计算公式,,88608301-cde8-4548-bb04-f47fdc11e6ab,"输入: landsurface-土地覆盖图像色调(REAL), target-目标物图像色调(REAL) | 输出: RVL-百分比(REAL)",,Visible Light Reflectance Percentage Formula
294,d54869bfa3782d83789a21d219c15269,叶水分势能,,52e7499a-f128-4a10-a889-c651f1e77988,"输入: Ws-土壤水分含量(REAL), Cs-土壤水分容量(REAL) | 输出: double-叶水分势能(REAL)",,Leaf Water Potential
295,7f77a948895532a0e631e2ddca4a9a63,叶片干物重,,4262aa6b-5104-4db6-8f68-b416128c7a9b,"输入: H-值为667，为亩与每平方米的转换系数(REAL), Ila-叶面积指数(REAL), Q-水稻叶面积比叶重(REAL) | 输出: WL-叶片干物重(REAL)",,Leaf Dry Matter Weight
296,233c95b6af0ad488281c2c420b119d5d,叶片生长模型,,54906a1a-1a96-4fe5-b9b9-ef8d0d97d7c5,"输入: Xi-第i天植物有活力的叶片重(REAL), w-参数(REAL), r-整个生长期中平均最大群体生长速度(REAL), K-比例系数(REAL), Pc-植物对营养和生殖器官光合产物分配策略(REAL), Ks-单位土地面积上的叶面积(REAL), Xi_L-参数(REAL), Ui-参数(REAL) | 输出: Xi1-第i+1天植物有活力的叶片重(REAL)",,Leaf Growth Model
297,e3a1f3f7b2c63dfbf1eef2f7b0119a47,叶片的水分指数（LWCI）计算模型,,22f5a668-679f-4090-84fb-7981211ff861,"输入: TM4-TM4处的反射系数(REAL), TM5-TM5处的反射系数(REAL), TM4FT-在叶片充分膨胀时在TM4处的反射系数(REAL), TM5FT-在叶片充分膨胀时在TM5处的反射系数(REAL) | 输出: LWCI-叶片的水分指数(REAL)",,Leaf Water Content Index (lwci) Model
298,999f8d62528695dab8947a50a9c1c1e7,叶绿素指数1,,beb80ed9-2a3c-4c85-b775-13a9cacac44f,输入: Chl-叶绿素浓度(REAL) | 输出: CI1-叶绿素指数(REAL),,Chlorophyll Index 1
299,4ac272bfb6ac772153d517453ddd44e8,叶绿素指数2,,0dbd1e47-97bc-4303-aae3-a42a4985e518,输入: REP-红边位置(REAL) | 输出: CI2-叶绿素指数(REAL),,Chlorophyll Index 2
300,34a21f969dd2e1bc6b283afcb1b27897,叶绿素的散射模型,,6505054c-ddd4-40b8-9eee-c09494f4f364,"输入: bc550-叶绿素的体散射(REAL), ac550-单位吸收系数(REAL), acLambda1-吸收系数(REAL) | 输出: ChlorophyllScattering-叶绿素的散射(REAL)",,Chlorophyll Scattering Model
301,caa42845708fb66f3e0228f25430b78b,叶面积指数,,4197be71-5617-4059-99ed-ee8d8511e701,"输入: type-植被类型(INT), x-从遥感数据获取的植被指数或反射系数(REAL), a-经验参数(REAL), b-经验参数(REAL), c-经验参数(REAL), d-经验参数(REAL) | 输出: double-叶面积指数(REAL)",,Leaf Area Index
302,3c020463026832e1602593f01c18a617,叶面积比率F模型,,c657caff-264f-452c-aed4-ed5e0524ada4,"输入: L1-叶面积(REAL), W1-观测值株干重(REAL), L2-叶面积(REAL), W2-观测值株干重(REAL) | 输出: F-叶面积比率(REAL)",,Leaf Area Ratio F Model
303,a26ce49e9e508d781583d5b31094b5ec,叶面积速率模型,,39fb0de9-6ced-4db3-8d68-38b9b758d2d4,"输入: ap-参数(REAL), bp-参数(REAL), cp-从生长季开始的天数(REAL), dp-参数(REAL), a-参数(REAL), b-参数(REAL), c-参数(REAL), d-参数(REAL), T-参数(REAL) | 输出: ULR-叶面积速率(REAL)",,Leaf Area Rate Model
304,0ef5364703b25a073e8fd15d3bb1b9eb,叶面营养生产率,,08eea1a2-bfd5-43ec-bca2-4331f9038b84,"输入: Nft-给定物种在时刻t的总叶营养含量(kg/hm2)(REAL), TNPPt-每年的总的净初级生产力(REAL) | 输出: Efn-叶面营养生产率(REAL)",,Leaf Nutrient Productivity
305,2864e08a3b9ffa9a7c5bb954385b4874,各个市镇对其他所有市镇的交互引力公式,,bb7061d3-4952-4426-8dc2-2e47ac24f817,"输入:  d-各主要市镇间的直线距离(REAL_ARRAY),  P-各市镇的人口(REAL_ARRAY), Pi-i市的人口(REAL), b-常数(REAL), n-城镇个数(INT) | 输出: double-交互引力(REAL)",,Intercity Interaction Gravity Formula
306,355309e7512af498f978e8739299010c,各向异性因子1,,e078fc64-0a71-435b-a770-5a382c9b2223,"输入: RR-二向反射因子(REAL), Ro-天底角反射因子(REAL) | 输出: fani-各向异性因子(REAL)",,Anisotropy Factor 1
307,1244653a13c58f226da446575c4e4a75,各向异性因子2,,d3a204dc-08ed-45c1-8831-e276da4a5d9d,"输入: Rmax-最大二向反射因子(REAL), Rmin-最小二向反射因子(REAL) | 输出: fani-各向异性因子(REAL)",,Anisotropy Factor 2
308,9297ddc3006538537eeedf1d4971b9f1,各因子追加投入额的最优配置模型,,dd9baa87-7964-4d56-b1de-769f03b424ef,"输入: P-系统投入总额(REAL), Pg1-因子理想投入总额(REAL), K1-参数(REAL), Pgi-i因子理想投入总额(REAL), Ki-i因子对应参数(REAL) | 输出: deltaPi-因子追加投入额(REAL)",,Optimal Allocation Model For Additional Factor Inputs
309,d91a0b2c61fa302c09138fac01b98df4,各省区因子分数公式,,a087ae6a-9d0c-484d-8153-4b88f9f93123,"输入: z[]-省标准化后的原始变量(REAL_ARRAY), l[]-原始变量的K因子载荷量(REAL_ARRAY), m-变量总数(INT) | 输出: double-某省K因子分数(REAL)",,Provincial Factor Score Formula
310,a3ac41427ab6452e0d0f5a5d2f0034fb,同化储量A增加模型,,d0c8c9e3-e33e-4843-9e73-89d6c0ee921e,"输入: aprod-树冠每天的生产率(INT), areloc-吸收重置的谷物(INT), aresp-总维持的呼吸作用(INT), agrow-维持生长的吸收作用(INT), adead-死亡树木中的吸收损失(INT) | 输出: dA_dt-同化储量增加率(INT)",,Assimilated Reserve A Increase Model
311,d26ee971a1f3dc5cf29229b01e8897cd,同化能量的效率,,e60894bd-e0b7-4782-8b03-f607d7e6368e,"输入: EP-生产能量(REAL), ER-呼吸能量(REAL), EI-摄取的能量(REAL) | 输出: etae2-测算有机体同化作用能量的能力(REAL)",,Assimilation Energy Efficiency
312,08e5e9834a27d34707cfb47c2614ccb2,后向散射模型,,c9544cd8-5a08-458f-8387-8877db916f33,"输入: rouu-上行风的散射系数(REAL), rouc-交叉风的散射系数(REAL), roud-下行风的散射系数(REAL), phi-水平面风向(REAL) | 输出: double-散射系数(REAL)",,Backscatter Model
313,6a9f711a2be6503be360a8ef913d74ef,含有N个物种的生态模型系统,,21b11a4c-3869-429f-adb1-7b579a6887d3,"输入: xi-物种i的种群密度(REAL), ri-物种i的内部增长率(REAL), Xj[]-物种的种群密度(REAL_ARRAY), aj[]-其它特种对i物种影响的作用系数(REAL_ARRAY), n-物种个数(INT) | 输出: dtdxi-时间与物种i种群密度变化(REAL)",,N-Species Ecological Model System
314,40715aecc3615c73ce2cdecbc86ef588,吸收概率,,971698b8-bd9d-4066-b377-c1b2cde8cb9e,"输入: alambda-吸收系数(REAL), ss-散射系数(REAL), LL-光的路径长度(REAL) | 输出: Pabsorption-吸收概率(REAL)",,Absorption Probability
315,2960875d1950f7add12fcee36d3fec74,呼吸能量的效率,,dc8dcbbb-a501-489d-9934-b8499c78ab8f,"输入: ER-呼吸能量(REAL), EF-排泄物能量(REAL), EQ-热能(REAL), EI-摄取的能量(REAL) | 输出: etae4-呼吸能量的效率(REAL)",,Respiration Energy Efficiency
316,b147dc255d351d19c43cfe57bb3f00f5,噪声功率模型,,8b99df4d-2f65-45f4-8ca7-37d2504cbd9b,"输入: Is-在1.047nm波长处大气引起的太阳光谱辐射(REAL), Ar-接收器面积(REAL), Rphi-接收器的视场角(REAL), Tr-接收系统的透射率(REAL), Fb-接收器的窄带通滤光片(REAL), Ta-双程大气溶胶透射率(REAL), rOmega-目标的后向散射率(REAL) | 输出: double-激光脉冲信号功率(REAL)",,Noise Power Model
317,b3980abfef7a1c105709d9c5df4dc1c4,四点式平均值法,,3e3d46a8-7568-4236-a422-16af5a109cfa,"输入: Nj-参数(REAL), Nk-参数(REAL), Ni-参数(REAL), Nl-参数(REAL), i-参数(INT), j-参数(INT), k-参数(INT), l-参数(INT) | 输出: K-结果(REAL)",,Four-Point Mean Method
318,b7339bcefd2b222d80d21cf2b8c2e9e9,回归平方和,,a81731e5-8211-47e3-9b4c-bb79151d9e70,"输入: n-样本个数(INT), y_-回归模型计算的估计值(REAL_ARRAY), _y-样本平均值(REAL) | 输出: double-回归平方和(REAL)",,Regression Sum Of Squares
319,612deb68cb527b89bdb27806460b79c7,因子属性的敏感性分析公式,,43573e94-aa8a-430f-91c1-4e37465f849e,"输入: DPL-滑坡数据中因子出现的频率(REAL), DPG-滑坡数据中因子出现的频率(REAL) | 输出: double-敏感性(REAL)",,Factor Sensitivity Analysis Formula
320,c2810038719340a4561d1ce5c1fbed1a,国内生产总值增长率,,18162fb6-4c19-489c-a6af-035f9676e6ce,"输入: a-统计系数(REAL), L-劳动力因素(REAL), RT-资源转换因素(REAL), C_fi-外国投资变量(REAL), C_fi_1-滞后一年的外国投资变量(REAL), C_di-国内投资变量(REAL), C_di_1-滞后一年的国内投资变量(REAL), X-出口变量(REAL), b1-统计系数(REAL), b2-统计系数(REAL), b3-统计系数(REAL), b4-统计系数(REAL), b5-统计系数(REAL), b6-统计系数(REAL), b7-统计系数(REAL) | 输出: double-参数(REAL)",,GDP Growth Rate
321,8594e680cbbef1102ee8c788eadd3989,国家级风景名胜区i对城市j的吸引力模型,,96c98021-bb59-497c-98a7-cbbaa6e8d188,"输入: P-各城市人口数量(REAL), R-各国家级风景名胜区的资源强度(REAL), alpha-常数(REAL), T-两地之间的平均交通距离(REAL), r1-各国家级风景名胜区与各城市之间的交通距离(REAL) | 输出: double-各国家级风景名胜区对各城市是旅游吸引力(REAL)",,Scenic Site-City Tourism Attraction Model
322,90edb5763ffa06d42a60feca5b3f53d2,国民经济产出获得的增长,,44468cfb-295e-461e-9bf3-35751a719629,"输入: T_ti-经济区第n年对i产业的投入(REAL_ARRAY), G_oi-经济区基年第i产业的产出(REAL_ARRAY), T_oi-经济区基年对i产业的投入(REAL_ARRAY), n-n(REAL) | 输出: double-国民经济产出获得的增长(REAL)",,National Economic Output Growth
323,16a6dd2730d80a4bc2a1177ed2180823,图像变换局部增强法公式,,03fb8a1d-d943-4bfd-a733-8482ff514232,"输入: X1-像元点变换后的亮度值(REAL), M-表示X像元点周围N(REAL), S2-表示X像元点周围N(REAL), M1-为给定所期望的均值(REAL), S1-为给定所期望的标准差(REAL), MAX-为调整参数(REAL), A-为调整参数(REAL) | 输出: X-像元点的原始图像亮度值(REAL)",,Local Image Enhancement Transformation Formula
324,9d4fd1aae3de780a5e8ce3e6936c1133,图像处理的样条函数,,593ca13d-bf48-40b4-9be5-e65834fce167,"输入: wk-[in](REAL_ARRAY), x-[in](REAL_ARRAY), uk-参数(REAL), p-邻近像素间的自相关的强度的常数(REAL), i-图像中的像素点数(INT), j-图像中的像素点数总数(INT) | 输出: xk-结果(REAL)",,Spline Function For Image Processing
325,b5f719353a1aa2e118730b97bb0ea079,图像差值法计算公式,,b5889dd0-a971-4d10-9d37-058caf1df910,"输入: X1-第一时相图像值(REAL), X2-第二时相图像值(REAL), C-常数(REAL) | 输出: double-变化图像(REAL)",,Image Differencing Formula
326,70ed2666a9b5f41f501327a5994775cb,图形梯尺公式,,fcdc0ec5-d60e-44e1-8566-51a626d2a957,"输入: x-制图指标数据(REAL), x0-x的偏移量(REAL), n-目标地图符号中用作表示制图指标的维数(REAL), k-系数，(REAL), b-经验调整参数(REAL) | 输出: y-Slope相应于x的地图符号尺寸(REAL)",,Graphic Scale Formula
327,9400955d445d7dbfda52babd1994a1fc,图斑取舍方法--位置评分模型之判断并计算赋值Bi,,7665e723-a36a-40ac-8700-f487b9062ae1,"输入: di-某图斑到距其最近的图斑的距离(REAL), S1-阈值(REAL) | 输出: Bi-位置值(REAL)",,Polygon Selection Position Score: Bi Assignment
328,041603cfe8a41309f820f1f6893d9618,图斑取舍方法--位置评分模型之归算处理和计算综合评分,,e7ae05e8-497b-40cf-922f-b9e37a5bb927,"输入: Ci-参数(REAL), Ai-参数(REAL), Bi-参数(REAL), n-参数(INT) | 输出: Fi-综合评分值(REAL)",,Polygon Selection Position Score: Composite Score
329,0f58b12eb834a1708f6d068c7546861e,图斑取舍方法--位置评分模型之计算某图斑到距其最近的图斑的距离d,,643548ea-6351-4da9-a09c-164b24ae3b25,"输入: xi-某图斑的坐标值(REAL), xt-最近的图斑的坐标值(REAL), yi-某图斑的坐标值(REAL), yt-最近的图斑的坐标值(REAL) | 输出: di-某图斑到距其最近的图斑的距离(REAL)",,Polygon Selection Position Score: Nearest Distance
330,fcba552782a322e2ec83a8403c0accaf,图斑取舍方法--位置评分模型之计算阈值,,bd3082d4-dab9-4646-94a1-cf45a45d92a0,"输入: Ma-原图的比例尺分母(REAL), Mt-新图的比例尺分母(REAL) | 输出: S1-新图上的图斑总面积(REAL)",,Polygon Selection Position Score: Threshold Calculation
331,58f6cbab7e5cfc6e13273f2d860bb438,图斑取舍方法--定额选取模型,,a9a7f343-39c3-4f57-a862-ed5f72a10fdc,"输入: Gi-原图上单个图斑的面积(REAL), Gj-新图上单个图斑的面积(REAL), Ga-原图上的图斑总面积(REAL), Ma-原图的比例尺分母(REAL), Mt-新图的比例尺分母(REAL), n-参数(REAL) | 输出: Gt-新图上的图斑总面积(REAL)",,Polygon Selection Quota Model
332,555c9c6ae90bfe2807e49372ceb1b932,土地价值公式,,b1c2527f-1a24-4fff-8b74-ba61d350bf97,"输入: a-纯收益(REAL), R_1-风险调整系数(REAL), r_1-还原利率(REAL) | 输出: double-当地居民居住用地平均价值(REAL)",,Land Value Formula
333,cc8683ab498fbf3a40e5582c6a9c5e29,土地利用结构的特征指标,,a04acc5b-b663-4dca-b30c-9b531f4e7a7e,"输入: W-[in](REAL_ARRAY), A-[in](REAL_ARRAY), n-土地利用类型数(REAL) | 输出: Is-土地利用结构的特征指标(REAL)",,Land-Use Structure Characteristic Index
334,a0ca040b8e1bf1c263b7f9b6c3e6b5a4,土地生产潜力模型,,15886b5a-d845-4156-a8e8-9ad666c5c159,"输入: YW-从作物播种到收获时间的水生产潜力(REAL), Is-相对质量系数(REAL) | 输出: Ys-土地生产潜力模型(REAL)",,Land Productivity Potential Model
335,04a0b4474bd2b71c65b18bede4c5eb47,土地等价比率,,ba9d1b0c-4ebf-4a6e-8566-dc248c6af807,"输入: ya-作物成分A的产量(REAL), yb-作物成分B的产量(REAL), Ya-最大单一作物产量(REAL), Yb-最大单一作物产量(REAL) | 输出: double-土地等价比率(REAL)",,Land Equivalent Ratio
336,ec0ff363eff37ce678674cf405861809,土地等价系数,,121f657c-a1d7-470b-9345-0c5324341cef,"输入: ya-作物A的产量(REAL), yb-作物B的产量(REAL), Ya-最大单一作物产量(REAL), Yb-最大单一作物产量(REAL) | 输出: double-土地等价系数(REAL)",,Land Equivalent Coefficient
337,147190ccd5bad241568b618ff84cff8e,土地资源加权平均综合指数,,3bfd8604-bcc7-447b-aa73-2ef773179f1b,"输入: f-各种土地资源的附加权数(REAL_ARRAY), x-各种土地资源量占较大区域系统土地资源量的比重(REAL_ARRAY), m-种类(REAL) | 输出: double-土地资源加权平均综合指数(REAL)",,Weighted Comprehensive Land Resource Index
338,2e5f0fd1b30788572de8e2caf3385608,土地资源综合潜力评价模型,,f08ff583-76ec-470c-899d-8853b167aada,"输入: S[]-标准化处理结果(REAL_ARRAY), W[]-全盘指数(REAL_ARRAY), n-指标数(INT) | 输出: double-评价结果(REAL)",,Land Resource Comprehensive Potential Evaluation Model
339,a77c02be89edc436c19a7f5d027aef42,土壤-冠层混合光谱,,b9ac0a55-a22c-4783-80f3-77804590e909,"输入: E0-表达为冠层顶部总的辐射(REAL), rs-土壤反射系数(REAL), tcSquare-下行与上行总的冠层透射率乘积(REAL), rc-植被反射系数(REAL) | 输出: dm-土壤-冠层混合光谱(REAL)",,Soil-Canopy Mixed Spectrum
340,76ca0ac7e964c83bd8bb3be7e0361602,土壤-水分混合物的相对介电常数,,acfb2d39-57ab-477f-902c-eda7a07891a2,"输入: epsions-固体土壤的相对介电常数(REAL), roub-土壤的体积密度(REAL), rous-特定土壤的粒子的密度2.66g/m3(REAL), Mv-体积水分含量(REAL), betapiepie-S和C分别是沙石和黏土在土壤中的质量比例(REAL), betapie-1.2748-0.519S-0.152C(REAL), alpha-经验性常数0.68(REAL), epshilonfwpie-Debye型修正方程给出的水介电常数的实部(REAL), epshilonfwpiepie-Debye型修正方程给出的水介电常数的虚部(REAL), epshilon0-真空的介电常数(REAL), taow-水的池豫时间(REAL), f-频率(REAL), roueff-0.0467+0.2204roub-0.4111S+0.6661C，C是有效介电常数(REAL), epshilonwinfi-在无穷大频率时的介电常数(REAL), m-相应参数(REAL), W-相应参数(REAL), j-相应参数(REAL) | 输出: double-土壤-水分混合物的相对介电常数(REAL)",,Relative Permittivity Of Soil-Water Mixture
341,2bc41d26f29358323c44f12487127614,土壤侵蚀区位熵Li,,e71ab4af-eafa-4c41-97a5-e49e63326ab5,"输入: e_i-城市中i部门的职工数(REAL), e_t-城市中职工总数(REAL), E_i-全国i部门职工人数(REAL), E_t-全国总职工人数(REAL) | 输出: double-土壤侵蚀区位熵Li(REAL)",,Soil Erosion Location Entropy Li
342,86447f4f2b152c8b1f37252eaeb70eb1,土壤分解者呼吸量R模型,,a1849de0-a7aa-45c8-937a-e9b838ddb57b,"输入: n-节肢动物的调查次数(INT), W-0~10cm深度的土壤干重(REAL), R[]-第k次测定时土壤呼吸强度(REAL_ARRAY), alpha-氧卡系数修正值(REAL), Dk-第k-1次到第k次调查时的时间间隔(REAL) | 输出: Rb-土壤分解者呼吸量(REAL)",,Soil Decomposer Respiration R Model
343,d85bc840332313506ca36aa35593926c,土壤反射率可给模型,,5e4301ad-2e59-4db0-ab6c-aa944f61645a,"输入: hr-粗糙度(REAL), Q-偏振混合参数(REAL), Taosp-p偏振镜向反射率(REAL), theta-视角(REAL) | 输出: double-土壤反射率(REAL)",,Soil Reflectance Model
344,0316b23ce28b0cf190485cb527433962,土壤各土层的碳含量CC模型,,2844a851-28cf-4391-a21c-ee3891990b9e,输入: H-土层深度(REAL) | 输出: CC-土壤各土层的碳含量(REAL),,Soil Layer Carbon Content CC Model
345,af1163ff7cc659541b3f8af4e893178a,土壤呼吸速率Sr模型,,e86b2eec-5410-4bc3-b175-9f6b50c2e7ea,"输入: C1-送气管中空气的CO2浓度(REAL), C2-出气管中空气的CO2浓度(REAL), F-进入人工气候箱内的气体流量(REAL), K-温度校正后的CO2每升体积的重量(REAL), P-气压订正值(REAL), A-人工气候箱内所占的地面积(REAL) | 输出: Sr-当时的土壤呼吸速率(REAL)",,Soil Respiration Rate Sr Model
346,628a33ccf154cfc1854dd87424e8596c,土壤层的介电特性,,921ff80b-c4f5-45d0-aaad-bf075124c1ac,"输入: kc-土壤聚集体的介电常数(REAL), fc-土壤聚集体占据的体积比例(REAL) | 输出: double-土壤层的介电特性(REAL)",,Soil Layer Dielectric Properties
347,047c3ad2309ce035c9a96e9571757e49,土壤微生物变化模型,,98e1ac99-dd5f-467e-bdbd-1bd4b155a3e2,"输入: d1-每年落叶中氮的分解率(REAL), L-枯草落叶(REAL), Pr-直接被微生物分解的根中氮的死亡比例(REAL), dr-参数(REAL), G-草地(REAL), dO-每年腐殖质的分解率(REAL), O-腐殖质(REAL), lm-年度有机氮的滤去率(REAL), mm-微生物的年度矿化率(REAL), M-土壤微生物(REAL) | 输出: dM_dt-土壤微生物随时间变化率(REAL)",,Soil Microbial Change Model
348,3f262c78b02a8f8536a05ab961447a79,土壤校正植被指数,,ae0e0e61-0b72-4473-8e70-cf6e0be8470c,"输入: Rni-近红外波段反射率(REAL), R-红光波段反射率(REAL) | 输出: Isav-土壤校正植被指数(REAL)",,Soil-Adjusted Vegetation Index
349,d0c7332e6cf08b09f5c266ab7e85aec1,土壤校正植被指数另一形式,,6c1afd84-7bb4-4c17-9774-f6f24970e54d,"输入: RhoNIR-红外波段反射率(REAL), Rhored-红波段反射率(REAL) | 输出: TF-土壤校正植被指数(REAL)",,Soil-Adjusted Vegetation Index (alternate Form)
350,3729e358f036c060a06ff633216c91a0,土壤水分含量表达式1,,b03bfbf0-684f-493a-9dee-0dacad1d8d9f,输入: h-土壤深度(REAL) | 输出: double-土壤水分含量1(REAL),,Soil Moisture Content Formula 1
351,14b50c4bbd3a383ae16433666953d85f,土壤水分含量表达式2,,2143457e-a5dd-4e38-a22e-a011a9511b86,输入: h-土壤深度(REAL) | 输出: double-土壤水分含量2(REAL),,Soil Moisture Content Formula 2
352,cab8bc030f9e5a0d5c3badb206b30fd5,土壤水分含量表达式3,,e9c00444-620f-4f34-8a40-672e2836e6f9,输入: h-土壤深度(REAL) | 输出: double-土壤水分含量3(REAL),,Soil Moisture Content Formula 3
353,d92bd073c22e3ee2c1fd00a611016d58,土壤湿润度指数,,ffd212b2-0488-44dd-871f-46ecf40e9506,"输入: Ct-降水量指数(REAL), Rt-降水分布指数(REAL) | 输出: Rct-指数Rc的加权谐波模糊运算值(REAL)",,Soil Wetness Index
354,a5e24e6a6d5968f53e3901eb37c01327,土壤热通量,,a93c307b-301f-4e36-b019-894ad085520a,"输入: type-公式名称的选择(INT), Dirre-B3和B2这两个反射系数因子的比值(REAL), Indv-利用B3和B2这两个反射系数因子求得的归一化差植被指数(REAL), R_si-相对于表面的太阳辐射的入射通量(REAL), R_so-相对于表面的太阳辐射的出射通量(REAL), R_li-相对于表面的长波辐射的入射通量(REAL), R_lo-相对于表面的长波辐射的出射通量(REAL) | 输出: double-土壤热通量(REAL)",,Soil Heat Flux
355,8fad292b53b324c74241067accf77702,土壤聚集体的体积密度,,3c83d821-1129-4cf3-8af9-f59fd9265bbd,"输入: X-有机物的重量百分比(REAL), p0-有机物的平均体积密度(REAL), pm-无机物的体积密度(REAL) | 输出: double-土壤聚集体的体积密度(REAL)",,Soil Aggregate Bulk Density
356,2ed3446ed889b1214fb4ad2eda4cfab8,土壤蒸发率,,ded2e1ed-c53f-40f9-94bf-8a8e3eea10f2,"输入: pcp-空气的体积热容量(REAL), r_-湿度计常数(REAL), hr-临近土壤水分的空气的相对湿度(REAL), e-未知系数(REAL), Ts-土壤的温度(REAL), es-土壤表面的空气的水蒸气压(REAL), ras-土壤表面边界层对水蒸气和显热传输的空气动力学阻率(REAL) | 输出: double-土壤蒸发率(REAL)",,Soil Evaporation Rate
357,f9436ee247386fc088c4237d0e13989c,土壤表层热惯量模型,,d4c0774c-5b00-4927-8f7f-009d884eebc5,"输入: w-圆频率(REAL), B-综合因子(REAL), C-自由参数(REAL) | 输出: double-土壤表层热惯量(REAL)",,Surface Soil Thermal Inertia Model
358,94b64128ea729faeaa5e991b225b6375,土壤表面的能力平衡方程,,45921fb2-f7df-4333-89bc-f9c1b073aed3,"输入: pcp-空气的体积热容量(REAL), r_-湿度计常数(REAL), es-土壤表面的空气的水蒸气压(REAL), eac-冠层内的空气的水蒸气压(REAL), ras-土壤表面边界层对水蒸气和显热传输的空气动力学阻率(REAL), Ts-土壤的温度(REAL), Tac-冠层空气的温度(REAL), G-土壤热通量(REAL) | 输出: double-土壤表面的能力平衡(REAL)",,Soil Surface Energy Balance Equation
359,89aea2b64602ffc5b98bb6a662de1217,土壤表面辐射强度,,232b2bae-f6e0-4520-b691-bd659290ead3,"输入: epsilon-地表辐射系数(REAL), Tsoil-地表温度(REAL) | 输出: TB-土壤表面辐射强度(REAL)",,Soil Surface Radiance
360,95189e2c961678d43873d5a6305b2716,在1.4GHz水平极化方向，及10°观察角上的微波发射可用Fresnel方程进行计算预报,,2d346f35-dd45-4674-b394-58da2f5a9166,"输入: kc-土壤聚集体的介电常数(REAL), fc-土壤聚集体占据的体积比例(REAL), the-入射角(REAL) | 输出: double-微波发射(REAL)",,Fresnel Equation Microwave Emissivity (1.4 G Hz H-Pol)
361,e43797d11587e4dbaa141b9868b5aefe,在5km的可见度下，得到的线性回归关系,,b0411510-5011-4438-8914-95f83819b43d,输入: W-大气中可降水量(REAL) | 输出: double-分割窗口温度差(REAL),,Split-Window Temperature Difference Regression (5 Km Visibility)
362,b5eeae282ce52724e9e4e872fc58ac94,在一对测量值随着分离距离变化的空间依赖性,,949e0d84-e9bf-49aa-8c67-2eb4a3351f70,"输入: h-距离(INT), Z-[in](REAL_ARRAY), n-距离为h的样品数(REAL) | 输出: gam-空间依赖性(REAL)",,Semivariance (spatial Dependence) Formula
363,40ef9fc8eddf4eece8f89e2999a2054b,在光照和观察方向上的互遮蔽比例,,4bb2ef94-8841-43bd-86cd-2141bb06643c,"输入: pro-树冠在地面的投影(REAL), lambda-波长(REAL) | 输出: double-在光照和观察方向上的互遮蔽比例(REAL)",,Mutual Shadowing Fraction (illumination And View)
364,9796748ebc9e7e2351b4f784c3aa9f5f,在沿激光束方向每1.5m间隔内，绝对水分浓度,,938c9ca8-a31f-49bb-a188-f0532fdd1160,"输入: N2_R-沿激光束方向的R中的所有的点的氮分子密度(REAL), del_N2-氮分子(REAL), del_H2O-水分子(REAL), P_H2O-水在范围R中在波长λ接收到的光能(REAL), P_N2-氮在范围R中在波长λ接收到的光能(REAL), K-望远镜的传输、反射和接收的灵敏因子(REAL) | 输出: double-绝对水分浓度(REAL)",,Absolute Water Vapor Concentration (1.5 M Range Bins)
365,f2d2f1a71a5540beddfc782f67cf873f,"在点r(x,y)处的冲突潜力",,4acfb835-eeb8-444b-bb0c-72ed6ae44a96,"输入: G0r-位于r(x,y)点处的秧苗的正规化生长方程(REAL) | 输出: Phir-在点r(x,y)处的冲突潜力(REAL)",,"Conflict Potential At Point R(x,y)"
366,85ee1589183cc52e69bb0085fdfddd12,在给定波段上沙地的反射系数,,13b4c976-f011-477c-a0d5-a101651fb0d0,"输入: Rg-阳光照射的地面的信号(REAL), g-像元中能观察到的被阳光照射背景的比例(REAL), Rd-荫蔽地面的信号(REAL), d-能观察到的荫蔽背景的比例(REAL), Rv-阳光照射树冠的信号(REAL), v-能观察到的阳光照射树冠表面投射到背景上的比例(REAL), Rs-荫蔽树冠的信号(REAL), s-能观察到的荫蔽树冠表面投射到背景上的比例(REAL) | 输出: double-微波辐射计的逆向辐射温度(REAL)",,Sand Reflectance Coefficient By Band
367,10f350fcb54dc1123da84cdf4a94db5c,地下水补给量Um模型,,41babd01-da89-4d54-81d3-2a6821bb59e4,"输入: R_um-开采情况下的河川基流量(REAL), U_k-开采情况下的山前侧渗量(REAL), E_um-开采情况下的潜水蒸发量(REAL), q_m-地下水开采净消耗(REAL) | 输出: double-地下水补给量(REAL)",,Um Groundwater Recharge Model
368,1fd996ff148d1009c34edd54e5e27114,地下水资源承载力分级的综合评分值,,8c41bc94-8843-48b4-859a-dba0321be247,"输入: b_j-等级隶属度(REAL_ARRAY), a_j-j项评分(REAL_ARRAY) | 输出: double-参数(REAL)",,Groundwater Resource Carrying Capacity Composite Score
369,38d9e4f948278955741883fadf17b3b6,地价P模型,,b4a13218-07e5-42c3-935a-e40393318c25,"输入: R-地租(REAL), r-土地资本化率(REAL), n-土地出让年限(INT) | 输出: double-地价(REAL)",,Land Price P Model
370,04ec139d0f4678d1571a2c6cfe84d855,地块连通性和排列对动物复合种群动力学的影响模型--一个简单但广泛使用的土地利用模型，Levin的初始模型,,f13f67e0-4580-4fe2-a0f8-3b956ec230e1,"输入: m-与移植能力有关的常数(REAL), e-与灭绝率有关的常数(REAL), t-参数(REAL), C-常数(REAL) | 输出: p-物种占据的地块的比例(REAL)",,Levins Metapopulation Model
371,95d84f448e89f6fb90f5a45a16618900,地域分工与区位优势分析公式,,398eb222-b2d5-42fb-a4b9-3239ef59d910,"输入: C-产品成本(REAL), T-运费(REAL), U-产品效用(REAL) | 输出: double-区位优势(REAL)",,Regional Division Of Labor And Location Advantage Formula
372,413989c62238641e5780f5b69111c28e,地处干旱区的新疆石河子市附近的蘑菇湖水库的（COD）浓度的变化,,9fbc2605-7073-4e31-bb58-e61f1b0b7250,"输入: x1-流域范围内人口的变化（万人）(REAL), x2-流域范围内工业产值的变化（亿元）(REAL), x5-水域中污水的排入量(REAL) | 输出: double-水域中污染（COD）浓度的变化（mg/L）(REAL)",,Mogu Lake Reservoir COD Concentration Change Model
373,5cdea3166ab3c1bd6559186bc3ee44fd,地形描绘的数学方法--拟合,,2c394b05-ad04-41dc-acf0-7e8236732269,"输入: p-待拟合的点(VECTOR2), C[]-拟合参数，长度为10(REAL_ARRAY) | 输出: double-拟合值(REAL)",,Terrain Representation Mathematical Method: Fitting
374,9068c884dd38b2f9f39acac5d309c746,地形描绘的数学方法--插值点的高程值,,5251c63c-4ef8-4781-85ff-ce6d887a9447,"输入: a[]-权重系数(REAL_ARRAY), phi[]-二维余弦函数(REAL_ARRAY), n-数组个数(INT) | 输出: double-插值点的高程值(REAL)",,Terrain Representation Mathematical Method: Interpolated Elevation
375,e3a857d76a5a63d4e459e64256ce6b5f,地形描绘的数学方法--梯度,,27ccd109-3ff9-475b-bd05-5186ad9ffd78,"输入: droundx-H(x,y)对X的偏导(REAL), droundy-H(x,y)对X的偏导(REAL) | 输出: double-梯度(REAL)",,Terrain Representation Mathematical Method: Gradient
376,3687e01a580ea513401644f3480f59cd,地形描绘的数学方法--梯度方向,,2ea8ecd7-12fe-41cd-9d42-df0cda7e0a49,"输入: droundx-H(x,y)对X的偏导(REAL), droundy-H(x,y)对X的偏导(REAL) | 输出: double-梯度方向(REAL)",,Terrain Representation Mathematical Method: Gradient Direction
377,cca8b536600a072ea77a22797b4d7c5b,地形纠正的数字高程模型,,c5965f0a-8f63-404a-8748-e05331fc884a,"输入: Es-原始图像灰度(INT), thet-当地太阳入射角(REAL), S-像素的坡度(REAL), A-像素的坡向(REAL), T-太阳在水平面上的方位角(REAL), theto-当地太阳入射角(REAL) | 输出: int-纠正后的图像灰度(INT)",,Topographic Correction DEM
378,8b252040626235cefb7c1d8e0614649b,地理信息系统可视化专题制图要素分级方法--几何级数分级法,,966080a0-d196-4d13-8f87-8b6e18043003,"输入: L1-制图要素统计数据的最小值(REAL), j-参数(INT), gamma-待定分级参数(REAL), k-参数(INT), X-参数(REAL), B-[in](REAL_ARRAY) | 输出: H-制图要素统计数据的最大值(REAL)",,Thematic Mapping Classification: Geometric Interval Method
379,5a61f7f0fbfd69398afc80e37f755d0f,地理信息系统可视化专题制图要素分级方法--制图要素分级信息量,,4d83431c-c9bb-47f7-88b5-1a55fd5b129c,"输入: N-要素最大理论分级数(INT), fk-要素分级数加权因子(REAL), M-专题地图比例尺分母(REAL), gamma-制图比例尺加权因子(REAL), j-第j级(INT), k-制图要素实际分级数(INT), S1-[in](REAL_ARRAY) | 输出: I-制图要素分级信息量(REAL)",,Thematic Mapping Classification Information Content
380,59555cf32f0e77489d85679a600a98ad,地理信息系统可视化专题制图要素分级方法--申农公式,,9567222b-63f5-42f2-9801-76eccce4dc39,"输入: P-[in](REAL_ARRAY), n-参数(INT) | 输出: I-地图信息量(REAL)",,Shannon Formula Map Information Content
381,77e52bd7acbd660eec52f64b236f5874,地理信息系统可视化专题制图要素分级方法--算术级数分级法,,e128310a-2211-4002-8ff6-2fbf943b3317,"输入: L1-制图要素统计数据的最小值(REAL), j-参数(INT), d-待定分级参数(REAL), k-参数(INT), X-参数(REAL), B-[in](REAL_ARRAY) | 输出: H-制图要素统计数据的最大值(REAL)",,Thematic Mapping Classification: Arithmetic Interval Method
382,409f6c1da1ab116000e3abb72664cca2,地理信息系统可视化专题制图要素分级方法--综合特征值量测法,,0137cd92-a97a-4ef6-9b99-a8c8b28042fc,"输入: w-制图要素第i分级或第i类别出现的频率或频数(REAL_ARRAY), a-制图要素的特征数值(INT), mu-制图要素的特征值参数(REAL) | 输出: I-综合特征值(REAL)",,Thematic Mapping Composite Characteristic Value Method
383,0bd53b82e5a6b1b478ee0bba5ff6dbbe,地理背景底图制作及等值线图绘制的相关模型--等值线图的绘制的距离加权模型,,654a0dc9-360b-4c10-b582-f7cbeea1463d,"输入: Zi-临近点的实测值(REAL), di-临近点到所求点的距离(REAL), a-距离权重系数(REAL), n-要求的点数(REAL) | 输出: Z-所求点的值(REAL)",,Contour Mapping Inverse Distance Weighting Model
384,4a105781a12ced02a93047c3ff8eb2d6,地表能量平衡成分图制作的相关模型--净辐射通量密度Rn,,90cc0dc5-ed66-4e61-8181-87a3fdf007ff,"输入: epsilona-反射率(REAL), epsilons-表面发射率(REAL), Ta-空气温度(REAL), Ts-表面温度(REAL), sigma-Stefan-Boltzmann常数(REAL), e0-水蒸气压(REAL), RS1-入射的太阳短波辐射的通量密度(REAL), RS2-出射的太阳短波辐射的通量密度(REAL) | 输出: Rn-净辐射通量密度(REAL)",,Net Radiation Flux Density (rn)
385,be1e8c5be04c84a1b5480027ef84c0d7,地面水平时阴影像元的地表散射辐射值及其遥感分量模型,,dc2f237d-6a17-4de2-a2ea-39763a2d7343,"输入: DDij-地面水平时卫星像片阴影中像元散射辐射遥感值(REAL), Gij-阴影中像元的天空光照射率(REAL) | 输出: double-地面水平时阴影像元的地表散射辐射值及其遥感分量(REAL)",,Surface Diffuse Radiation In Shadowed Pixels (horizontal Terrain)
386,30f1246dc4b7c8b4439c0e57a20a4783,地面测量部分百分数,,e006f5f2-17ad-4693-93cf-6c7f64a80288,输入: Indv-正规化的差分植被指数(REAL) | 输出: IPAR-地面测量百分数(REAL),,Ground-Measured Fraction Percentage
387,3bc64c7f9fe8ebe456f315903a7e2f21,地面目标反射率模型,,0a2d3572-7459-477b-adda-36f91e3830f6,"输入: roustar-地面-水平朗伯面的反射率(REAL), Tg-太阳-地面-遥感器路径上打起的总透过率(REAL), roua-大气反射率(REAL), Tthetas-向下散射透过率(REAL), Tthetav-向上散射透过率(REAL), S-大气反射比(REAL) | 输出: double-地面目标反射率(REAL)",,Surface Target Reflectance Model
388,529299a85e58f36bfcf5bb61dd57cf65,地面覆盖观测值函数,,09bb2704-04c0-4fe5-9bae-71b0b0b45c49,"输入: the-观测顶角或者太阳天顶角(REAL), k-平均树冠水平面积的常数(REAL), D-数密度(REAL) | 输出: double-地面覆盖观测值(REAL)",,Ground Cover Observation Function
389,bab1155c8c719544223f80a3cde1c0b2,地面辐射平衡方程,,eaf7f073-a8f7-4380-94d2-cd22d44d9c11,"输入: SD-到达地面的太阳总辐射(REAL), alpha-地面对太阳辐射的反射率(REAL), Eg-地面放出的长波辐射(REAL), delta-大气逆辐射被地面吸收的部分(REAL), EA-参数(REAL) | 输出: R-辐射差额(REAL)",,Surface Radiation Balance Equation
390,7524e31814d0160e8518f5ea14b353f1,均匀度指数(E)模型,,4d46fb95-7667-4f9e-988d-35a1b9ca9608,"输入: H-多样性指数，Hmax为最大多样性指数(REAL), S-总种数(REAL) | 输出: E-均匀度(REAL)",,Evenness Index (E) Model
391,416fadbbe703cf7164cb2610104fac68,均质地域的均质度公式,,c1989915-7abc-4307-85b6-3c5da4fffb75,"输入: lambda-系数(REAL), w[]-均质地域内各种职能的部门的用地面积(REAL_ARRAY), n-职能种类(INT), i-待计算均质地域均质度的编号(INT) | 输出: double-第i种职能部门用地地域均质度(REAL)",,Homogeneity Formula For Homogeneous Regions
392,f56956f72f3b745fc467dda5f5121858,坝体断面及渗透计算,,93a8c3f5-7432-467a-83bd-07ff402fc2af,"输入: a0-浸润线逸出高度(REAL), m2-下游坝坡比(REAL), H2-下游水深(REAL) | 输出: double-坝体断面及渗透(REAL)",,Dam Cross-Section And Seepage Calculation
393,e9fea79db2761a0d2f8adaebecf08e1d,坡度,,bdbd6623-fe00-4936-bed7-7e6ac170e9ac,"输入: Zij-像元的高程(REAL), Zij1-像元的高程(REAL), Zi1j-像元的高程(REAL), Zi1j1-像元的高程(REAL), dx-X方向上的差(REAL), dy-Y方向上的差(REAL) | 输出: double-坡度(REAL)",,Slope
394,bebb586d89326e884a0f7f382c66a8f4,垂直分布的数学模型,,6e742ce7-1a90-4e17-bc41-c6bd7f067f4b,"输入: h1-迁入区垂直高度(REAL), f-水平迁出区水平位置(REAL), f1-迁入区水平位置(REAL), f2-垂直迁飞区迁出区的地方纬度(REAL) | 输出: double-粘虫在我国的水平分布于垂直分布关系的方程(REAL)",,Vertical Distribution Mathematical Model
395,d82ddbeb72589ec9d9f4073b6e8d46f3,垂直极化方式,,f05aeaf4-ab47-4a21-ae80-7f5d1691c07a,"输入: theta-入射角(REAL), epsionr-海水的相对介电常数(REAL) | 输出: double-垂直极化(REAL)",,Vertical Polarization (fresnel) Coefficient
396,b1638b73b48b4fa8897e01992a622eb4,垂直植被指数,,19a3c353-6ade-4566-8cbf-e2cc3ecef988,"输入: Rnir-AVHRR可见光反射率(REAL), Rred-AVHRR近红外反射率(REAL), bb-计算参数(REAL), aa-计算参数(REAL) | 输出: Ipv-垂直植被指数(REAL)",,Perpendicular Vegetation Index (PVI)
397,2a90dbd6f6cfa7785f1d1eadd58320e9,城乡聚落动态变化的维数公式,,f27ba557-e593-4700-a1e7-fd095bc5b76d,"输入: Ar-以r为量测尺度的某一样本面积(REAL), Pr-以r为量测尺度的某一样本周长(REAL), c-截距(REAL) | 输出: double-维数(REAL)",,Urban-Rural Settlement Dynamics Fractal Dimension Formula
398,ecf88651e0d14aa866be3d8a537d07e3,城市体系KOCH雪花模型,,3968647e-9a24-441a-a842-ac8fea4f7cab,"输入: k-参数(REAL), Qi-i城市质量(REAL), Qj-j城市质量(REAL), b-参数(INT), R-两城市之间距离(REAL) | 输出: double-两城市之间引力(REAL)",,Urban System Koch Snowflake Model
399,47aa29039b0b01c9695cc3d461ca66d2,城市地域结构的潜能模式,,95919b8d-1746-4213-88b7-cc36f50d96f8,"输入: R-城市半径(REAL), b-摩擦系数(REAL) | 输出: double-市区从中心到边缘一个方向的潜能(REAL)",,Urban Spatial Structure Potential Model
400,d927eb30f24e7a345c6aebbe1534eb17,城市廊道预测模型,,37fa3bf3-4aca-48e8-9681-2d539faffc5d,"输入: Dlai-基期城市廊道长度(REAL), Nli-年均廊道扩展系数(REAL), n-预测年期(INT) | 输出: double-预测值(REAL)",,Urban Corridor Prediction Model
401,b9212b1c8d94f7a1b8874ee98d0d87da,城市标准地块线性分布计量模型,,5ab50f7b-4cd9-4044-a362-e4f3a0a80317,"输入: M1[]-沿道路土地级别结构所决定的标准地块数(REAL_ARRAY), M2[]-沿道路土地级别中单元质量差异程度决定的标准地块数(REAL_ARRAY), n-道路数量(INT) | 输出: double-标准地块线性分布计量结果(REAL)",,Urban Standard Plot Linear Distribution Model
402,68cc45c881d6e55f354ff1c746a18e1e,城市水环境承载力指数,,442cd85f-b6be-48d0-94ab-11d480558267,"输入: m-水环境承载力数量(INT), n-每个水环境承载力指标个数(INT), E[]-水环境承载力指数(REAL_ARRAY) | 输出: double-第j个水环境承载力指数归一化后的矢量值(REAL)",,Urban Water Environmental Carrying Capacity Index
403,5fa17d98169bcab9f68df471dc7983bd,城市热岛强度回归方程,,d2da491b-012b-4893-8ce2-0123b9772c24,"输入: s-太阳直接辐射日总量(REAL), v-日平均风速(REAL), v20-20时风速(REAL), n20-20时低云量(REAL) | 输出: double-热岛强度(REAL)",,Urban Heat Island Intensity Regression Equation
404,04615effea71af5e37f88b8089522830,城市生态位评价分值p,,d8e3b423-ff94-484f-b277-05273f26b8d6,"输入: Pa[]-指标a级标准评分值(REAL_ARRAY), Ia[]-指标a级标准值(REAL_ARRAY), x[]-指标参数值(REAL_ARRAY), deltaI[]-指标标准级差(REAL_ARRAY), n-评价指标个数(INT), W[]-指标权值(REAL_ARRAY) | 输出: double-城市生态位评价分值p(REAL)",,Urban Niche Evaluation Score P
405,c2c259db92863149b608d3b2ae5541cf,城市综合实力指数,,0817dcf3-bf6c-4325-a5e5-00d80df585c6,"输入: Xij[]-指标矩阵(REAL_ARRAY), Iij[]-特征向量元素(REAL_ARRAY), lamda[]-特征值(REAL_ARRAY), p-特征值数(INT), m-指标矩阵第二维长度(INT), n-指标矩阵第一维长度(INT) | 输出: double-城市综合实力指数(REAL)",,Urban Comprehensive Strength Index
406,91e71da88cce6bdb0ba0fc19bf794668,城镇大气污染价值公式,,f2420f77-94f8-48f0-ac76-cb4ef7a269f3,"输入: A-人均生活废气量(REAL), P-总人口(REAL), P_a-当地废气处理价格(REAL), S_c-城镇用地面积(REAL) | 输出: double-城镇大气污染负价值(REAL)",,Urban Air Pollution Value Formula
407,fe4a4c8ad07401e9ebce3fcb99f716aa,城镇废渣污染价值公式,,5b372fa2-5d3c-4769-b1e8-b3b1bf375dad,"输入: S-人均生活废渣量(REAL), P-总人口(REAL), P_s-当地废渣处理价格(REAL), S_c-城镇用地面积(REAL) | 输出: double-城镇废渣污染负价值(REAL)",,Urban Solid Waste Pollution Value Formula
408,0a16734fc0c6d258fa97b83d5633e72a,城镇水污染价值公式,,6b4de584-7747-4f36-ba61-6cdc6bd4d74c,"输入: W-人均生活废水量(REAL), P-总人口(REAL), P_w-当地生活废水处理价格(REAL), S_c-城镇用地面积(REAL) | 输出: double-城镇水污染负价值(REAL)",,Urban Water Pollution Value Formula
409,d63bd3d5bede1aa7e4b04ea7b3ca74f2,城镇污染总价值公式,,126d77db-3b7b-4885-b421-7d494d2558df,"输入: v_cw-城镇水污染负价值(REAL), v_ca-城镇大气污染负价值(REAL), v_cs-城镇废渣污染负价值(REAL) | 输出: double-城镇污染总负价值(REAL)",,Total Urban Pollution Value Formula
410,ee8e1ca8f157c6178c2347d117a29361,城镇等级体系不平衡指数（S）通用公式,,55d6078e-2af0-4eb8-b144-4ad433746925,"输入: Y[]-各规模级按占城镇人口的比重从大到小排序后的累计百分比(REAL_ARRAY), n-规模级的个数(INT) | 输出: double-不平衡指数(REAL)",,Urban Hierarchy Imbalance Index (S) Formula
411,47589a7c0b622e242de4d488c3ad3755,基于两个或三个离散波段的植被指数的叶绿素吸收比指数,,96eb352e-bb44-44b8-967b-39c1e24bbac5,"输入: Rca-从基线绿色反射峰值和700nm波段反射率跨越的距离(REAL), R700-700nm峰值(REAL), R670-670nm峰值(REAL) | 输出: Icar-叶绿素吸收比指数(REAL)",,Chlorophyll Absorption Ratio Index (cari)
412,e887980768bc077fc1c3b912fd128d5a,基于能值分析的可持续发展指数,,8339dd04-a5e9-4e9d-8c43-7e988f71584a,"输入: R-可更新资源通过环境系统对社会经济系统产生的作用(REAL), N-不可更新资源(REAL), IMP-社会资源系统在运作过程中同时接受的反馈输入(REAL) | 输出: double-基于能值分析的可持续发展指数(REAL)",,Emergy-Based Sustainability Index
413,597ee1d053ee91c8cb3550f50f29a526,基于遥感数据的地上生物量估计模型,,1409860b-d0d9-4264-96db-a4824876a85a,"输入: n-时间指数(INT), epsilonc-光化学效率因子(REAL), epsiloni-光合作用有效辐射的吸收比例(REAL), epsilons-处于PAR的电磁波谱范围内的能量比例(REAL), S-总的入射太阳辐射(REAL), gamma-湿度计常数(REAL), rc-农作物对水蒸气传输的阻力(REAL), ra-空气动力学阻力(REAL), rc1-在水分充足条件下农作物对水蒸气传输的阻力(REAL), ec-饱和水蒸气压(REAL), ea-饱和水蒸气压(REAL), Tc-冠层温度(REAL), Ta-气温(REAL) | 输出: double-总的干生物量(REAL)",,Remote Sensing Aboveground Biomass Estimation Model
414,32b84b7b4e59bba917b0a929ae3d2674,基础率,,3b406af2-0ff0-4e0e-bea1-0d1da819ba5e,"输入: Si-基础规模(REAL), Ei-研究区域第i种经济活动水平(REAL) | 输出: double-基础率(REAL)",,Economic Base Ratio
415,9162bae4fb6dcb602ecec3111f29d3cd,基础规模,,371f9b48-751d-46b8-9c1f-e5adac4888fc,"输入: LQ-区位商(REAL), Ei-研究区域第i种经济活动水平(REAL) | 输出: double-基础规模(REAL)",,Economic Base Scale
416,d84f26ba84bafd002902587ded93961c,增益函数模型,,32d1621e-0614-4581-bf22-04c70d7f0309,"输入: D-抛物面天线口径的直径(REAL), J1-第一类一阶贝塞尔函数(REAL), lemda-波长(REAL), u-参数(REAL) | 输出: double-增益值(REAL)",,Antenna Gain Function Model
417,937ffdfa33b556eac762abbdbb026fa4,处于东北松花江支流上的镜泊湖的（COD）浓度的变化,,7585472e-bc46-46e4-93e1-72a543e63108,"输入: x2-流域范围内工业产值的变化（亿元）(REAL), x3-流域范围内农业产值的变化（亿元/a）(REAL), x4-水域中的水位的变化（m）(REAL) | 输出: double-水域中污染（COD）浓度的变化（mg/L）(REAL)",,Jingpo Lake COD Concentration Change Model
418,2b6a46aaef583f2ef34b54fe77a16885,复杂系统的种群动态模型--寄主A的种群密度,,9322066b-c501-4d61-a3b5-bccd80db9565,"输入: B-参数(REAL), e-自然对数的底(REAL), rr-参数(REAL), Qt-t代寄主A的种群密度(REAL), Q_-参数(REAL), a-参数(REAL), Pt-t代寄生者的种群密度(REAL), K-参数(REAL), k-参数(REAL) | 输出: Qt_1-t+1代寄主A的种群密度(REAL)",,Complex System Population Dynamics Model: Host A Density
419,11aef0c0b59c81bc8be493dd291d3cab,复杂系统的种群动态模型--寄主B的种群密度,,94761966-eb97-49dc-a016-d0164b744f6c,"输入: L-参数(REAL), Nt-t代寄主B的种群密度(REAL), a-参数(REAL), Pt-t代寄生者的种群密度(REAL), K-参数(REAL), k-参数(REAL), Qt-t代寄主A的种群密度(REAL) | 输出: Nt_1-t+1代寄主B的种群密度(REAL)",,Complex System Population Dynamics Model: Host B Density
420,4c9e82f64e360af56d1febab7a2e9220,复相关系数,,08260d8a-f83f-4448-9516-b4363b641c4f,"输入: sse-残差平方和(REAL), ssr-回归平方和(REAL) | 输出: double-复相关系数(REAL)",,Multiple Correlation Coefficient
421,fe35bd3ac97367175c7b542def410a44,多元线性回归模型,,0289aba0-67d7-4ae0-8091-c4a51c9add1b,"输入: b0-常数项(REAL), m-偏回归系数个数(INT), b-偏回归系数(REAL_ARRAY), e-随机误差(REAL), x-自变量，可从航空像片上判读的环境因子的赋值(REAL_ARRAY) | 输出: double-多元线性回归(REAL)",,Multiple Linear Regression Model
422,fdaac577a084332931484187e1f5b7e9,多元统计分析法,,dac17379-76df-4d76-99f8-63cfb00e91d1,"输入: b[]-最小二乘系数(REAL_ARRAY), b0-第一个最小二乘系数(REAL), x[]-影响因子(REAL_ARRAY), k-影响因子个数(INT) | 输出: double-受影响程度(REAL)",,Multivariate Statistical Analysis Method
423,0027e778d3e3b8ef246bd8e084e819bf,多样性分析方法—Shannon-Wiener指数模型,,82b96ca2-4a4f-4ea4-9fa5-47351157edeb,"输入: n[]-对每一个物种的重要值(REAL_ARRAY), Num-总的物种数(INT), N-总的重要值(REAL) | 输出: H-多样性值(REAL)",,Shannon-Wiener Diversity Index Model
424,94675288ac4eb8bc1bfda88561e74c35,多样性指标(H)模型,,00babd80-5e17-41d5-9eec-96a17e3715ba,"输入: P[]-个体总数概率(REAL_ARRAY), S-总种数(INT) | 输出: H-多样性指数(REAL)",,Diversity Index (H) Model
425,6193779480eb209b6a3a5da7b4c7b027,夜间平均二氧化碳净交换量,,4c0ed7aa-398d-4d51-b4f2-a9cfd8a58fc1,"输入: a-回归系数(REAL), b-平均每半小时空气或土壤的温度(REAL), T-参数(REAL) | 输出: FCO2-夜间平均二氧化碳净交换量(REAL)",,Nighttime Mean Net CO2 Exchange
426,2771a98908ebe6652b5a5dd8e6d627b6,大型木质藤本植物的生物总量W模型,,4b52e699-656b-496f-8179-eb4117cf1c2f,"输入: D-藤粗度(REAL), L-藤长度(REAL) | 输出: W-大型木质藤本植物的生物总量(REAL)",,Large Woody Liana Biomass Model (W)
427,b7732f263615bd79370c0141c73a5b5e,大气-土壤界面处的能量平衡模型,,bfb0a182-5559-4812-b499-3e5f218ad72d,"输入: Rl-大气向下的长波辐射通量(REAL), Re-土壤向上的长波辐射通量(REAL), G-土壤表层热通量(REAL), H-土壤表层显热通量(REAL), LE-土壤表层潜热通量(REAL) | 输出: double-太阳短波辐射通量(REAL)",,Atmosphere-Soil Interface Energy Balance Model
428,244dfbbc0b6600ca4a43ca1ab3bb6144,大气动力学阻率公式,,7fd14d2d-f754-4c37-b9c0-01b9daaf9ae1,"输入: k-Karman常数(REAL), u-白天平均风速(REAL), z-气候测量的高度(REAL), h-植物高度(REAL), z0-粗糙参数(REAL) | 输出: double-大气动力学阻率(REAL)",,Aerodynamic Resistance Formula
429,f5db41e2ce766b167f13d05696689d17,大气校正的时间内插模型,,a8f2896b-0299-4d17-bcf6-0b746a509629,"输入: t0-前一天的残余温度(INT), ta-白天温度的波动幅度(INT), w-将余弦函数调整到±π/2的宽度(INT), time-时间(INT), tm-最高温度对应时间(INT), ts-衰减函数的开始时间(INT), k-衰减常数(REAL) | 输出: TemperatureCalculation-拟合后的亮度温度(REAL)",,Atmospheric-Corrected Temporal Interpolation Model
430,85627012a672a61c9a9f260f53ecab16,大气阻尼植被指数,,3437e5f0-68f9-4a4d-bb77-63bf85e5142d,"输入: Ini-近红外指数(REAL), R-红光反射率(REAL), B-蓝光反射率(REAL), gama-依赖于大气悬浮物的类型(REAL) | 输出: Iarv-大气阻尼植被指数(REAL)",,Atmospherically Resistant Vegetation Index (arvi)
431,43d221c10adb26fe3aa34f3d2b71ccdf,大气顶部的辐射度,,c81fe0f9-4b9a-4507-9cb4-b3edc212eebf,"输入: detavi-区间变化范围(REAL), I-特定的强度(REAL), phiv-对给定谱段的一起反应函数(REAL), v-频率(REAL) | 输出: double-大气顶部的辐射度(REAL)",,Top-Of-Atmosphere Radiance
432,c4980a7757640fcbd7decf28ee333a15,天敌之间“误杀作用”的种群数学模型--“误杀作用”下的种群数学模型1,,3b7310e9-5216-44c6-8261-8bff537f6884,"输入: f0_Nt-害虫个体的增长率(REAL), Nt-害虫t代的数量(REAL), f1_Nt_P1t_P2t-害虫N被寄生性天敌P1寄生的概率(REAL), f2_Nt_P2t_P1t-害虫N被寄生性天敌P2寄生的概率(REAL), f3_Nt_Qt-捕食性天敌Q杀死害虫的概率(REAL), f11_P1t_Qt-害虫体内的寄生性天敌P1被捕食性天敌杀死的概率(REAL), f21_P2t_Qt-害虫体内的寄生性天敌P2被捕食性天敌杀死的概率(REAL) | 输出: Nt_1-参数(REAL)",,Intraguild Predation Population Model 1
433,91764006eacb2e06095cb7fa27554b18,天敌之间“误杀作用”的种群数学模型--“误杀作用”下的种群数学模型2,,3b7e662f-8b90-48ac-a16c-2f84aa460ee1,"输入: C1-寄生性天敌P在其他因子作用下的存活率(REAL), Nt-害虫t代的数量(REAL), f1_Nt_P1t_P2t-害虫N被寄生性天敌P1寄生的概率(REAL), k-P1和P2在多寄生虫中通过他们的寄主中的竞争，决定出两者的成活比例(REAL), f2_Nt_P2t_P1t-害虫N被寄生性天敌P2寄生的概率(REAL), f11_P1t_Qt-害虫体内的寄生性天敌P1被捕食性天敌杀死的概率(REAL) | 输出: P1t_1-参数(REAL)",,Intraguild Predation Population Model 2
434,bcf7bd17699852d674b1aef5393adcc2,天敌之间“误杀作用”的种群数学模型--“误杀作用”下的种群数学模型3,,7ff79c66-9bee-4ee7-b0e2-92ee2d62ab6e,"输入: C2-捕食性天敌Q在其他因子作用下的存活率(REAL), Nt-害虫t代的数量(REAL), f2_Nt_P2t_P1t-害虫N被寄生性天敌P2寄生的概率(REAL), k-P1和P2在多寄生虫中通过他们的寄主中的竞争，决定出两者的成活比例(REAL), f1_Nt_P1t_P2t-害虫N被寄生性天敌P1寄生的概率(REAL), f21_P2t_Qt-害虫体内的寄生性天敌P2被捕食性天敌杀死的概率(REAL) | 输出: default_N-P2t_1(REAL)",,Intraguild Predation Population Model 3
435,4ee3848a5fcfc8c3ee78356de32c3280,天敌之间“误杀作用”的种群数学模型--“误杀作用”下的种群数学模型4,,674f537e-b280-4d6b-bf80-e6a223c55870,"输入: C3-小于1的常数(REAL), Nt-害虫t代的数量(REAL), f3_Qt-捕食性天敌Q杀死害虫的概率(REAL) | 输出: default_N-Qt_1(REAL)",,Intraguild Predation Population Model 4
436,bec807a18e7060b6b5732d89777ff956,天敌之间“误杀作用”的种群数学模型--种群数学模型1,,db20c503-a0e5-437d-bc2e-73239e9bfc17,"输入: f0_Nt-害虫个体的增长率(REAL), Nt-害虫t代的数量(REAL), f1_Pt-害虫N被寄生性天敌P寄生的概率(REAL), f2_Qt-害虫N被捕食性天敌Q捕食的概率(REAL), f11_Qt-寄主N已被寄生性天敌P寄生后又被捕食性天敌Q捕食的概率(REAL) | 输出: Nt_1-参数(REAL)",,Intraguild Predation Population Model 1 (no Intraguild Predation)
437,d6e36f054d8d5f577ac2ca3c62721da0,天敌之间“误杀作用”的种群数学模型--种群数学模型2,,547a4f08-931c-431d-a937-b8ea08fff39c,"输入: C1-寄生性天敌P在其他因子作用下的存活率(REAL), Nt-害虫t代的数量(REAL), f1_Pt-害虫N被寄生性天敌P寄生的概率(REAL), f11_Qt-寄主N已被寄生性天敌P寄生后又被捕食性天敌Q捕食的概率(REAL) | 输出: Pt_1-参数(REAL)",,Intraguild Predation Population Model 2 (no Intraguild Predation)
438,66841b49cedf7764e5df6ce9d3d3ae3a,天敌之间“误杀作用”的种群数学模型--种群数学模型3,,5d97ad1d-94f9-453a-8fe3-a39e961c47f8,"输入: C2-捕食性天敌Q在其他因子作用下的存活率(REAL), Nt-害虫t代的数量(REAL), f2_Qt-害虫N被捕食性天敌Q捕食的概率(REAL) | 输出: Qt_1-参数(REAL)",,Intraguild Predation Population Model 3 (no Intraguild Predation)
439,0bba3c1cadcb9117b138839ca78cf773,天气大尺度模型中衡量水分胁迫状况的方法,,e2ed0756-81a1-48c3-847e-58641b14d5de,"输入: r_-归一化胁迫度(REAL), a-Priestley-Taylor系数(REAL), del-饱和水蒸气压曲线的斜率(REAL) | 输出: double-天气大尺度模型中衡量水分胁迫状况的(REAL)",,Water Stress Metric For Large-Scale Weather Models
440,cfd06eb2c8563372ccd7a005f034f577,天空散射光在冠层中的辐射传输,,a2f30967-7ca8-405c-98a1-e1452d3bc493,"输入: E-参数(REAL), gama-描述该介质层中组分反射的参数(REAL), tao-介质层的消光系数(REAL), di-介质层(REAL) | 输出: double-介质层di底部向下的漫射通量(REAL)",,Radiative Transfer Of Diffuse Skylight In Canopy
441,b27e8343855c49ae7ff83fd766ce6fbe,天空辐射,,05938eb2-2eec-493e-baf9-f4b018cbce19,"输入: dd-天空辐射(REAL), Rho1-二向反射系数(REAL), miu1-余弦值(REAL), theta-角度(REAL), DDD-天空向下的漫射通量(REAL) | 输出: RhoD-森林对天空辐射的半球面-直向反射系数(REAL)",,Sky Radiation Hemispherical-Direct Reflectance
442,7961e187075ac750ef271de661d72500,太阳光变角入射时辐射计热力学微分方程,,10267a0f-eab7-4f15-97db-2ef1aeb7196c,"输入: P0-参数(REAL), K-主腔同热沉及环境的热传导系数(REAL), wt-参数(REAL), tao-辐射计的时间常数(REAL), t-参数(REAL) | 输出: double-太阳光变角入射时辐射计热力学微分(REAL)",,Radiometer Thermodynamic Differential Equation For Oblique Sunlight
443,6e568b8d7961678a43233dee4e0e44c5,太阳光谱强度模型,,8253bfa7-9c88-4f3c-ac74-1e591016b728,"输入: I0-大气上界的太阳光谱辐射(REAL), taoms-分子散射的透过率(REAL), taoa-气溶胶衰减的透过率(REAL), tao0-单位面积内垂直气柱中NO2的总含量(REAL), NN-大气质量(REAL), mm-NO2的吸收截面(REAL), sigam-参数(REAL) | 输出: II-到达地面的太阳光谱辐射(REAL)",,Solar Spectral Irradiance Model
444,debda62c49f93bd7ba42247d6818cd78,太阳直射辐射模型,,f631a693-ba42-4372-a872-0301b98472af,"输入: S0-大气上界lemta波长太阳强度(REAL), tao-lemda波长大气气溶胶光学厚度(REAL), miu0-太阳天顶角余弦(REAL), Tm-分子的透过率函数(REAL), lemda1-太阳光谱的上限(REAL), lemda2-太阳光谱的下限(REAL) | 输出: double-太阳直射辐射强度(REAL)",,Direct Solar Radiation Model
445,921019a238efebb0f2de845fa42e08ea,太阳视运动轨迹,,a07bdbd5-01fd-41b9-bdc8-b5f38206fc1b,"输入: phi-地理纬度(REAL), thet-太阳赤纬(REAL), omega-时角(REAL) | 输出: A-太阳方位角，从正南起按顺时针方向计算(REAL)",,Apparent Solar Motion Trajectory
446,6afc454e63541baa055c56142165b097,太阳辐射的每天综合值,,5f2615be-828a-4801-ae10-97e7dc1fc308,"输入: P_1-PI的值(REAL), I_0-太阳常数(REAL), R_1-矢径(REAL), W_1-日落高度角(REAL), Latitude-纬度(REAL), D_1-地球的倾角(REAL) | 输出: I_6-太阳辐射的每天综合值(REAL)",,Daily Integrated Solar Radiation
447,537612fa9e97ccfe9c2e3ecc6e811006,奈曼A型分布模型,,68c1af1c-74a3-4a3c-82a3-f3964a0b4db5,"输入: lambda1-pr服从波阿松分布时各其的期望值(REAL), lambda2-qk服从波阿松分布时各其的期望值(REAL), i-个体数目(REAL), n-j的长度(INT) | 输出: PIi-取样单位中有i个个体的概率(REAL)",,Neyman Type A Distribution Model
448,bd643932a9934ee1d077f413d52a2d44,好根数量R变化模型,,c6d2801e-b757-489f-98c7-5e65323a903d,"输入: rgrow-实际的根更新生长率(INT), rloss-好根损失率(INT), rdead-死亡树木的好根数量(INT) | 输出: dR_dt-好根数量变化率(INT)",,Fine Root Number Change Model
449,5d7332a08ac39031a3d60485ca8c062d,存在稳定平衡时Y1的最大值,,ea4a8961-f156-4d51-a8ef-51e94321fe45,"输入: F2-捕食者的捕食效率(REAL), r2-捕食者的内在生长率(REAL), r1-被捕食者的内在生长率(REAL), v-捕食的内在系数(REAL) | 输出: double-存在稳定平衡时Y1的最大值(REAL)",,Maximum Y1 Under Stable Equilibrium
450,30fed4ad2414931bd94c1aec2075c395,存活到成所期物种R的双值函数,,bd1b2c51-8001-45c8-8d40-8dd94ca08eac,"输入: Wj-竞争者物种数量的总影响(REAL), Kj-在没有竞争时，物种J一粒种子的存活概率(REAL) | 输出: R-双值函数值(REAL)",,Bivalued Function For Species R Survival To Maturity
451,92c2cdd49b852645208a56248c1d012f,季节性生物种群消长的数学模型--受环境约束种群密度y模型,,9f6fa860-314a-4cf3-983f-f32c55c9d324,"输入: k-参数(REAL), c-参数(REAL), e-参数(REAL), a-参数(REAL), t-参数(REAL) | 输出: y-种群密度(REAL)",,Seasonal Population Dynamics Model (environment-Constrained Density)
452,74f86afb7246cc52aa6c577ae0623d08,安全系数,,6b8fc97e-3737-457e-a74a-d5fec3f2c283,"输入: n-土条个数(INT), ri-未知参数(REAL), rf-土料的浮容重(REAL), hz-阻滑力的化引高度(REAL), a-滑弧土条的切线角(REAL), f-坝体土料内摩擦角(REAL), C-土料粘接力(REAL), Ls-滑弧长度(REAL), hH-滑动力(REAL) | 输出: double-安全系数(REAL)",,Factor Of Safety
453,97b3b3675622796b9d1095c9f8b82fc2,宏观分析模型,,1f5f3b22-070d-46d0-a1a9-9311ec8730a9,"输入: type-分析类型(INT), J-地震强度(REAL), Rg-人口密度(REAL), Fg-产值密度(REAL), K-抗震水平(REAL) | 输出: double-宏观分析结果(REAL)",,Macroscopic Analysis Model
454,0a7a51a3547c9a27df55f6976211e3cc,实时定标原理,,8745f373-19cf-44c8-885f-cf98cf76b998,"输入: Va-对应天线的输出电压(REAL), V1-对应参考源的输出电压(REAL), V2-对应参考源的输出电压(REAL), T1-参考源对应的温度(REAL), T2-参考源对应的温度(REAL) | 输出: double-天线温度Ta(REAL)",,Real-Time Calibration Principle
455,f9e617b417b7ae1e3f3ef3daf94a9dfb,实测生物量与AIRSAR反向散射数据间的回归方程,,0f4f2a2d-19d7-419a-9573-08e5ffae6e62,"输入: PHH-根据雷达信道模拟的反向散射(REAL), CHH-根据雷达信道模拟的反向散射(REAL) | 输出: double-野外实测生物量(REAL)",,Field Biomass-Airsar Backscatter Regression Formula
456,b75d4ab68bd14647b4ed878a24bacde5,实测生物量与AIRSAR数据模拟生物量间的回归方程,,00cc4928-70e1-49a2-b6d6-1280cdf49fe5,输入: B_field-实测生物量(REAL) | 输出: double-AIRSAR数据模拟生物量(REAL),,Field Biomass-Airsar Biomass Regression Formula
457,32963a2076b6bbc0ac148fa4b8ea5562,实际的光谱响应度模型,,cefe7392-062a-4000-b0d5-74ff00340630,"输入: Rlemda-参数(REAL), L1-参数(REAL), detalemda-参数(REAL) | 输出: double-选取的光谱亮度(REAL)",,Actual Spectral Responsivity Model
458,3d453780ebc5fd6b8fc6301be0c98772,客源地总旅游需求模型,,90143f4f-d6b1-47e3-b919-0d2ae7f9ea02,"输入: Kt-经验参数(REAL), I-人均收入水平(REAL), P-人口数量(INT) | 输出: double-总的旅游需求人数(REAL)",,Origin-Destination Total Tourism Demand Model
459,217c6a51dadb73e02c15d706fd42c3ba,密度—类群指数公式,,654a6b36-0893-412d-a2b7-ea5c5fe1089c,"输入: D[]-第i类群的密度(REAL_ARRAY), Dmax[]-各群落中第i类群的最大密度(REAL_ARRAY), G-某群落中的类群数(INT), GT-各群落所包含的总类群数(INT) | 输出: DG-密度—类群指数(REAL)",,Density-Taxon Index Formula
460,c0885118c219b7de440f8c32cf445f3e,密度与拥挤度制约死亡率模型--拥挤度模型,,357834e8-7272-4f5b-9d88-51d95604bd0a,"输入: X-为第j样本单元或样方中的个体数(REAL_ARRAY), j-第j样本(INT), n-样本的个数(INT) | 输出: M-拥挤度(REAL)",,Crowding Index Model
461,51b9b34d3856e37d2ec0d26232d4e084,密度与拥挤度制约死亡率模型--死亡率模型,,990e6b8c-0c56-4995-a672-267b231ada45,"输入: N-参数(REAL), S1-参数(REAL), a-回归系数(REAL), b-回归系数(REAL), M-参数(REAL) | 输出: V-死亡率(REAL)",,Density- And Crowding-Dependent Mortality Model
462,ce0077a72b4d5742cdde90b65f92f81b,密度与拥挤度制约死亡率模型--种群密度M模型,,85cd1510-c74b-400a-8481-a50e13c38130,"输入: X-为第j样本单元或样方中的个体数(REAL_ARRAY), Q-为样本中样本单元或样方的总数(REAL), j-第j样本(INT), n-样本的个数(INT) | 输出: M-种群密度(REAL)",,Population Density M Model
463,6af629eed8e3d6412e61d40c9ad6be29,寒冷季节草原的潜在净生产力,,345d67cd-d001-47a1-bec0-89635a153d99,"输入: NPP-初级净生产力(REAL), P_e2-生产力因子(REAL) | 输出: P_P2-寒冷季节草原的潜在净生产力(REAL)",,Potential Net Primary Productivity Of Cold-Season Grassland
464,4446f5bdc2637602af22da53dc90c8d9,寒冷指数模型,,6a915425-a92b-477c-a4c6-7a32055a5edc,"输入: t-月平均气温(REAL), n-月份(INT) | 输出: Ic-寒冷指数(REAL)",,Coldness Index Model
465,2d06ba4fc8253483a9acf162561f4d31,对于活体树木的攻击过程动力学模型--被攻击的甲虫数量,,0eaa8026-68d9-40e5-bcb0-a29d4316d866,"输入: Nt-第t天甲虫成功攻击树木的的次数(REAL), akt-树木k的吸引力(REAL), at[]-树木第t天的吸引力(REAL_ARRAY), rr-攻击和虫眼密度两者的函数，它表示攻击某棵树的被攻击甲虫的比例(REAL), p-参数(INT) | 输出: Nk-被攻击的甲虫数量(REAL)",,Bark Beetle Attack Dynamics Model (attacking Beetles)
466,b83e9b2c1c3c7d7acf1560132b8a3a52,对于草地的水量平衡模型,,e17519c1-0ed4-495d-b3a3-fb720c5f19fb,"输入: R-阶段降雨量(REAL), WET-群落阶段蒸散耗水量(REAL), WS1-阶段开始的土壤含水量(REAL), WS2-阶段末的土壤含水量(REAL), h-土壤深度(cm)(REAL) | 输出: deltaW-对于草地的水分平衡(REAL)",,Grassland Water Balance Model
467,9c126046082906ddd71bb4ba80f81f14,对于裸地的水量平衡模型,,0184d7da-59fc-4bbd-80d3-28dc390a0b87,输入: WET-群落阶段蒸散耗水量(REAL) | 输出: WE-阶段蒸腾耗水量(REAL),,Bare Land Water Balance Model
468,4d4f39822e5e9706df17da3060e7498c,对入射通量进行归一化处理后的上行漫射通量,,8bc142a6-e370-4e5c-b3d2-23e689b4e54b,"输入: h1-常数(REAL), rou-常数(REAL), K-参数(REAL), L-参数(REAL), h2-常数(REAL), h-常数(REAL), h3-常数(REAL) | 输出: double-对入射通量进行归一化处理后的上行漫射通量(REAL)",,Normalized Upwelling Diffuse Flux
469,a8bde5ebf7eb9e6cdee800e7a74d913f,对入射通量进行归一化处理后的下行漫射通量,,8b12cb6c-6104-400e-9d75-ab590684a604,"输入: h4-常数(REAL), rou-常数(REAL), K-参数(REAL), L-参数(REAL), h5-常数(REAL), h-常数(REAL), h6-常数(REAL) | 输出: double-对入射通量进行归一化处理后的下行漫射通量(REAL)",,Normalized Downwelling Diffuse Flux
470,2f26e3b979323add366350e261b4ec9a,对多种资源竞争下的群落动力学模型1,,5bf023c0-68cd-408f-b9e4-57c71604add8,"输入: R1-物种1、2有效资源的浓度(REAL), R2-物种1固有生长率(REAL), rm1-物种1、2资源的最小剩余浓度(REAL), Rmin1-物种1、2的最佳资源浓度的集合(REAL), Rmin2-物种1个体数量(REAL), Ropt1-参数(REAL), Ropt2-参数(REAL), N1-参数(INT) | 输出: dN1_dt-物种1数量关于时间的变化率(REAL)",,Multi-Resource Competition Community Dynamics Model 1
471,c6e02a8c5e9718d055f7c648145fc228,对多种资源竞争下的群落动力学模型2,,cf66d3f7-7f59-4507-a2af-1e3cf0f8bc26,"输入: R1-物种1、2有效资源的浓度(REAL), R2-物种2固有生长率(REAL), rm2-物种1、2资源的最小剩余浓度(REAL), Rmin1-物种1、2的最佳资源浓度的集合(REAL), Rmin2-物种2个体数量(REAL), Ropt1-参数(REAL), Ropt2-参数(REAL), N2-参数(INT) | 输出: dN2_dt-物种2数量关于时间的变化率(REAL)",,Multi-Resource Competition Community Dynamics Model 2
472,47c16ca6f38f402e785911c841580d4e,对数级数分布模型,,4bec6a4d-c2bd-4532-991c-2e3f3b010491,"输入: n-个体数(INT), X-参数(REAL), alpha-参数(REAL) | 输出: En-具有n个个体的物种期望(REAL)",,Logarithmic Series Distribution Model
473,7478ae128ccf55ba66627971c2518607,对植被表面得到的线性回归关系,,f14bc4d9-f253-4918-8a63-b8fa3a0cf466,输入: W-大气中可降水量(REAL) | 输出: double-分割窗口温度差(REAL),,Vegetation Surface Linear Regression Formula
474,a961b657c804cc3a350a300bb243bc13,对比结构分析模型,,10a4715b-95c7-4e00-9fc0-fcd412a2f1b1,"输入: Xt[]-第t个土地类型图斑所属土地类型的要素特征值(REAL_ARRAY), Xk[]-第k个土地类型图斑所属土地类型的要素特征值(REAL_ARRAY), m-土地类型构成要素指标序号(INT) | 输出: double-对比结构分析结果(REAL)",,Contrast Structure Analysis Model
475,06b3a481e7d559c6e2c4e17649f3b5b5,对沙漠表面得到的线性回归关系,,1a99270a-f6d0-44b4-9769-1a8fc4f54298,输入: W-大气中可降水量(REAL) | 输出: double-分割窗口温度差(REAL),,Desert Surface Linear Regression Formula
476,9d56738dd8f3f17f39d4c86c091bd1f2,对法向光照和任意观察方向的反射率,,ae500f05-abe2-4385-b9db-5e5d168917f0,"输入: PhoMeanresult-PhoMeanresult平均反射率(REAL), Theta-角度(REAL) | 输出: Phorad-有效辐射导出的反射率(REAL)",,Reflectance For Normal Incidence And Arbitrary View Direction
477,503256dbc67c82cce3559243d9f0d475,对流热交换方程,,d05b2831-3ae3-4eef-83b9-7227aea5078e,"输入: Rnd-净辐射(REAL), B-半经验系数(REAL), TaTs-空气与植物表面的温度差(REAL) | 输出: double-真实蒸散量(REAL)",,Convective Heat Exchange Equation
478,ac5796b779a7582597a4d736c3ec75be,对砂质土地得到的线性回归关系,,d4baf25b-ad91-413f-a077-41257f95cc90,输入: W-大气中可降水量(REAL) | 输出: double-分割窗口温度差(REAL),,Sandy Land Surface Linear Regression Formula
479,a763b89d0daca8506a9febd96c35079f,对表面粗糙度效应进行校正的一个简单模型,,d9bd754b-b166-4ca6-a9fc-7cc90aba0b75,"输入: er-粗糙表面的发射率(REAL), h-经验性粗糙度参数(REAL) | 输出: double-平整裸地的发射率(REAL)",,Surface Roughness Emissivity Correction Model
480,a19c8003cbe9ed902a0bb8677fcf2020,对黑体表面得到的线性回归关系,,8c024064-29d2-4e54-8478-49b7990310ac,输入: W-大气中可降水量(REAL) | 输出: double-分割窗口温度差(REAL),,Blackbody Surface Linear Regression Formula
481,99bb291eca226e8d228ddd661175908b,导数光谱与叶绿素密度的相关公式,,62779905-1320-4c01-9ab7-822cf308d5a1,"输入: a-回归系数(REAL), limR-反射率对波长求导数(REAL), b-回归系数(REAL) | 输出: DCH-农作物的叶绿素密度(REAL)",,Derivative Spectra-Chlorophyll Density Correlation Formula
482,bd0e876a28c6a2fcd68567b1a0b337b4,导数光谱波形分析-植被覆盖反射率模型,,a1981114-e633-4daa-802c-9904594fcc55,"输入: Ila-叶面积指数(REAL), beta-散射系数(REAL), k-吸收系数(REAL), rouv-植被反射率(REAL), rous-土壤反射率(REAL) | 输出: double-植被覆盖反射率(REAL)",,Derivative Spectral Shape Analysis Vegetation Reflectance Model
483,56f4de8228d0edb0a1cc358403118003,导数光谱波形的生物量分析-植物生物量模型,,7f63702d-ea1b-47e8-a984-b433a6df7240,"输入: Lr-叶生物量占全部生物量的比例(REAL), LSA-特定叶面积指数(REAL), phi-归一化植被因子(REAL), beta-散射系数(REAL), k-吸收系数(REAL) | 输出: double-植物生物量(REAL)",,Derivative Spectral Biomass Analysis Plant Biomass Model
484,86af7bf40f2d55ab5d8877726cd9ebb5,将精细刻画的函数转化成粗糙刻画的函数,,9604c0d2-2be3-446c-8f3e-1cf49f682685,输入: EfX-EfX(REAL) | 输出: F-集合的、粗糙刻画的关系式(REAL),,Fine-To-Coarse Description Function Transformation
485,a5e6b4ee6ecf2506686e088f156d9427,小麦的归一化差植被指数,,624c38d1-180b-4681-8b8a-3472c2f9efa8,输入: L-冠层绿色叶面积指数(REAL) | 输出: double-小麦的归一化差植被指数(REAL),,Wheat NDVI Model
486,1d50be3d854743f955d6c52a7cda3998,小麦蒸发作用中叶面水势模拟模型,,25b05bd5-fd09-48ca-9f2b-c85452e94403,"输入: psis-大块土壤的水势(REAL), a-系数(REAL), E-蒸发作用率(REAL), b-系数(REAL) | 输出: psiL-小麦蒸发作用中叶面水势(REAL)",,Wheat Evaporation Leaf Water Potential Model
487,b2c9fbb0bbdc0b7a5f5ba7756be1b43d,尘土反射率与尘土面积百分比之间的关系,,83b55b93-eaaa-4e29-94de-e65f1e159be5,"输入: rou-尘土地面反射率(REAL), roud-完全被尘土覆盖的表面的反射率(REAL), rouv-完全植被覆盖的表面的反射率(REAL) | 输出: f-尘土面积百分比(REAL)",,Dust Reflectance-Dust Fraction Relationship
488,5a553fc9f7786bc5911dd62d06a472ca,尘土面积百分比f与尘土负荷之间的关系,,7637059f-606a-4dc8-8d55-3fab4ebc0882,"输入: r2-尘土分布r2的平均值(REAL), r3-尘土分布r3的平均值(REAL), roup-体积密度(REAL), f-尘土面积百分比(REAL) | 输出: u-尘土负荷(REAL)",,Dust Fraction-Dust Load Relationship
489,ae8cd6a52d6b3d0236dce5fa467e0c83,就业资本计算公式,,81ef6b4f-c53e-44c5-982a-abe243315732,"输入: T_i-某产业就业工资总额(REAL), S_i-某产业就业面积(REAL) | 输出: double-某产业就业资本(REAL)",,Employment Capital Formula
490,25c3b2dead57c4477004951412aaeed4,岛屿生物种群模型--MucArthur-Wilson模型,,a89c4c74-35e8-47f5-ae1b-86676f1b2360,"输入: I-为迁入率(REAL), E-为绝灭率(REAL) | 输出: dSdt-结果(REAL)",,Mac Arthur-Wilson Island Biogeography Model
491,721dbf58dc4c961509a1e94b3e4f676a,岛屿生物种群模型--种-面积关系模型,,1151d22b-7cb3-4c70-bf54-06957c3917d0,"输入: c-为正常数(REAL), A-为面积(REAL), z-为正常数(REAL) | 输出: S1-为种丰富度(REAL)",,Species-Area Relationship Model
492,78566ef3f824b9db2384cdb40d14bd59,崔-Lawson单种群模型,,5fcd5d2a-5490-4d5c-a9a1-5b47d77c3d43,"输入: uc-参数(REAL), X-参数(REAL), Xm-参数(REAL), X1m-是Xm的导数(REAL) | 输出: dXdt-结果(REAL)",,Cui-Lawson Single-Population Model
493,afdebc65827e295baed55b5bfda11081,崔-Lawson种群模型,,ec80a433-4ef4-48aa-884b-920d1512e054,"输入: uc-参数(REAL), x-参数(REAL), xm-参数(REAL), x1m-xm的导数(REAL) | 输出: dxdt-结果(REAL)",,Cui-Lawson Population Model
494,32fedbd19d7646842b180f83010084a5,工业化结构比重数,,34502549-0d07-46ba-8dd9-e35f5682f40d,"输入: g-区域工业总产值(REAL), G-区域社会总产值(REAL), h-区域工业劳动者数(REAL), H-区域社会劳动者数(REAL) | 输出: double-工业化结构比重数(REAL)",,Industrialization Structure Proportion Index
495,cecc8afeeffb7a529d91b17151d58576,工业用水定额估算,,5dd8549c-2297-4d4f-bed3-7d616698a083,"输入: t-时间(REAL), U0-现时段的定额(REAL) | 输出: double-t时段后的用水定额(万元产值耗水量)(REAL)",,Industrial Water-Use Quota Estimation
496,67d40b5c7a35a2170d15a5e35478d55b,工矿水污染价值公式,,18eb0d24-0ca9-4f83-aee8-f1cfb3e1df22,"输入: W-万元产值工业废水量(REAL), G-总产值(REAL), P_w-当地工矿废水处理价格(REAL), S_i-工矿用地面积(REAL) | 输出: double-工矿水污染负价值(REAL)",,Industrial And Mining Water Pollution Value Formula
497,f096aa84e58291cf01268a1dd6d0749d,差异测量的欧几里得距离,,9bc33164-0ec8-4550-ace9-2b4623619cb3,"输入: A1[]-群落1中的物种i的丰富度(REAL_ARRAY), A2[]-群落2中的物种i的丰富度(REAL_ARRAY), n-物种数(INT) | 输出: ED-差异测量的欧几里得距离(REAL)",,Euclidean Distance For Dissimilarity
498,3842a47254b13dc16b70256c0db22810,布德科公式法模型,,ee6a965b-0c2c-4487-920e-1e285debd664,"输入: es-林地2m高处在当时温度下的饱和水汽压(REAL), ed-林地2m高处实际饱和水汽压(REAL) | 输出: E0-蒸散力(REAL)",,Budyko Formula Method Model
499,178db9485043c5a57f539a1b91bc3c70,带修正函数的FORFLO生长方程,,acda0e05-e071-4b85-ad01-9a50fd1a3f10,"输入: G-生长率参数(REAL), D-树的胸高直径(REAL), H-树木的高度(REAL), Dmax-直径的最大值(REAL), Hmax-树高的最大值(REAL), Sbar-立地拥挤度的修正参数(REAL), Tdegd-温度因子(REAL), rAl-遮蔽容许量(REAL), Hwtab-物种对水的忍耐力(REAL), b2-生长率参数(REAL), b3-生长率参数(REAL) | 输出: dDdt-树直径的变化率(REAL)",,Forflo Growth Equation With Correction Function
500,c59a79b05a6880418858b0480ab87ce6,常绿阔叶林的数量分类方法--Jaccard相似系数ISsp模型,,556a3587-7210-48e6-abcc-d2976fb1ba61,"输入: Mw-样地A和B的共有种的一个较小数值量(REAL), Mg-样地A和B的共有种的一个较大数值量(REAL), a-A中共有种的种数(INT), b-B中共有种的种数(INT), c-A和B的共有种的种数(INT), Ma-样地A中独有种的数量值总和(REAL), Mb-样地B中独有种的数量值总和(REAL), Mc-样地A和B共有种的数量总和(REAL), M-样地A和B的共有种的数量值(REAL_ARRAY) | 输出: ISsp-Jaccard相似系数ISsp(REAL)",,Jaccard Similarity Coefficient (I Ssp) Model
501,1da093855aafa58d485079b45a05f405,常绿阔叶林的数量分类方法--Sorensen相似系数模型,,333732b3-9d39-4417-9a68-8ae716b0306e,"输入: X-第i种在x样地中的数量值(REAL_ARRAY), Y-第i种在y样地中的数量值(REAL_ARRAY), p-种数(INT) | 输出: IS-参数(REAL)",,Quantitative Classification Method Of Evergreen Broad-Leaved Forest--Sorensen Similarity Coefficient Model
502,b95fdc2cab69c8d0bac0b7172b8cb71e,常绿阔叶林的数量分类方法--夹角余弦相似系数模型,,2f3a65c7-9b2d-4600-b2c1-7d059e0a4a06,"输入: Xj-样地j的种的数量值(REAL_ARRAY), Xk-样地k的种的数量值(REAL_ARRAY), p-种数(INT) | 输出: Rjk-夹角余弦相似系数(REAL)",,Quantitative Classification Method Of Evergreen Broad-Leaved Forest--Angle Cosine Similarity Coefficient Model
503,621c8df4ee950e69fdd6c39e05a3858e,干旱牧场压力,,63e527f9-9f98-4057-ad04-00fd562d772d,"输入: c[]-i阶段中植被覆盖指数部分，优势种增长(REAL_ARRAY), xt-累计的干旱牧场压力(REAL), x[]-代表x位置和在i阶段Ct中灾难比率的下降(REAL_ARRAY), a[]-阶段数(REAL_ARRAY), n-参数(INT) | 输出: Ct-干旱牧场压力(REAL)",,Drought Pasture Stress
504,224dd7951d697e9649751820abe4540d,平均个体累积食量,,5045fda9-3f3e-4533-b620-f8c21e5cfeb8,"输入: Q-实验种群中,个体在平均寿命范围内,第i天的平均食物消耗量(REAL_ARRAY), n-实验种群数(INT) | 输出: double-平均个体累积食量(REAL)",,Average Individual Cumulative Food Intake
505,93a7ebfb7583c4065678f2227e41bb29,平均光能利用率模型,,c66f8501-e574-4a7c-ae95-6d55583811b9,"输入: Yt[]-第t年第i种作物平均单产(kg/亩)(REAL_ARRAY), H[]-燃烧第i种作物单位重量所释放的化学潜能(J/kg)(REAL_ARRAY), Qt-第t年生育期内总辐射(焦耳每平方米)(REAL), C[]-第i种作物经济利用系数(REAL_ARRAY), Et[]-第t年第i种作物种植面积比例(REAL_ARRAY) | 输出: Rt-第t年平均光能利用率(REAL)",,Average Light Energy Utilization Model
506,c884c448c6ed66786ecac0c08bc005ea,平均太阳辐射的估算,,8bb85c75-0bf4-44c2-94f2-2f61959f1870,"输入: A-系数(REAL), B-系数(REAL), N_1-某一天测定的光照时数(REAL), L_1-以小时为单位的白昼长度(REAL) | 输出: I2/I6-I6是大气层外部的辐射(REAL)",,Estimate Of Average Solar Radiation
507,28496810b64c378a19acf0cce1719ca7,平均寿命,,fb8620c9-e084-4984-9a2b-741243f85e1f,"输入: N-寿命为i天的个体数(REAL_ARRAY), Nt-实验种群的个体数(REAL), n-个体数(INT) | 输出: double-平均寿命(REAL)",,Average Life Span
508,3b18e25e3d1a03807083244d9283f5ca,平均拥挤度mx模型,,024bc0ce-bb88-4855-b1be-feb8f8233dee,"输入: Ns-物种个体总数(REAL), X[]-j种物种的个数(REAL_ARRAY), n-物种数(INT) | 输出: mx-平均拥挤度(REAL)",,Average Crowding Degree Mx Model
509,f349a51036da0e6e560702a03146f657,平均粒径模型,,16afc090-151e-4198-8599-67685da4877b,"输入: n-该样品所有粒径组分的数目(INT), P-样品中粒径为Xi的组分出现的频率(REAL_ARRAY), X-粒径xi(REAL_ARRAY) | 输出: double-平均粒径(REAL)",,Average Particle Size Model
510,e7dd7f5698bf5cae252c9121c047246e,平均绝对增产率,,68286260-d2e1-444f-a38f-2676a8872aab,"输入: X1-[in](REAL_ARRAY), n-时间年数(INT) | 输出: R4-平均绝对增产率(REAL)",,Average Absolute Yield Increase
511,efc7399c472a223ab074aee112246ffc,平均绝对生长率Rag模型,,cbac3507-0755-4954-9211-0791c6fbb045,"输入: W1-t1时生物量(REAL), W2-t2时生物量(REAL), t1-t1时刻(REAL), t2-t2时刻(REAL) | 输出: double-平均绝对生长率Rag(REAL)",,Average Absolute Growth Rate Rag Model
512,696710f4711e852d0bb5710c88d17aa8,平均覆盖率,,8624e05e-28e9-429a-9cc2-5ffd3e6e2a03,"输入: Pi-各地类的样本成数(REAL_ARRAY), n-数目(INT) | 输出: double-平均覆盖率(REAL)",,Average Coverage
513,560dd494ea24f88c4b9c839671185e0d,平均逐年增产率,,68932b98-91ab-4b27-ae9d-a7bf08a1c6a1,"输入: X-[in](REAL_ARRAY), n-时间年数(INT) | 输出: R2-平均逐年增产率(REAL)",,Average Year-On-Year Production Increase Rate
514,0078a191e9de355d1f8e8760c81b171e,平衡关系,,478bdb17-37bc-4676-8b1c-346b38ab0cac,"输入: r1-鼠的瞬时增长率(REAL), R-食物中鼠的比例(REAL), w-个体平均体重(REAL), p-个体年均食量(REAL), n1-鼠类数量(INT) | 输出: double-平衡关系(REAL)",,Balanced Relationship
515,7e028df373a0ccd04e02507f06155ec7,年径流不均匀系数的计算模型,,5d87e0b5-7dcf-4971-aca4-1d318f21f37d,"输入: k-月平均流量超过年平均流量的月数(INT), Q-大于年平均流量值的月平均流量(REAL_ARRAY), Q0-年平均流量(REAL) | 输出: double-年径流不均匀系数(REAL)",,Calculation Model Of Annual Runoff Uneven Coefficient
516,33b35cd3c0d164520275dea41943490d,幼龄林、中龄林和成熟林的蓄积量变化模型,,1a9b1c7d-8544-45d3-b489-44754cc2a611,"输入: Index-幼龄林、中龄林和成熟林的索引值(INT), X0-未成林造林地的进界蓄积量(REAL), P-各龄级林木的平均生长率(REAL_ARRAY), MO-各龄级林木的进界蓄积量比率(REAL_ARRAY), LO-各龄级林木的损失率(REAL_ARRAY), X-各龄级林木的的蓄积量(REAL_ARRAY) | 输出: double-幼龄林、中龄林和成熟林的蓄积量变化(REAL)",,"Stock Volume Change Model Of Young Forests, Middle-Aged Forests And Mature Forests"
517,13ec8304e985c4c9a3e7c4b9a3247714,广义Logistic模型,,14e39129-f413-4e09-9c1f-eaae08c4a36d,"输入: K-种群出生率(REAL), x-种群数量的现存值(REAL), N-环境容量(REAL), d-死亡率(REAL) | 输出: double-生物量(REAL)",,Generalized Logistic Model
518,d1f188f2173b09c50d91e5214d1baa60,应用CLAIR模型估计叶片面积指数A,,2d6b9155-eb96-4327-8483-1232e021098e,"输入: Rni-测量的近红外光反射率(REAL), C-相应土地方向的坡度(REAL), Rred-测量的红光反射率(REAL), a-描述Iwdv趋向于其渐近值的速率的参数(REAL), IwdvW-Iwdv的渐近极限值(REAL) | 输出: double-叶片面积指数(REAL)",,Application Of Claair Model To Estimate Leaf Area Index A
519,be29e4dc0d8e620322d971a1a72005ef,应用Cloud模型估计Ila,,39261eec-178e-42d4-a424-1eb16c71185c,"输入: C-完全郁闭的叶冠的雷达反向散射率(REAL), D-雷达波穿过叶冠时的双程衰减(REAL), W-时冠的水分含量(REAL), h-叶冠高度(REAL), th-雷达波的入射角(REAL), G-计入粗糙信息的干燥土壤的反向散射特性(REAL), B-反射散射对土壤湿度的灵敏因子(REAL), ms-土壤的体积水分含量(REAL), D_-D/A(REAL), K-参数(REAL) | 输出: double-叶片面积指数(REAL)",,Apply Cloud Model To Estimate Ila
520,cd6c187963a24969d15deedbd5dbaf3a,建筑期间河流沉积量Qs,,16f17554-4820-43d5-b69f-597fc817fc26,"输入: R-沉积物的迁移率(REAL), Qe-建筑工地的侵蚀速度(REAL), Ac-建筑工地面积(REAL), A-建筑工地所属流域的面积(REAL), q-非建筑工地的侵蚀速度(REAL) | 输出: dobule-建筑期间河流沉积量Qs(REAL)",,River Sedimentation Volume Qs During Construction
521,f6441d9a2739f61831bace3334e249b2,开源节流投资年总额,,4e262141-950f-49a3-9f52-466f35c1e651,"输入: c-水投资比例常数(REAL), y-工业产值(REAL), W-可供水量(REAL), Q0-短期需水预测量(REAL), delta-供水收益率(REAL), Q-城市实际用水量(REAL) | 输出: double-开源节流投资年总额(REAL)",,Total Annual Investment To Increase Revenue And Reduce Expenditure
522,09a04c130b0b5bd25b45cb7ea6fb8f2c,归一化日胁迫度,,b65a03ab-fc38-418b-94fa-9be88d7caf41,"输入: b-校正常数(REAL), Ts-地表温度(REAL), Ta-大气温度(REAL), Rn-净辐射(REAL) | 输出: double-归一化日胁迫度(REAL)",,Normalized Daily Stress Level
523,31c29031dc77431c7e3572b5c41742b7,归一化植被指数差值法公式,,b781f6b0-fde1-432e-b499-1cd05a3af7e8,"输入: C-常数(REAL), K-时相(REAL), MSS7_1-第一时相MSS7(REAL), MSS7_2-第二时相MSS7(REAL), MSS5_1-第一时相MSS5(REAL), MSS5_2-第二时相MSS5(REAL) | 输出: double-差值图像(REAL)",,Normalized Vegetation Index Difference Method Formula
524,30ad42f9a6876db2ec06f74e51e0aa48,归一化辐射与绝对辐射的关系,,a62e3c85-4c8c-43d8-bb2c-beefc4efd913,"输入: AR-绝对辐射(REAL), th0-太阳的顶角(REAL), F0-大气层上方与光束正交的单位面积上的太阳辐射(REAL) | 输出: double-归一化辐射(REAL)",,The Relationship Between Normalized Radiation And Absolute Radiation
525,05a9d8debae6996b5cea2f836adfb23a,归一化辐射等价于表观发射,,b049eeb7-52cf-4efe-a4bf-5f7b6433007c,"输入: I0-从太阳的直射光束散射而没有经过表面散射，进入探测器的瞬时视场的辐射(REAL), ga0-在农田表面上直射太阳光和天空光线总的下行辐射通量(REAL), tu0-总的大气光学厚度(REAL), l-大气层从下面的漫反射系数(REAL), As-农田的反射率(REAL), Aa-反射系数是农田与其背景的反射系数的平均值(REAL), D-穿过大气层到达探测器的漫透射系数(REAL), Ad-整个表面的表面反射系数的加权平均值(REAL) | 输出: double-归一化辐射(REAL)",,Normalized Radiation Is Equivalent To Apparent Emission
526,ba9173e68fa961d4b50c77a73d7b2dba,归一植被指数,,548f2f12-ef7c-47f8-b6d5-e787fd537db8,"输入: ch1-第一光谱通道的光谱值(REAL), ch2-第二光谱通道的光谱值(REAL) | 输出: Indv-归一植被指数(REAL)",,Normalized Vegetation Index
527,7a618622cff9330156923836df7048bb,当仅仅收获被捕食者时的相对捕食者种群,,717cd234-b7ec-49e8-b295-ee902a4afc1e,"输入: r2-捕食者的内在生长率(REAL), X2-相对捕食者的种群(REAL), X1-相对被捕食者种群(REAL) | 输出: double-当仅仅收获被捕食者时的相对捕食者种群(REAL)",,Relative Predator Population When Only Prey Is Harvested
528,8570e82fa7db2f7bf1c93299139b5215,当仅仅收获被捕食者时的相对被捕食者种群,,4bd3f955-a78d-4139-9c70-04179d73f3ab,"输入: r1-被捕食者的内在生长率(REAL), X1-相对被捕食者种群(REAL), X2-相对捕食者的种群(REAL), v-捕食的内在系数(REAL), Y1-因子r1衡量的被捕食者的产量(REAL) | 输出: double-当仅仅收获被捕食者时的相对被捕食者种群(REAL)",,Relative Prey Population When Only Prey Is Harvested
529,d306599d9884701f3a04114d48700fac,当捕食者和被捕食者都被收获时相对捕食者种群,,08f7fb4b-a365-45f5-b9c3-3e15b6316590,"输入: r2-捕食者的内在生长率(REAL), X1-相对被捕食者种群(REAL), X2-相对捕食者的种群(REAL), F2-参数(REAL) | 输出: double-当捕食者和被捕食者都被收获时相对捕食者种群(REAL)",,Relative Predator Population When Both Predator And Prey Are Harvested
530,841c9a1574f781828bd8aef8ab5c9857,当捕食者和被捕食者都被收获时相对被捕食者种群,,c04be066-14cf-43a8-b4ef-e9269548a1b9,"输入: r1-被捕食者的内在生长率(REAL), X1-相对被捕食者种群(REAL), X2-相对捕食者的种群(REAL), v-捕食的内在系数(REAL), Y1-存在稳定平衡时的最大被捕食者产量(REAL) | 输出: double-当捕食者和被捕食者都被收获时相对被捕食者种群(REAL)",,When Both Predator And Prey Are Harvested Relative To The Prey Population
531,0719d8a02b8fdbf69670f66c16353e18,待判别单元的判别得分,,7bc72a4e-791a-4779-b2e2-e556ed39c98e,"输入: A-某待判单元在P个定性变量上取值的向量(REAL_ARRAY), B-决策系数(REAL_ARRAY), P-未知参数(INT) | 输出: double-待判别单元的判别得分(REAL)",,The Discrimination Score Of The Unit To Be Discriminated
532,d64b4a6b0180978fff4146459d97719b,微小土壤动物-生物量A模型,,597ebd28-08b5-41fa-acc4-cef633c2ee08,"输入: S-平均一平方米材料之干重(REAL), s-培养皿中方入材料之干重(REAL), V-为使材料湿性达到100%所加蒸馏水量(REAL), a-镜检水之重量(REAL), m-镜检出动物的平均值(REAL) | 输出: double-生物量(REAL)",,Microsoil Animals-Biomass A Model
533,5ab3b5786519d470f0d077a868e18ffe,微波亮温,,9395bb02-50a4-4194-8adf-228030f30bab,"输入: ep-地物的微波发射率(REAL), T0-地表温度(REAL) | 输出: double-微波亮温(REAL)",,Microwave Brightness Temperature
534,daf51b0f623e079648288ab79e07c293,微波水蒸气总量,,501b0e0a-db7e-4ba3-9788-4a110e5d4269,"输入: B24-24GHZ波段的微波亮度温度(REAL), B36-36GHZ波段的微波亮度温度(REAL), UU-从高度计得到的表面风速(REAL) | 输出: WV-微波水蒸气总量(REAL)",,Total Amount Of Microwave Water Vapor
535,267c3128d07a2bc2afaa0445c70aad88,忽略rG作为整体的植物群丛透射系数,,78b9eeb3-bb4c-4911-bd68-5445a82ebc5f,"输入: t-叶片传输系数(REAL), r-叶片反射系数(REAL), L-叶面积指数(REAL) | 输出: T-忽略rG作为整体的植物群丛透射系数(REAL)",,Transmission Coefficient Of The Flora As A Whole Ignoring R G
536,4a1fc256e0f69bf856634372bd3917b3,总体环境监测指数,,c5dedefe-e222-4b05-91a0-679cccc6714a,"输入: R-红光反射率(REAL), Rni-近红外反射率(REAL) | 输出: Igem-总体环境监测指数(REAL)",,Overall Environmental Monitoring Index
537,c0359bdbac44bbe49b1396ac12a9751b,总的截获光合有效辐射,,3adce4c9-5201-4ce6-a0f4-db951760eb16,"输入: K-未知参数(REAL), R_-未知参数(REAL), Rs-未知参数(REAL), R_la-未知参数(REAL) | 输出: double-总的截获光合有效辐射(REAL)",,Total Intercepted Photosynthetically Active Radiation
538,d632eb904d076482dc3a941c10b3699e,悬浮泥沙的散射模型,,bfa3b8f5-5e0a-4ccb-8376-35a45477848e,"输入: Lambda1-波长1(REAL), Lambda2-波长2(REAL), nn-参数(REAL) | 输出: SuspendedSedimentScattering-浮泥沙的散射(REAL)",,Scattering Model For Suspended Sediment
539,4ecdbf36c24d0844c850ffbb458588c7,成像光谱图像处理中的光谱吸收指数,,a8a4daee-a1c1-431b-99f6-64a4a06eb94b,"输入: d-吸收的对称性参数(REAL), epsion1-相应参数1(REAL), epsion2-相应参数2(REAL), rous1-吸收左肩端S1的反射率(REAL), roum-吸收点M的反射率(REAL), rous2-吸收右肩端S2的反射率(REAL) | 输出: double-成像光谱图像处理中的光谱吸收指数(REAL)",,Spectral Absorption Index In Imaging Spectrum Image Processing
540,2588549a8356f497bff7cd1e3b10eb7e,成本-效益分析模型,,b77c4c22-6de4-4e4e-b1ad-1529177571a9,"输入: r_0-折现率(REAL), n_0-年数(REAL) | 输出: double-折现系数(REAL)",,Cost-Benefit Analysis Model
541,3ea888e58eb5ea351d6528c9f2197ee0,截型对数正态分布模型,,723fb20b-94d0-413e-a7ad-b93f3824141e,"输入: S0-模拟模型中的物种数的估计值(INT), R-倍频程编号(INT), sigma-标准差(REAL) | 输出: SR-第R个倍频程物种的数量(INT)",,Truncated Lognormal Distribution Model
542,715984667ca294d4f853c18d39fb7169,所有复合体的多年平均径流调节量,,157d69cf-c106-42df-85e8-fede0c8a44e3,"输入: WyrP[]-第i类复合体一年内对径流的调节量(REAL_ARRAY), A[]-第i类复合体的面积(REAL_ARRAY) | 输出: AWP-所有复合体的多年平均径流调节量(REAL)",,Multi-Year Average Runoff Regulation For All Complexes
543,8cda4e915b41ca4cf8e5f99081e7802c,所有覆盖类型的波谱反射率,,959ea573-6c75-486b-87bc-cf639612a792,"输入: Ai-系数A(REAL), Bi-系数B(REAL), Ci-系数C(REAL), thetav-卫星天顶角(REAL), detaphi-相对方位角(REAL) | 输出: double-所有覆盖类型的波谱反射率(REAL)",,Spectral Reflectance For All Coverage Types
544,bd0e7fa75d0c6aa00e97f8017ce271fb,扩展强度指数--目标属性,,dcc6c403-b586-4fa5-acef-68ce6e54ca6b,"输入: U1-扩展指数(REAL), U2-扩展指数(REAL), n-参数(REAL), T-参数(REAL) | 输出: double-返回值(REAL)",,Extended Strength Index--Target Attributes
545,62df2315be5fd889a32787324bd1cc77,扩散阻力rs模型,,061d6af3-34af-4c6f-90f2-27ac404360d4,"输入: rho1-叶子的水汽密度(REAL), rhoc-叶室中水汽密度(REAL), rhoa-干空气流的水汽密度(REAL), F-体系干空气流量(REAL), A-被测叶面积(REAL) | 输出: rs-扩散阻力(REAL)",,Diffusion Resistance Rs Model
546,a38ba7383df55604a0bd5264041a986c,投资净效益率,,f50c2842-9b7c-4f7b-8924-32c04be39243,"输入: E_a-年净效益或年平均净效益(REAL), C_a-全部投资(REAL) | 输出: double-投资净效益率(REAL)",,Investment Net Benefit Rate
547,c99b5cabb4861a5435ae7baf69b680be,投资回报期计算公式,,8e0429a1-5197-4e56-9d59-7dcb9176fce4,"输入: t-累积净现金流量开始出现正值年份数(REAL), C-上年累计净现金流量绝对值(REAL), C_t-当年净现金流量(REAL) | 输出: double-投资回报期(REAL)",,Investment Return Period Calculation Formula
548,63b39117434dd71a35982ad3f5e5cc43,投资环境的熵值计算公式,,1a6b1d30-e369-47dc-9dcc-bc67e17e78f0,"输入: N[]-企业人员从业数(REAL_ARRAY), r-外资实际利用率(REAL), w-开发程度宏观区位系数(REAL), k-开放程度宏观区位系数(REAL), n-企业类别数(INT) | 输出: double-修正后投资环境的熵(REAL)",,The Entropy Calculation Formula Of Investment Environment
549,d473eb31000440db156bc89980de8054,抗灾力计算,,f4ce56bc-5074-4d9f-a36d-5cb2f27faa9e,"输入: Fg-单位面积工农业总产值(REAL), J-地震强度(REAL) | 输出: double-抗灾力(REAL)",,Disaster Resilience Calculation
550,057e304148ec0fa4d224915127606dc2,净初级碳产品G计算,,267d1c11-9d9d-419c-9144-bcf042f5e0b0,"输入: sita0-光合有效辐射(Rpa)(REAL), epsilon0-已知平均叶面温度和参照CO2浓度时潜在的光合有效辐射利用率(REAL), omega-生物量中碳含量(REAL), RCa-描述了对周围环境的CO2浓度Ca的Pnp反应(REAL), Evf-叶子中N:C比率对光合作用限制的因子(REAL), k-辐射消光系数(REAL), sigma-物种的叶片面积(REAL), Cf-每平方米叶子碳含量(REAL) | 输出: G-净初级碳产品(REAL)",,Net Primary Carbon Product G Calculation
551,98ae87d81ea7831bd24986382dd4a463,关于波长λ的IFOV散射截面，总的地面IFOV的反射功率模型,,92d7e4bc-4947-44aa-9a1a-bd33038148c0,"输入: S-第i种地物在IOFV内所占的面积(REAL_ARRAY), rou-第i种地物散射截面(REAL_ARRAY), n-地物的种类数(INT) | 输出: double-关于波长lemta的IFOV散射截面，总的地面IFOV的反射功率(REAL)",,"IFOV Scattering Cross Section With Respect To Wavelength Λ, Total Terrestrial IFOV Reflected Power Model"
552,7fafbef846d9deb5a940a10c7d311024,土地价格P模型,,10b755fe-a7f3-4987-a40b-debc1f1dd716,"输入: R-土地的年地租量(REAL), C-土地投资补偿(REAL), I-土地投资利息(REAL), n-土地批租年限(REAL), i-利息率(REAL) | 输出: P-土地价格(REAL)",,Land Price P Model
553,f2831ebc65ef606fc0ceb852810325a4,捕食动力学,,03c1e7c7-5ab7-46b2-a736-8584d7c275c2,"输入: M-总的驼鹿数量(REAL), b-每种动物的加权平均出生率(REAL) | 输出: C-每年兽仔出生的数量(REAL)",,Predation Dynamics
554,da007b09763801a7cb424eb64d843b87,捕食者单食性行为的程度,,778e889d-0a54-424d-bdec-edbd49f649f8,"输入: g-参数(REAL), rate-被捕食者的固有增长率(REAL) | 输出: double-参数(REAL)",,Extent Of Predator Monophagy
555,eb4c1cca7d02e12ddb575d51243b3967,捕食者和被捕食者生长发育的典型事件刻度之间的关系,,815f4e3b-1072-43fa-b525-57ad6febe2f3,"输入: w-捕食者通过吃一个被捕食者而获得的繁殖收益的量度(REAL), f-捕食率(REAL), K-捕食能力(REAL), g-参数(REAL), rate-被捕食者的固有增长率(REAL) | 输出: double-参数(REAL)",,Relationships Between Typical Event Scales In Predator And Prey Growth And Development
556,5b7290e0af677e28b9adece21f12a092,捕食者密度变化率,,3adc3805-6270-4b7a-b5d0-ef20f1fb6074,"输入: P-捕食者密度(REAL), b-捕食者取食猎物后转化为自身部分的比例(REAL), Ko-捕食者种群的最低死亡率(REAL), K1-常数(REAL), K2-避免N过小时引起死亡率增加速率过大的校正系数(REAL), N-蚜虫种群密度(REAL), a-攻击率(REAL), w-由实验室功能反应结果用于田间实验时对捕食作用率的校正系数(REAL), d-考虑干扰反应后引起的校正系数(REAL), m-系数(REAL), Th-处理时间(REAL) | 输出: double-捕食者密度变化率(REAL)",,Predator Density Change Rate
557,b4d2415eb9c81007e7205297c6b4f80f,损失率季节变化动态模型,,541beaf8-bc10-4791-abc6-3d4f83f621b4,"输入: K-捕食能力(REAL), a-参数(REAL), b-参数(REAL), t-参数(REAL) | 输出: g-损失率(REAL)",,Dynamic Model Of Seasonal Changes In Loss Rate
558,a7ec475e9a82b7c17c67a6315d2afdb4,损失率模型,,59d3dddb-7e43-40ed-929e-81af5831ec49,"输入: W1-枯枝落叶在t1时的重量(REAL), W2-t2时的重量(REAL) | 输出: g-损失率(REAL)",,Loss Rate Model
559,c1c9770febe0df67d89a4ef78111223c,接收机热噪声引起的高度估值的标准差,,c9044b6c-72c0-41f2-b03d-acfa11e9f015,"输入: Pt-高度计的接受功率(REAL), G-天线增益(REAL), lemta-波长(REAL), rou-目标的雷达截面(REAL), ttao-发射脉冲宽度(REAL), k-波耳兹曼常数(REAL), T-参考温度(REAL), Nf-接收机噪声系数(REAL), R-未知参数(REAL) | 输出: double-接收机热噪声引起的高度估值的标准差(REAL)",,Standard Deviation Of Height Estimates Due To Receiver Thermal Noise
560,f6b0561c0047a0102417dae5493b1a87,放水孔径,,b3d87f5e-1e75-4ad4-aa55-d7a31d39f022,"输入: Q0-单孔放水流量(REAL), Z-放水孔高差(REAL) | 输出: double-放水孔径(REAL)",,Drainage Hole Diameter
561,56ee5d14bb12d26e7f0fcb94609b8f66,敏感指数Si,,a40dc7ae-2d07-45cd-a2b6-2f2183fce1bc,"输入: F1-变化初期的森林覆盖率(REAL), F2-变化后期的森林覆盖率(REAL), X2-变化因子的后期值(REAL), X1-变化因子的初期值(REAL) | 输出: double-敏感指数Si(REAL)",,Sensitivity Index Si
562,fac949e069733794433f829fe5320fbe,散射截面积与雷达天线接收到的功率的关系,,c3f9a27a-8e23-4e00-bd8b-a801d5a5b0b2,"输入: Pt-发射功率(REAL), Gt-发射天线的增益(REAL), Gr-接收天线的增益(REAL), lambd-波长(REAL), Rt-目标距离(REAL), A-目标面积(REAL), rou-散射截面积(REAL) | 输出: double-参数(REAL)",,Relationship Between Scattering Cross-Section Area And Power Received By Radar Antenna
563,916825515f560d60680c14fa40f6fa10,散射概率,,2811da8f-c358-45b3-bd90-ef81b70955a6,"输入: alambda-吸收系数(REAL), ss-散射系数(REAL), LL-光的路径长度(REAL) | 输出: scattering-散射概率(REAL)",,Scattering Probability
564,bb770c8955cd90c18eab46b051725323,数据的传输速率模型,,dfcadd40-04ed-45ec-b329-17790e017e1a,"输入: nb-I通道或Q通道的量化bit数(REAL), Bw0-信号带宽(REAL), r2-相应参数(REAL), r1-相应参数(REAL), c-相应参数(REAL), Tw0-脉冲宽度(REAL), Prf-相应参数(REAL) | 输出: double-数据的传输速率(REAL)",,Data Transfer Rate Model
565,d5afd5b10f49e0ad37f4cea472cd17fd,整个群体的总光合作用强度模型,,0a04e0a7-393d-44e1-8da6-4994fecd0116,"输入: b-常数(REAL), a-常数(REAL), I_0-林冠上的光强(REAL), tau-叶子的透射率(REAL), u-面积为A的空间中的叶子数(REAL), f-平均叶面积(REAL), A-面积(REAL),  Ni-植物群落的冠层平面数(INT_ARRAY), N-数组长度(REAL), r_intensity-单位叶面积的呼吸强度(REAL) | 输出: default_N-P_S(REAL)",,Model Of The Total Photosynthetic Intensity Of The Entire Population
566,43d2ec332acc5b52b0a479fdd8988654,文教资本计算公式,,960b29ff-f58b-4794-9e74-425cc6f361fa,"输入: E_1-中小学和幼儿园教育经费(REAL), E_2-教育行业教职工工资(REAL), E_3-科研技术人员工资(REAL), S_c-城镇用地(REAL) | 输出: double-文教资本(REAL)",,Cultural And Educational Capital Calculation Formula
567,fa55dc8f126f40db25f09d88848dd038,断棍分布模型,,89a5bc2b-379b-4ca8-a302-fd2bf9b3a21b,"输入: S-观测到的总种数(INT), N-总多度(REAL), n-个体数(INT) | 输出: Sn-多度级数中具有n个个体的数量(INT)",,Broken Stick Distribution Model
568,cf627e4b5ead6992eec3ac0960965d6c,方位向匹配滤波函数模型,,02722db7-1f01-4d06-aa7c-76694f099fad,"输入: f0-载频(REAL), R-相应参数(REAL), c-相应参数(REAL), j-相应参数(REAL), x-相应参数(REAL) | 输出: double-方位向匹配滤波函数模型(REAL)",,Azimuth Matching Filter Function Model
569,caaa655c5772da64cbe0e5bd37411a48,旅游地开发评价模型,,119e9cc2-de0f-46ee-9e09-48ad11d9cab4,"输入: N-评价因子的个数(INT), Q-评价因子的权重(REAL_ARRAY), P-评价因子的评价值(REAL_ARRAY) | 输出: double-旅游地开发评价结果(REAL)",,Tourism Destination Development Evaluation Model
570,5586f09a51637642da13d33e6e985939,旅游影响系数,,027c3d26-f982-49ba-9f94-76493afd3e73,"输入: Cg-游人影响系数(REAL), F-砍伐总株数(INT_ARRAY), Fb-砍伐中保护种株数(INT_ARRAY), Z-自然总株数(INT_ARRAY), Zb-自然总体中保护种株数(INT_ARRAY), N-样区的个数(INT) | 输出: double-旅游影响系数(NODE)",,Tourism Impact Coefficient
571,1404ed42c552fccb0770950fb9e2cf3c,旅游环境容量的量测——总量模型,,622a22b6-b0a6-4af5-8911-2cfead940ce3,"输入: S-旅游区游览面积(REAL), d-游人游览活动最佳密度(REAL_ARRAY), T-最佳密度考虑个数(REAL), t-每天有效游览时间(REAL), m-游人每游览一次平均所需时间(INT) | 输出: double-日客流容量(REAL)",,Measurement Of Tourism Environmental Capacity Total Model
572,158cc5fb0d0f35b8a0ea62b24015b47d,旅游环境容量的量测——流量-流速模型,,a121b8d0-e035-42ff-9d95-34d6acaa6e7c,"输入: d-游览区内游览线路总长度(REAL), L-游览线路上游客合理间距(REAL) | 输出: Dm-旅游区瞬时客流量容量(REAL)",,Measurement Of Tourism Environment Capacity Flow-Flow Velocity Model
573,9d23387deda5e02466b09f7cfaf85217,旅游环境承载力资源利用强度的时空分异——各游览区段的瞬时承载强度分异计算公式,,bb12d6a3-e438-4512-b2b1-839a181fce1a,"输入: i-第i区段某个时刻实际瞬时承载量(INT), Dmsi-第i区的瞬时容量(REAL_ARRAY), Dmi-游览区段的数量(REAL_ARRAY) | 输出: double-瞬时承载强度(REAL)",,Spatiotemporal Differentiation Of Resource Utilization Intensity Of Tourism Environment Carrying Capacity Calculation Formula For Instantaneous Carrying Intensity Differentiation Of Each Tourist Section
574,dcf2f57495f678a66e378437143264f8,旅游环境承载力资源利用强度的时空分异——月容量利用强度计算公式,,6e81a615-163a-4f11-b02d-a64dc10cc923,"输入: Dm-月开放天数(INT), C-合理日容量(REAL) | 输出: double-月容量(REAL)",,Spatiotemporal Differentiation Of Resource Utilization Intensity Of Tourism Environment Carrying Capacity Calculation Formula Of Monthly Capacity Utilization Intensity
575,36381431429f0e74d565bb2e6d430a6a,无机溶解氮变化模型,,dad2f1a1-3f2a-4f46-a422-2a03fbac5ea3,"输入: Ix-总的溶解无机氮负荷(REAL), f-采食损失以DIN形式在水体中循环的比例(REAL), CZ-采食损失参数(REAL), P-浮游植物(REAL), muPI-浮游植物生长率(REAL), N-无机溶解氮(REAL), KN-氮的浮游植物生长半饱和浓度(REAL) | 输出: dN_dt-无机溶解氮关于时间的变化率(REAL)",,Inorganic Dissolved Nitrogen Change Model
576,1f76a78efc0ca9a2bd7ac77f4d2d1b47,日入射光合作用光子通量密度计算,,ec1fbae4-d577-4a92-8618-a5e5ca4902e7,输入: SR-总降水量的日平均值(REAL) | 输出: PPFD-日入射光合作用光子通量密度(REAL),,Calculation Of Daily Incident Photosynthetic Photon Flux Density
577,9d053edd2f23eb82db911f0fba61e418,日总光合作用,,e37082bf-fb16-431b-ad1f-e5e5f9e64b6f,"输入: CO2-叶面和空气间的CO2浓度梯度(REAL), CC-树冠气孔的传导率(REAL), CM-叶肉的传导率(REAL), Ia-叶面积指数(REAL), ld-白天时间长度(REAL) | 输出: double-日总光合作用(REAL)",,Total Daily Photosynthesis
578,ea81e79c0e6cabce3075baa5f2a04ad5,日蒸发通量,,adc6f60f-348f-45ca-9fcc-e916779ab27e,"输入: Rni-日中瞬时净辐射(REAL), Gi-土壤热量通量密度(REAL), Hi-显热通量(REAL) | 输出: LEd-日蒸发通量(REAL)",,Daily Evaporation Flux
579,5021583021f4a3944369d73c6077cea8,日间平均二氧化碳净交换量,,dc5dd904-c035-4737-a9da-fef2988bcb2e,"输入: alpha-表面的量子产量(REAL), Dppe-光合作用活跃时的光子流通密度(REAL), Fsat-光辐射饱和时的二氧化碳净交换量(REAL), R-当Dppe=0时,平均二氧化碳净交换量(REAL) | 输出: FCO2-日间平均二氧化碳净交换量(REAL)",,Average Daily Carbon Dioxide Net Exchange
580,cd1b470476d20d2ebf56fc56887fae8b,日露水总量,,6e9a0e07-7221-49b2-9fbc-d2646d9f5cd9,"输入: AA-气温的夜晚冷却率(REAL), BB-相对湿度(REAL), CC-1.5m处的风速(REAL), DD-总的净辐射(REAL) | 输出: YY-日露水总量(REAL)",,Total Daily Dew
581,14c626559aa35db43ad691a317df8501,时间演替结构分析模型,,925a602a-92d4-4ef0-aa99-b9294b33cb98,"输入: f-演替关系系数(REAL), Vkt-正演替速度(REAL), _Vkt-反演替速度(REAL) | 输出: double-时间演替结构分析结果(REAL)",,Time Succession Structure Analysis Model
582,f3b1d021cc2cbd8d3ef4f8ad0a9ebf93,星载SAR的工作原理-波形模型,,8ac5ae91-b70f-4508-98ff-ba5d18d96e01,"输入: f0-载频(REAL), kr-调频斜率(REAL), Tw0-脉冲宽度(REAL), j-相应参数(REAL), t-相应参数(REAL) | 输出: double-波形模型(REAL)",,Working Principle Of Spaceborne SAR - Waveform Model
583,cf165a47d70491de41969a0be0ec6b81,显热通量,,b7a25a11-e912-47e4-aaef-04e2996bc339,"输入: Pcp-大气的体积热容量(REAL), Tsr-表面温度参考地点的局部气象值(REAL), Ts-表面温度(REAL), k-Karman常数(REAL), Fm-表层动量(REAL), Fh-热的稳定性修正函数(REAL), z0m-动量的粗糙长度(REAL), z0h-热的粗糙长度(REAL), zu-高度(REAL), d0-位移高度(REAL), zt-温度Ta对应的高度(REAL), u-高度zu的风速(REAL) | 输出: double-显热通量(REAL)",,Sensible Heat Flux
584,b2e905565bb31bd7c353a08a80218ad9,显热通量密度的变化,,8110d6dd-c284-467a-81d0-51cf7ce5983d,"输入: pa-地表空气密度(REAL), cp-干燥空气的定压热容量(REAL), Cd-依赖于高度的拖曳系数(REAL), W-对阵风进行校正的风速因子(REAL), Ta-地面约2m高处的气温(REAL), Tg-地表温度(REAL) | 输出: double-显热通量密度的变化(REAL)",,Changes In Sensible Heat Flux Density
585,fe9bc158d3e614d3306b792a3f9e12ef,显著性检验模型,,3b90cbbd-d65f-474b-846e-e7b5f008c064,"输入: u-回归离差平方和(REAL), m-偏回归系数个数(INT), Q-剩余离差平方和(REAL), n-因变量y的个数(INT) | 输出: double-显著性检验(REAL)",,Significance Test Model
586,2316aa9c849b934a027e0c234f992c4b,显著性检验量,,8e732e26-3770-4176-aa58-51e37258ece4,"输入: n-样本个数(INT), m-自变量个数(INT), sse-残差平方和(REAL), ssr-回归平方和(REAL) | 输出: double-显著性检验量(REAL)",,Significance Test Quantity
587,ed42573c2703429b0e13adcdb56be907,景观类型多样性指数,,a6237d85-d973-4c0a-be25-a93e3094439c,"输入: P-景观类型所占面积的比例(REAL_ARRAY), M-景观类型的数目(INT) | 输出: double-景观类型多样性指数(REAL)",,Landscape Type Diversity Index
588,37d6c2bedd91cc88247fbd1f36fb26dc,晴朗天空辐射的估算,,661f8029-cffe-4494-9339-de016fd10ee9,输入: Z-天顶角(REAL) | 输出: double-辐射(REAL),,Estimation Of Clear Sky Radiation
589,80753ef0c7fc7d06bc55ac7492079aea,暗呼吸速率模型,,9c2bfb0b-5cbd-42d7-8d39-167108e953c2,"输入: C1-送气管中空气的CO2浓度(REAL), C2-出气管中空气的CO2浓度(REAL), F-进入人工气候箱内的气体流量(REAL), K-温度校正后的CO2每升体积的重量(REAL), P-气压订正值(REAL), A-人工气候箱内植物群体的叶面积或箱内所占的地面积(REAL), Sr-当时的土壤呼吸速率(REAL) | 输出: Rd-植物群体的暗呼吸速率(REAL)",,Dark Respiration Rate Model
590,62f1bd62bc129fe9cb29361ddf3d3f98,最优配置所对应的系统主功能Y模型,,d43cadd3-89eb-4865-98b2-f0154bf4abdb,"输入: deltaP[]-因子追加投入额(REAL_ARRAY), K[]-参数(REAL_ARRAY), P[]-因子投入总额(REAL_ARRAY), b[]-第i因子投入满足度的弹性系数,0≤b[i]≤1(REAL_ARRAY), a-各因子投入满足度均为1时主功能可达到的最大值(REAL), n-因子数(INT) | 输出: Y-最优配置所对应的系统主功能(REAL)",,The System Main Function Y Model Corresponding To The Optimal Configuration
591,adc701d216312bf57e9f3b4b33f2fc1a,最佳状态下生长方程,,bec9a405-08a7-46ef-a5a0-169aed942636,"输入: G-生长率参数(REAL), D-树的胸高直径(REAL), H-树木的高度(REAL), Dmax-直径的最大值(REAL), Hmax-树高的最大值(REAL), b2-生长率参数(REAL), b3-生长率参数(REAL) | 输出: dDdt-树直径的变化率(REAL)",,Growth Equation Under Optimal Conditions
592,cb43541cd4a3a942d754aec46a52cd24,最大产量可表示为相对蒸散量的亏值的函数,,8c702e3b-720e-4cee-919b-1047a218dd9b,"输入: ky-产量响应因子(REAL), ETa-实际蒸散量(REAL), ETm-最大蒸散量(REAL) | 输出: double-相对蒸散量的亏值(REAL)",,Maximum Production Can Be Expressed As A Function Of Relative Evapotranspiration Deficit
593,5b643339c857623c092c62406b2dd880,最大放牧强度模型,,d87b8084-4705-4307-ab1a-40ceacc252c3,"输入: u-每年没单位G和N的草吸收的矿化氮的滤去率(REAL), ln-年度矿化氮的滤去率(REAL), Sn-生态系统中氮的净输入量(REAL), mp-植物的碎石产出率(REAL) | 输出: cmax-最大放牧强度(REAL)",,Maximum Grazing Intensity Model
594,46d352e7bfbc71329dba68cacd71d3a2,最终产出,,45260839-48c6-4ef6-907a-69a9adab15f7,输入: IND-累积植被指数(REAL) | 输出: Q-最终产出(REAL),,Final Output
595,28d0ecd39302d11d36408a0b53898cf7,月平均水蒸气,,83b7177c-841c-4cc9-9115-69ede5891bfa,输入: W-可降水水蒸气压(REAL) | 输出: double-月平均水蒸气(REAL),,Average Monthly Water Vapor
596,c7fc223ef0ad13584cd20cf6243a4d87,有效光合作用辐射,,8164255b-2bb5-48a3-97e0-92eb22979e2b,输入: Ilemda-向下的波长为lemda的日照辐射(REAL) | 输出: double-有效光合作用辐射(REAL),,Effective Photosynthetic Radiation
597,04e866c517151d0cbf31f4a9f235b548,有效叶面积指数,,8f40ef13-a7ad-4480-9186-7bfa7e9285ca,"输入: Dfav-叶片面积的体积密度(REAL), rr-水平面上的树冠半径(REAL), bb-垂直方向上树冠半径(REAL), Lambda-树的密度(REAL) | 输出: Le-有效叶面积指数(REAL)",,Effective Leaf Area Index
598,757e4bbb585356cf887ed702a48a2355,有效雨量指数,,56fd95b8-a291-49af-9ada-767166b7fedd,"输入: RPt-降水量指数(REAL), Rdt-降水分布指数(REAL) | 输出: Rt-有效雨量指数(REAL)",,Effective Rainfall Index
599,77590f1fc394bfc38ae27046b3b2c6e6,有限空间中的种群生长模型,,1f46100d-6ff3-4d9e-93c6-b751f0abc3c6,"输入: N-为t时刻的种群数量(REAL), K-为环境容纳量(REAL), e-参数(REAL), a-为积分常数(REAL), r1-为种群内禀增长率(REAL), t-时间(REAL) | 输出: dNdt-结果(REAL)",,Population Growth Model In Limited Space
600,8919ef6c900cd8590fb8fbd1a72692d5,木材中转变的氮总量NW变化模型,,09e69df6-7abb-429b-ae21-59a4cd923e53,"输入: wincr-木材数量的增加率(INT), v0-呼吸树木的氮容量(REAL), b-呼吸消耗与总木材量的比率(REAL), vi-死亡树木的氮容量(REAL), vW-树木中氮的平均浓度(REAL), wloss-总死亡木材的损失率(INT) | 输出: dNW_dt-木材中转变的氮总量随时间变化率(REAL)",,NW Change Model Of Total Nitrogen Transformed In Wood
601,9996da597c2f9c8026f5046d47efd030,木材量W的变化模型,,23f7e30d-e648-480a-956b-27c8309ebafd,"输入: wincr-木材数量的增加率(INT), wloss-总死亡木材的损失率(INT) | 输出: dW_dt-木材量随时间变化率(INT)",,Change Model Of Wood Quantity W
602,c2d59cd62cace7c7b9688af4a25a9ec4,木质器官呼吸量R模型,,509c12ce-0fa3-4a11-8c02-bc40783c1cfa,"输入: W-大型木质藤本植物的生物总量(REAL), Dmax-最大藤粗度(REAL), Dmin-最小藤粗度(REAL), alpha-参数(REAL), A-系数(REAL), B-系数(REAL) | 输出: R-木质器官呼吸量(REAL)",,R Model Of Woody Organ Respiration
603,faefc076fae7db5cf33b87b985c97071,未成林造林地的进界蓄积量变化模型,,244e42f0-7097-45be-a217-dad16022c1ca,"输入: AU-人工造林的贡献量(REAL), M_RX3-迹地更新的贡献量(REAL) | 输出: double-未成林造林地的进界蓄积量变化(REAL)",,Change Model Of Incoming Stock Volume Of Unforested Afforestation Land
604,59ade3b4fb569bc9038be0f0145d36e5,本地繁殖鸟类丰度的预测方程,,219be883-eecd-4aed-bd66-84f6616eba01,"输入: Hden-房屋密度(REAL), Usv-丘陵桑罗伦植被(REAL), Disr-至未受干扰的低湿地的距离(B-R)(REAL) | 输出: BR-本地繁殖鸟类丰度(REAL)",,Predictive Equations For Local Breeding Bird Abundance
605,81b27d0cf6090f79b537afa0fb639ccc,本地繁殖鸟类的指标共位群的预测方程(IG-R),,743979dc-1dd5-4033-86e4-f0b0876dc876,"输入: Hden-房屋密度(REAL), Pctp-土地的铺面面积(REAL), Uoe-城市中的外来植被(REAL), Usv-丘陵桑罗伦植被(REAL) | 输出: IGR-参数(REAL)",,Prediction Equations For Indicator Colocated Groups Of Native Breeding Birds (ig-R)
606,8b6d282374cd82f96c1bdf15f85c8ea4,杂草的重要值Iv模型,,7ea7a6fb-1f98-4698-a304-de5d8abae4e3,"输入: A[]-杂草优势度级的代表值(REAL_ARRAY), B[]-杂草在优势度级出现的样方数(REAL_ARRAY), C-样点中的样方数(REAL), n-优势度级数(INT) | 输出: double-参数(REAL)",,Important Value Iv Model For Weeds
607,2640f5f563fbe77a7d0842dec4c46664,杂食指数(OI),,55510dfa-2f89-4fcc-9c3a-cdbf41c34b5e,"输入: TL[]-被捕食者j的向性水平(REAL_ARRAY), TLa-被捕食者的平均向性水平(REAL), DCi[]-在捕食者i的平均食物中被捕食者j所占的部分(REAL_ARRAY), n-捕食者数(INT) | 输出: OI-第i组的杂食指数(REAL)",,Omnivorous Index (OI)
608,2adc1aa59d9a195b40763d891c4f9c42,权重差值植被指数,,995eb3f2-3310-423d-880e-5a2b7072f8ce,"输入: rir-近红外（NIR）反射的总测量值(REAL), rr-红光反射的总测量值(REAL), rsir-土壤的NIR反射(REAL), rsr-土壤的红光反射(REAL) | 输出: IWDV-权重差值植被指数(REAL)",,Weight Difference Vegetation Index
609,e5447c3b6fdbadd2ea6d7e41d53c49a1,杉木林系统氮素动态模型1,,d842050b-6dc2-46ae-a63d-124bc4532535,"输入: X1-氮素1(REAL), X4-氮素4(REAL) | 输出: dX1_dt-氮素关于时间的变化率(REAL)",,Nitrogen Dynamic Model Of Fir Forest System 1
610,15f3b14b7fecf3adb23d15f79ced2fcd,杉木林系统氮素动态模型2,,f0fba507-fa93-44c6-a10f-0d6ca722f35f,"输入: X1-氮素1(REAL), X2-氮素2(REAL) | 输出: dX2_dt-氮素关于时间的变化率(REAL)",,Nitrogen Dynamic Model Of Fir Forest System 2
611,00ac46047c8cdfaef702db902bac64d9,杉木林系统氮素动态模型3,,e8b416d1-0959-45e4-aa68-90d87eb4d167,"输入: X1-氮素1(REAL), X2-氮素2(REAL), X3-氮素3(REAL), U03-从系统外部的获得(REAL) | 输出: dX3_dt-氮素关于时间的变化率(REAL)",,Nitrogen Dynamic Model Of Fir Forest System 3
612,e80509966cd538370085858d06e315f4,杉木林系统氮素动态模型4,,5cdb7daa-7e29-4ad1-9e91-04bbcc5894e4,"输入: X3-氮素3(REAL), X4-氮素4(REAL) | 输出: dX4_dt-氮素关于时间的变化率(REAL)",,Nitrogen Dynamic Model Of Fir Forest System 4
613,3e228fb1023b693de54648d9b5374f4d,杰卡特指数的斯帕茨定量修正值,,61b7c5f7-b610-45bc-ba34-44c60c4b60c3,"输入: Mw[]-两个样地中共有种的较小生物量(REAL_ARRAY), Mg[]-两个样地中共有种的较大生物量(REAL_ARRAY), n-两个样地中共有种的个数(INT), a-第一个样地中独有的种数(REAL), b-第二个样地中独有的种数(REAL), c-两个样地中共有的种数(REAL), Ma-第一个样地中的生物量总数(REAL), Mb-第二个样地中的生物量总数(REAL), Mc-两个样地中共有种的生物量总数(REAL) | 输出: double-斯帕茨相似性指数(REAL)",,Spatz Quantitative Correction Of The Jaccard Index
614,64607b68db92d65b26e9453290bb641c,极差平均增产率,,0382c0b0-547d-451e-b61a-e3686913ee9f,"输入: X-[in](REAL_ARRAY), n-时间年数(INT) | 输出: R1-极差平均增产率(REAL)",,Extremely Poor Average Yield Increase Rate
615,65c1161322615df833e6a3bbb939036d,林冠层中叶绿素含量模型,,229b3ba4-80a0-43b8-9bcd-e6e9ed5b183d,"输入: B-B(REAL), K-K(REAL), A-A(REAL), k-k(REAL), F-F(REAL) | 输出: C_HLF-林冠层中叶绿素含量(REAL)",,Chlorophyll Content Model In Forest Canopy
616,3a4284a7d3a7f5ee103417e024ac41f1,林冠总呼吸作用R模型,,f4019564-4ddf-4e16-a19d-015c868b4df8,"输入: y-y(REAL), k-k(REAL), x-x(REAL), F-F(REAL) | 输出: R-林冠总呼吸作用(REAL)",,Total Canopy Respiration R Model
617,9ae1c78213be819cae2c2a9609a30dcb,"林冠毛虫种群仿真模型--落叶过程和幼虫种群,平均实际个体啃食量",,408ccb86-c78a-40f1-8937-b8e1cefccc76,"输入: e-自然对数的底(REAL), k3-搜素效率的常数(REAL), Lt-被幼虫种群毁坏的树叶生长量(REAL), Mt-没有被毛虫啃食时树叶的面积(REAL), k4-常数(REAL), k5-常数(REAL), k6-常数(REAL), Wt-个体幼虫的重量(REAL) | 输出: AICt-平均实际个体啃食量(REAL)",,"Forest Canopy Caterpillar Population Simulation Model - Defoliation Process And Larval Population, Average Actual Individual Food Intake"
618,dafe1ec04a116352e047354a2846ecda,"林冠毛虫种群仿真模型--落叶过程和幼虫种群,被幼虫种群毁坏的树叶生长量",,63920017-3c34-4f84-82dd-87226f5e0b82,"输入: t-时间(REAL), Mt-没有被毛虫啃食时树叶的面积(REAL), k1-落下的和被啃食的树叶面积的常数(REAL), r1-树叶的相对生长率(REAL), k2-最大可能叶面积(REAL), Nt-每hm2幼虫总数(REAL), AIC-平均实际个体啃食量(REAL), e-自然对数的底(REAL), C-常数(REAL) | 输出: Lt-被幼虫种群毁坏的树叶生长量(REAL)",,"Forest Canopy Caterpillar Population Simulation Model - Defoliation Process And Larval Population, Growth Of Leaves Destroyed By Larval Population"
619,61321b1c6b1a66e8f8ad445f143acaf7,林冠生物生产量的新模型,,7a8421ba-4687-432b-85a1-26cf38e85fcf,"输入: K-叶子的消光指数(REAL), I_0-冠层上方的光强(REAL), k-k(REAL), F_z-第z个平面(REAL), m-叶子的平均透光度(REAL) | 输出: I(Z)-林冠生物生产量(REAL)",,A New Model Of Forest Canopy Biological Production
620,a8119846ec8f6c5579b2cf898aa8a7f8,林地中树木数量Q的变化模型,,53c1faa3-e145-4872-8a03-9576b631c7ff,输入: qdead-树的消枯率(INT) | 输出: dQ_dt-林地中树木数量Q的变化率(INT),,Change Model Of The Number Of Trees Q In The Forest Land
621,4fe43a20ba085420a00929aafe3d64f8,林地水分收支平衡关系模型,,a788287b-8017-428e-b20c-446e9914a7f8,"输入: P2-降雨量(REAL), I-林冠截留量(REAL), Li-枯落物截留量(REAL), ROf2-系统外地表径流输入量(REAL), ROf1-系统内地表径流输出量(REAL) | 输出: deltaW1-林地土壤水分收入量(REAL)",,Forestland Water Balance Relationship Model
622,b7e9e4386567645df4b8d063f2af5eee,林外裸地水分收支平衡关系模型,,6d7ca05e-4e5d-499f-979a-b2ef4f0d4706,"输入: P1-降雨量(REAL), RO2-系统外径流输入量(REAL), RO1-系统内径流输入量(REAL), E-地面蒸发量(REAL) | 输出: deltaW-土壤储水增量(REAL)",,Water Balance Relationship Model Of Bare Land Outside Forest
623,9f2f68fef41baccc5e16230050c8e7cf,林窗的边缘效应强度E,,7391475b-92d7-4d4c-819e-88d535c5d3c5,"输入: m-群落个数(INT), Y-m个群落形成的交错区里度量群落内种群数量和结构的定量指标(REAL), y[]-群落内种群数量和结构(REAL_ARRAY) | 输出: double-林窗的边缘效应强度E(REAL)",,The Edge Effect Intensity Of The Forest Window E
624,e85b20532b1463da12912eab86f1c982,果实数量F变化模型,,d83da37d-dfa2-473b-b105-fff2f03a601c,"输入: fgrow-果实生长率(INT), floss-果实损失率(INT), fdead-死亡树木的果实(INT) | 输出: dF_dt-果实数量变化率(INT)",,Fruit Quantity F Change Model
625,1ba8c5f0260376195c0378b1cb96d1d9,枝的生长量deltaWB模型,,c3e0f329-3e5c-411c-9373-d138ad9cadbb,"输入: h1-参数(REAL), A1-参数(REAL), D-树干的胸径(cm)(REAL), H-树高(m)(REAL), WS-材积干重(REAL), deltaDH-生长量(REAL) | 输出: deltaWB-枝的生长量(REAL)",,Branch Growth Delta WB Model
626,6525151d1e893019e9f1459fab15663a,枯叶年腐解率指数衰减模型,,eee38370-c08a-4f84-a4a1-f3d342481381,"输入: X-为时间t时的枯叶剩余重量(REAL), X0-为枯叶的初始重量(REAL), e-参数(REAL), k-枯叶年腐解率(REAL), t-时间(REAL) | 输出: M-枯叶年腐解率指数衰减率(REAL)",,Exponential Decay Model Of Annual Decomposition Rate Of Dead Leaves
627,99b15699ae8c941816ff6732e7094edc,枯枝落叶重量B模型,,01c4b4b6-8815-437b-b4da-dfce1d84367c,"输入: Bss-枯枝落叶达到稳定状态时的重量(REAL), R-年消失率(REAL), t-时间（天）(INT) | 输出: B-当时的土壤呼吸速率(REAL)",,Litter Weight B Model
628,35b5915e75ffe02d4eb05a1e129f5514,枯草落叶变化模型,,c1cd8719-2cf5-49c5-8124-7ef421e1e907,"输入: ds-指与芽死亡率相对应的植物死亡率(REAL), b1-每年落叶中氮的氧化率(REAL), d1-每年落叶中氮的分解率(REAL), G-草地(REAL), L-枯草落叶(REAL) | 输出: dL_dt-枯草落叶随时间变化率(REAL)",,Change Model Of Dead Grass Defoliation
629,d90eab9f9244a8255a042a2a357832b3,柏克曼某层次城市人口数,,d36351bc-ab33-46c6-ac1b-c19bb3da3205,"输入: K-比例因子(REAL), R-乡村居民数(REAL), S-卫星城镇数(REAL), m-城市层次(INT) | 输出: double-某层次城市人口数(REAL)",,Berkman's Urban Population At A Certain Level
630,8e9a6aa5b0adac43e3a61a6d4724512a,柏达木种群在单位面积内的光和产量P模型,,a5279274-b394-443d-8d03-bb9407cb7c42,"输入: A-常数(REAL), b-常数(REAL), K-常数(REAL), F-叶面积指数(REAL), I0-入射光强度(REAL) | 输出: double-光和产量(REAL)",,P Model Of Light And Yield Per Unit Area Of ​​beida Population
631,388698f7d792afe41b84c47d5b15a257,某个叶片水平生长的农作物对红光辐射的谱反射系数,,73c55d27-60ac-4ab1-bd62-0045b41b4e0c,"输入: Rhorinfinite-反射系数(REAL), nr-参数(REAL), Kr-红光消光系数(REAL), LL-参数(REAL) | 输出: Rhor-某个叶片水平生长的农作物对红光的谱反射系数(REAL)",,Spectral Reflection Coefficient Of A Crop With Horizontal Leaves To Red Light Radiation
632,c076d5847cd6db79a3e179fdcaf6addc,某个叶片水平生长的农作物对近红外辐射的谱反射系数,,46ba15c5-35b4-4b23-84f8-557d874e9332,"输入: Rhorinfinite-反射系数(REAL), ni-参数(REAL), Ki-红光消光系数(REAL), LL-参数(REAL) | 输出: Rhor-某个叶片水平生长的农作物对红光的谱反射系数(REAL)",,Spectral Reflection Coefficient Of A Crop With Horizontal Leaves To Near-Infrared Radiation
633,9bc6263f480598250c54ab3982acb7ef,标准差,,6243ee8e-0612-4db1-bb63-6cd71f1e9551,"输入: rouv1-通道一植被光谱量反射率(REAL), roul1-通道一土壤光谱量反射率(REAL), rouv2-通道二植被光谱量反射率(REAL), roul2-通道二土壤光谱量反射率(REAL), S-叶面覆盖度(REAL), tauv-植被光谱透过度(REAL) | 输出: double-标准差(REAL)",,Standard Deviation
634,958f881eaf22f896776397ac849f9e1d,标准状况下水汽密度模型,,98fa6a1e-1845-4fcd-8670-ea9ecb7749b6,"输入: P-参数(REAL), P0-参数(REAL), T0-参数(REAL), T-参数(REAL), w-参数(REAL) | 输出: double-标准状况下水汽密度(REAL)",,Water Vapor Density Model Under Standard Conditions
635,9418861db2cd11d82b73259c8d2adaef,树冠H2O阻力模型,,60d96586-3627-449b-adda-6c7232916f67,"输入: CCmax-最大树冠阻力(REAL), DCCw-iCC:Lwp的斜率(REAL), Lwp-白昼最大叶片水势(REAL), Lwpmin-包括气孔关闭时的最小叶片水势(REAL) | 输出: CCw-树冠H2O阻力(REAL)",,Canopy H2O Resistance Model
636,ab2a66d9420c7b421c2256db5fa320fb,树冠上方固定平面上CO2垂直旋转流量模型,,b54deac3-d1e5-4c0a-96db-989ba83944fe,"输入: rhoc-与平均密度的即时偏离值(REAL), w-垂直风速与平均垂直风速的即时偏离值(REAL) | 输出: Feddy-树冠上方固定平面上CO2垂直旋转流量估算值(REAL)",,CO2 Vertical Rotation Flow Model On A Fixed Plane Above The Tree Crown
637,19db619ab7ca6b36173977a155be1179,树冠中的光线衰减模型,,5ef81653-d975-40d6-a7e8-77e660fba3ab,"输入: L-叶片面积(REAL), F-果实面积(REAL), B1-垂直树枝面积指数(REAL), B2-水平树枝面积指数(REAL), k1-将这些面积指数化简成密度，并且依赖于树篱的大小和间距(REAL), d-树篱的间距(REAL), A-太阳高度(REAL), k2-叶片消光系数1(REAL), k3-叶片消光系数2(REAL), k4-依赖于A的水平圆柱体的消光系数(REAL), k5-树枝面积的丛生系数(REAL) | 输出: double-透过灌木篱墙的光线衰减(REAL)",,Light Attenuation Model In Tree Canopy
638,7023cedfdb6e7657478a0440e486dddf,树冠光合作用模型,,351ab69f-ff7a-4bec-9b6c-2c097aece994,"输入: deltaCO2-CO2从树叶到大气的扩散梯度(REAL), CC-树冠阻力(REAL), CM-CO2的树冠叶肉阻力(REAL), Ila-叶面积指数(REAL), Lday-白昼长度(REAL) | 输出: PSN-树冠光合作用(REAL)",,Canopy Photosynthesis Model
639,b403b58fbc1557d442978aa8b7ced6a9,树冠吸收的有效光合作用辐射的比例,,f639623f-c508-4517-a151-56c9c9d21e07,"输入: p1-树冠上部的有效光合作用辐射的反射率(REAL), p2-树冠下部的有效光合作用辐射的反射率(REAL), P-树冠间隙函数(REAL), th-太阳天顶角(REAL) | 输出: double-树冠吸收的有效光合作用辐射的比例(REAL)",,The Proportion Of Effective Photosynthetic Radiation Absorbed By The Tree Canopy
640,906c8995c3e954cbea773328a74e311e,树冠的总光合作用和拦截的辐射模型,,42856f62-bed4-4fed-a195-35b4b24eb968,"输入: epslon-量子效率(REAL), alpha-叶面积吸收的Par(REAL), F1-入射在叶面上的有效光合作用光子数(REAL), Am-单位叶面最大总光合作用率(REAL), theta-入射角度(REAL) | 输出: double-树冠的总光合作用和拦截的辐射(REAL)",,Canopy Total Photosynthesis And Intercepted Radiation Model
641,751f8bd5f02dcefbdfc0df908ac716f9,树冠蒸腾作用模型,,a43c1b77-4fa6-4808-983b-0c4071fdc104,"输入: S-饱和水汽压曲线的斜率(REAL), Rad-平均树冠净辐射(REAL), Cp-大气比热(REAL), Ap-大气密度(REAL), Vpd-从树冠到大气的水汽压亏缺(REAL), Ra-树冠空气动力学阻力(REAL), GAMMA-心理测量学常数(REAL), Rc-树冠对水蒸气的阻力(REAL), Le-水蒸气的潜热(REAL), Ila-叶面积指数(REAL), Lday-白昼长度(REAL) | 输出: Trans-树冠蒸腾作用(REAL)",,Canopy Transpiration Model
642,f75d8541687469d7e2d5320976948e18,树叶数量L变化模型,,689fa623-8e84-4dae-915e-f781e98610a9,"输入: lgrow-实际叶片更新生长率(INT), lloss-树叶脱落率(INT), ldead-死亡树木的树叶数量损失率(INT) | 输出: dL_dt-树叶数量变化率(INT)",,Change Model Of Number Of Leaves L
643,635ef4a2f451b73e1ba46fcdc48f8f16,树叶表面或内部的流量,,ce13f429-7f59-4b7d-84a5-ba1064dff502,"输入: C-浓度(REAL), r_Resis-被测点的总阻力(REAL), I_la-叶面积指数(REAL) | 输出: F-流动速率(REAL)",,Flow On Or Within Leaves
644,0a928a594f445093e9d5caca877dd7ac,树干的生长量deltaWS模型,,0edbc042-58d2-4b4b-8969-e38916a4ef02,"输入: h2-参数(REAL), A2-参数(REAL), D-树干的胸径(cm)(REAL), H-树高(m)(REAL), deltaDH-生长量(REAL) | 输出: deltaWS-树干的生长量(REAL)",,Tree Trunk Growth Delta WS Model
645,a50aec1d3cd38ea6d7b10444a71a87db,样本平均值的精度模型,,dba67207-055b-49f7-916b-a7d5b26d372b,"输入: n-样本大小(INT), N-种群规模(INT), d2-种群的变化(REAL) | 输出: double-随机样本平均值的变化结果(REAL)",,Accuracy Model For Sample Mean
646,ca333359c8293ee6966a4edaf46ae57d,格局指数Idelta模型,,0c801302-e327-47c9-b9d5-698a52a51764,"输入: S-第j个物种相应的物种总数(REAL), N-物种总数(REAL), X[]-j种物种的总数(REAL_ARRAY), n-物种种数(INT) | 输出: Idelta-格局指数(REAL)",,Pattern Index Idelta Model
647,0fff2f1b7a2e45ead2e24602c32329d0,棉田施药后棉蚜种群动态模型,,6270c5cd-b971-420a-ba9f-19917119d938,"输入: N0-施药前虫量(REAL), a-天敌的控制能力(REAL), P-防治效果(REAL), e-参数(REAL), rm-内禀增长率(REAL) | 输出: Nt-结果(REAL)",,Population Dynamics Model Of Cotton Aphid After Pesticide Application In Cotton Fields
648,6f11cae5e395d1467927e1b15eb8b1d5,森林凋落物干重失重率模型,,5ae77059-b02c-43a7-a70a-47a5ec9554e5,"输入: X0-分解袋内样品的初始干重(REAL), Xt-样品分解t时间后的干重(REAL) | 输出: K-失重率(REAL)",,Forest Litter Dry Weight Loss Rate Model
649,97cddba6cb298d45c1c3859230925c36,森林凋落物的腐解速率模型,,c232a256-e692-4461-bd91-029041d2e2c5,"输入: X0-森林凋落物的初始重量(REAL), X-放置t时间的凋落物残留量(REAL), t-放置时间(年)(INT) | 输出: k-凋落物年腐解率(REAL)",,Decomposition Rate Model Of Forest Litter
650,74b4b490e5502f669c5d3e4e46ee8d75,森林树木物种之下的第i个体在地面以上的植冠影响力,,3c65c11c-c0a0-4d7a-990f-3a00d85cbd67,"输入: xiCOi-植物i的最大植冠影响力(REAL), gamai-依赖于物种的参数(REAL), rplant-植物位置(REAL), ri-植物i的位置(REAL) | 输出: XiCir-森林树木物种之下的第i个体在地面以上的植冠影响力(REAL)",,The Canopy Influence Above The Ground Of The I-Th Individual Under The Forest Tree Species
651,eae9b45071713c9ce3161b175a22352b,森林潜热通量密度的遥感作图方法--某个像素在波段6的原始数据对大气辐射及透射的校正公式,,3249a9b2-553c-46bc-bd56-00b7425d39ac,"输入: R1-未校正的波段6原始数据(REAL), Ra-大气辐射(REAL), Ta-大气透射系数(REAL) | 输出: Rcorr-校正后的结果数据(REAL)",,Remote Sensing Mapping Method Of Forest Latent Heat Flux Density--Correction Formula For Atmospheric Radiation And Transmission Of Raw Data Of A Certain Pixel In Band 6
652,fa673357e2742eaa8e1055bd03872ba2,森林潜热通量密度的遥感作图方法--短波净辐射通量密度Q的定义,,6e016804-d44b-4e7a-aa84-0777dce32206,"输入: K-入射短波辐射（0.28~2.8微米）(REAL), a-给定表面的漫反射率(REAL) | 输出: Q-短波净辐射通量密度(REAL)",,Remote Sensing Mapping Method Of Forest Latent Heat Flux Density--Definition Of Shortwave Net Radiation Flux Density Q
653,b8ad824b8c6c94b99a17037ad9b28c4c,森林潜热通量密度的遥感作图方法--长波净辐射通量密度,,697da963-0676-4ded-8d6a-add846dd7fcd,"输入: Rng-在砂砾层表面测量的全波段净辐射（0.3~60.0微米）(REAL), Qs-砂砾层表面上的短波净辐射通量密度(REAL), sigma-砂砾层的发射率(REAL), Tg-Stephan-Boltzmann常数(REAL), epsilong-砂砾层的温度(REAL), T-给定表面的温度(REAL) | 输出: L1-长波净辐射通量密度(REAL)",,Remote Sensing Mapping Method Of Forest Latent Heat Flux Density Longwave Net Radiation Flux Density
654,19182ee3800e7eb63bfcaae7da7b4908,森林生态系统的能量平衡方程,,4b6364d0-dfbd-4c77-9313-19fd1d300bf5,"输入: AQ-反射辐射(REAL), F-有效辐射(REAL), H-显热(REAL), LE-潜能(REAL), B-土壤热通量(REAL), r-吸收能(REAL), D-枯枝落叶能(REAL), G-森林动物摄食能(REAL), b-森林生物量增长b(REAL) | 输出: double-森林生态系统能量输入的太阳总辐射(REAL)",,Energy Balance Equation Of Forest Ecosystem
655,d19e10f7cac0559d36f5b1f87f53a20f,森林生态系统的能量流动模型——森林生态系统中森林植物层的能量平衡方程,,f6992026-fc1d-4771-8eda-5db8019b5ba4,"输入: L-L(REAL), Ek-Ek(REAL), Vk-Vk(REAL), Bk-Bk(REAL), I-I(REAL), A0-A0(REAL) | 输出: Rk-森林生态系统中森林植物层的能量(REAL)",,Energy Flow Model Of Forest Ecosystem - Energy Balance Equation Of Forest Plant Layer In Forest Ecosystem
656,a2133f4ad2fe55c2d6a3c8e2aad91940,森林生态系统的能量流动模型——森林生态系统能量平衡方程,,237e0b8a-2ac8-4b5e-9ccd-ac70949ba298,"输入: L-L(REAL), E0-E0(REAL), V0-V0(REAL), B0-B0(REAL), I-I(REAL), A0-A0(REAL) | 输出: R0-森林生态系统能量(REAL)",,Energy Flow Model Of Forest Ecosystem Forest Ecosystem Energy Balance Equation
657,c37b2f835b7cc1ac0136a258bdd358f0,森林生物量的影响,,a8918e5e-00d8-4122-8548-ce2575bf81f3,"输入: T-由于空气中钾或钍导致的衰减系数(REAL), H-飞机高度(REAL), A-水的辐射衰减系数(REAL), G-地面上绿色生物量的权重(REAL), P-1g绿色生物量中钾含量与20cm3表层土中钾含量比值(REAL), Cg-在地面上每分钟的伽马射线计数(REAL) | 输出: double-如果存在生物量，伽马射线的计数的背景值(REAL)",,Impact Of Forest Biomass
658,a8a10f25b82dbdd17571861c41e6bf6b,棱镜分光CCD数据的几何校正,,a146a933-70b2-484f-b5df-4a8b312c9a5b,"输入: y1-点p1的y轴(REAL), y0-点p0的y轴(REAL), rouHF-参数(REAL), rou1-参数(REAL) | 输出: double-调整量的y方向差值(REAL)",,Geometric Correction Of Prism Spectroscopic CCD Data
659,f40bcb283600376f3cfca38aa2f6821f,植林地中鸟的密度,,26d914b7-f886-4c99-831d-cdf434325883,"输入: A-种群密度(REAL), B-植林地中密度深(REAL), D-植林地中密度深(REAL), T-某一深度条件下从A到B平滑移动时的密度(REAL) | 输出: double-植林地中鸟的密度(REAL)",,Bird Density In Wooded Areas
660,811d514c33352ffd800bb1708f6e59ea,植物丰度公式,,b68c3a33-01ff-4767-a9b1-becd00c190e0,"输入: V-植物丰度(REAL), r-内在增长率(REAL), K-承载力(REAL), cV-食草动物的函数影响(REAL), H-一个恒定的食草动物密度(REAL) | 输出: dV_dt-植物丰度关于时间的变化率(REAL)",,Plant Abundance Formula
661,8e22436efc35230934143b6aa85f103d,植物地中的深度,,6d16b8d7-770a-494f-8251-725aa2167846,"输入: d-地块对植林地每个边缘的距离(REAL_ARRAY), n-个数(INT) | 输出: double-植物地中的深度(REAL)",,Depth In Plant Ground
662,53a4e148bbae7b439a063eb02ddbe4b7,植物数量及其在单纯林中权重的经验关系式,,e7628124-79c9-4c40-8f75-2ce5cb4f6c8e,"输入: C-参数(REAL), p-现存植物的密度(REAL) | 输出: y-每单位面积的平均权重(REAL)",,Empirical Relationship Between The Number Of Plants And Their Weight In Simple Forests
663,de40ca679624bf0f16e4c44203aed05a,植物氮吸收率U,,5adab716-0155-4bf6-b085-354d9753d7d7,"输入: G-净初级碳产品(REAL), lambdaf-在老叶氮被固定的部分(REAL), lambdar-在根中氮被固定的部分(REAL), etaf-树叶、树枝、茎中分配的部分(REAL), etaw-结构根中分配的部分(REAL), rho-从根到叶的N:C比率(REAL), Jwvf-输入到心材中当前的N:C比率(REAL), etar-粗糙和精细根的分配比例(REAL) | 输出: U-植物氮吸收率(REAL)",,Plant Nitrogen Uptake Rate U
664,695c08ca8b955c415af6036e61d8ddef,植物生境特征指数,,4cea6755-bc18-4009-99c5-542010b66301,"输入: Kt-t时刻植物生境特征指数(REAL), deltat-时间步长(REAL) | 输出: Kt1-t+1时刻植物生境特征指数(REAL)",,Plant Habitat Characteristic Index
665,3daa2e5d8c22beff54021652bd664e7d,植物种群环境梯度指数的确定—各个梯度级的重要值指数模型,,52805cce-e90c-4f4c-ad38-084224f0e2c1,"输入: Cji[]-某植物i在第j梯度k样地中的盖度值(REAL_ARRAY), Dji[]-某植物i在第j梯度k样地中的密度值(REAL_ARRAY), Pj[]-某种植物在第j梯度k样地中的存在度(REAL_ARRAY), nj-第j梯度的样地数(INT) | 输出: IVIj-某种植物在第j梯度的重要值指数(REAL)",,Determination Of Plant Population Environmental Gradient Index Important Value Index Model At Each Gradient Level
666,8be779214f14f740c3dfc05a015d3069,植物群丛内向上的辐射流,,80106cd8-5ffa-4193-9af1-753577f61552,"输入: phiL-植物群丛的顶部辐射流(REAL), t-叶片传输系数(REAL), r-叶片反射系数(REAL), rG-地表的反射系数(REAL), L-叶面积指数(REAL), A-土地表层每单位面积累积的叶面积(REAL) | 输出: phiu-植物群丛内向上的辐射流(REAL)",,Upward Radiating Currents Within The Flora
667,8261e9be6fdf8c4989de226bc7233c75,植物群丛内向下的辐射流,,3bfc97ff-2da2-4509-8dd7-14da00000d27,"输入: phiL-植物群丛的顶部辐射流(REAL), t-叶片传输系数(REAL), r-叶片反射系数(REAL), rG-地表的反射系数(REAL), L-叶面积指数(REAL), A-土地表层每单位面积累积的叶面积(REAL) | 输出: phid-植物群丛内向下的辐射流(REAL)",,Downward Radiating Currents Within The Flora
668,b01ca44409ad252e3fa6256f54a6dc95,植物群丛的反射系数,,3c29ea4c-a2ce-4650-93b4-d5a8531abc4f,"输入: t-叶片传输系数(REAL), r-叶片反射系数(REAL), L-叶面积指数(REAL) | 输出: R-植物群丛的反射系数(REAL)",,Reflection Coefficient Of Flora
669,de511f41f8725cbdfd9f9caddcb83638,植物群落信息分析模型,,2c0065b0-441a-43af-87fb-5e299d3818f7,"输入: p-n个样方分别记录的种的个数(INT), n-样方数(INT), a[]-a个样方中包括的种数(REAL_ARRAY) | 输出: double-样方组中所有种的总信息量(REAL)",,Plant Community Information Analysis Model
670,a67549310e0ddc19aec1fd01bd5e1084,植物群落的宽度(B)模型,,97bb2837-bb32-4af2-be9f-99357f6b8f2a,"输入: Pi-在植物群落i中利用的部分(REAL), n-研究区中可用的植物种群的数量(INT) | 输出: B-每个季节被利用的植物群落的宽度(REAL)",,Plant Community Width (B) Model
671,c899fc545c7cc88ffc630483de458821,植物群落的生长速率模型,,c69ecf65-a40d-4eaa-bb12-3556e448c8f1,"输入: ULR-叶面积速率(REAL), LAI-群落叶面积系数(REAL) | 输出: CGR-植物群落的生长速率(REAL)",,Growth Rate Model Of Plant Communities
672,663a3d66dafdcb50f8d2b1f246204f1e,植物群落结构的空间模式指数(C),,e73d8626-5351-4429-b8b4-f3f7bd1fa1fc,"输入: x[]-随机地点到最近地块的中心距离(REAL_ARRAY), y[]-两地块中心的最近距离(REAL_ARRAY), N-垂点个数(REAL) | 输出: double-植物群落结构的空间模式指数(REAL)",,Spatial Pattern Index Of Plant Community Structure (C)
673,cf90b6ef48201e6886f6d372939dcef1,植物选择性系数,,cfba2ab7-0450-4831-9a82-094246e0d42c,"输入: Pxi-为种x在i资源轴的j资源位的密度分配概率(REAL_ARRAY), j-为资源位(INT), n-为资源位的个数(INT) | 输出: Li-为某一物种对i资源的选择性系数(REAL)",,Plant Selectivity Coefficient
674,7708501dac6f3eb8dc74ceb149925203,植物阻率r0的计算公式,,fa90f920-7f9d-44fe-bdcc-9a3884e3d8d3,"输入: rom-对玉米和大麦分别为25s/m及15s/m(REAL), Ila-叶面积指数(REAL), Ilam-最大叶面积指数(REAL) | 输出: double-植物阻率(REAL)",,Calculation Formula Of Plant Resistivity R0
675,a379a16db8cb4e049c7ca575c0eb907e,植被-海拔关系,,8f2a6b9c-37cd-4840-a7a8-f248bb80279e,输入: E-海拔(REAL) | 输出: double-植被-海拔关系(REAL),,Vegetation-Altitude Relationship
676,5ef60459f61585f4e585429c8578e75f,植被对土壤水分发射的微波数据解译影响的简单校正模型,,dc0cf394-210d-4873-83fb-e973c6f10c69,"输入: ev-在植被冠层上观测到的微波发射率(REAL), W-植被水分含量(REAL), b-参数(REAL) | 输出: double-裸地的发射率(REAL)",,A Simple Correction Model For The Influence Of Vegetation On The Interpretation Of Microwave Data Emitted From Soil Moisture
677,42bcd9fa27c94fde4fd4ccbc4d1920ed,植被层灰度系数模拟,,6dd72fdb-94e2-4489-858e-4a1d6cf215f7,"输入: NN-单位体积内的粒子数(REAL), hh-植被层地高度(REAL), sigma-一个粒子的雷达波截面积(REAL), QQ-一个粒子的衰减截面积(REAL), theta-角度(REAL) | 输出: gamaveg-植被层的灰度系数(REAL)",,Vegetation Layer Gray Coefficient Simulation
678,3c585d5400f2b97f6e450107dc647fa9,植被总的反射率,,569de7cd-0259-440e-9ec0-a480649181b3,"输入: Rc1-参数(REAL), Rs1-参数(REAL), Rm-参数(REAL) | 输出: double-植被总反射率(REAL)",,Total Reflectance Of Vegetation
679,ed46c995e6372895080962977fe2b3c6,植被指数,,a19d0055-c55d-4b9c-9237-d763c397ddb0,"输入: EST4-波段在786-823nm之间小麦的反射率(REAL), EST2-波段在661-673nm之间小麦的反射率(REAL) | 输出: ND-植被指数(REAL)",,Vegetation Index
680,3f34034a86304ba20d77cb69e4bccabf,植被指数模型,,48f12b5a-8d39-40b4-9520-ffcc19686c6d,"输入: K1-NOAA提供的AVHRR波段1的校正值(REAL), K2-NOAA提供的AVHRR波段2的校正值(REAL) | 输出: Irv-植被指数(REAL)",,Vegetation Index Model
681,c61617ca114b1470d1cc97812fa6ebcd,植被状态指数,,9f84dcd4-3fdb-4838-aa15-a796c34d4ecf,"输入: Indv-归一化植被指数(REAL), Indvmin-归一化植被指数最小值(REAL), Indvmax-归一化植被指数最大值(REAL) | 输出: Ivc-植被状态指数(REAL)",,Vegetation Status Index
682,66e2253a9333fd47f690162e8812e961,植被等值线方程,,a09f826f-ed47-481b-a663-dc759eb368ef,"输入: Rhovn-冠层半球面-直向反射系数因子（红光）(REAL), Rhovr-冠层半球面-直向反射系数因子（近红外）(REAL), TVN-冠层的下行和上行半球面透射系数的对数平均（红光）(REAL), TVR-冠层的下行和上行半球面透射系数的对数平均（近红外）(REAL), Rvn-从表面向下散射的光子的双半球面反射系数（红光）(REAL), Rsn-背景土壤表面的双半球面反射系数（红光）(REAL), Rvr-从表面向下散射的光子的双半球面反射系数（近红外）(REAL), Rsr-背景土壤表面的双半球面反射系数（近红外）(REAL), alpha-纯粹土壤的光学性质的变量(REAL), beta-绿色覆盖比例(REAL), aa-常数(REAL), bb-常数(REAL), RhoR-参数(REAL) | 输出: RhoN-反射系数因子(REAL)",,Vegetation Contour Equation
683,d63fed0f8af36e0d5ac250f80b147650,植被覆盖,,87856397-5e18-492f-b03c-5bc2110dbb0b,"输入: e-观测辐射率(REAL), W-植被水分(REAL) | 输出: double-植被覆盖(REAL)",,Vegetation Cover
684,35dc22cc496cfef4bd93dd862c66b0e5,植被覆盖度计算公式,,40a44b91-2123-43b1-8430-4800ccee44dd,输入: cover-在野外利用支线截矩样条区估计的比例(REAL) | 输出: double-图像平面上的植被冠层投影的比例(REAL),,Vegetation Coverage Calculation Formula
685,6835753c20ca9ef50c324beaf3a3ec8b,椭球面上的横轴墨卡托投影公式,,d461510f-798b-4fb1-baff-6d5c69922845,"输入: B-该点的纬度(REAL), l-该点的经度(REAL), ellipsoidType-椭球体定义(INT) | 输出: Point2D-该点投影后的坐标结构体(VECTOR2)",,Transverse Mercator Projection Formula On An Ellipsoid
686,c2b40b233d788d4df35fd6ec81fd0735,模型模拟生物量与模型模拟雷达反向散射间的回归方程,,bc529045-4aa3-4174-989e-d5623d4d924b,"输入: PHH-根据雷达信道模拟的反向散射(REAL), CHH-根据雷达信道模拟的反向散射(REAL) | 输出: double-从间隙型森林演替模型模拟的生物量(REAL)",,Regression Equation Between Model Simulated Biomass And Model Simulated Radar Backscatter
687,7f037050838ab5db8e44c07ac10ff24c,模型的可靠性指数公式,,f493eaf8-6412-4182-a8ed-2de2909e4e09,"输入: y-模型的预测值(REAL_ARRAY), x-模型的观测值(REAL_ARRAY), n-数组长度(INT) | 输出: ks-模型的可靠性指数(REAL)",,Model Reliability Index Formula
688,5f5251f298688ea68c8f016cc8991b9e,模拟草原的初级生产力,,5618ba4a-5bc0-43bb-91fd-cc00b3c7dbe5,"输入: T-温度(REAL), I-I(REAL), a-a(REAL) | 输出: E_P-潜在蒸散(REAL)",,Simulating Grassland Primary Productivity
689,4464555839409ed3d1f37cb7c80c6020,模糊加权综合指数Q,,c0089ea0-08e0-4094-9d7b-f326f7d7beec,"输入: P[]-主要因子的特定等级模糊量化值(REAL_ARRAY), R[]-因子的模糊权值(REAL_ARRAY), n-主要因子总数目(INT) | 输出: double-模糊加权综合指数Q(REAL)",,Fuzzy Weighted Comprehensive Index Q
690,506308a5ef562cce82023a647562eb1a,模糊数学排序模型--相关系数模型,,47f47f05-9887-4288-87be-0d70f327ea71,"输入: Xi-Xi[k]表示第i个样地k个植物种的观测值(REAL_ARRAY), Xj-Xj[k]表示第j个样地k个植物种的观测值(REAL_ARRAY), m-种群数(INT) | 输出: Rij-样地i和j间的相似系数(REAL)",,Fuzzy Mathematical Ranking Model-Correlation Coefficient Model
691,51f49e92b22ee3dc2e13ce1b98d523e3,模糊数学排序模型--隶属函数模型,,aebd9fbd-3f1f-4c1f-bae4-9e023cde63f6,"输入: Rx-Rx[y]表示样地x和y的相似系数(REAL_ARRAY), uAy-样地y在A中的隶属度(REAL), n-样地数(INT) | 输出: ucx-样地x在模糊子集C中的隶属度(REAL)",,Fuzzy Mathematical Ranking Model--Membership Function Model
692,a2a6d1369f988b99ae169209b32ddd85,模糊组别似然度,,be69dd74-ca23-43ac-88d6-7106ff9425d4,"输入: I-输入矢量(REAL), W1-类别平均值(REAL), W2-最小值(REAL), W3-最大值(REAL) | 输出: double-模糊组别似然度(REAL)",,Fuzzy Group Likelihood
693,de2f9bcfb2193cae19e449d88a0ea70b,横轴墨卡托投影应用于正球面的坐标公式,,3f6d0b99-48c6-4a51-96b7-b41f7bb5445f,"输入: B-该点的纬度(REAL), l-该点的经度(REAL) | 输出: Point2D-该点投影后的坐标结构体(VECTOR2)",,Coordinate Formulas For Transverse Mercator Projection Applied To A Regular Sphere
694,e1652de4788b94009619d246aa846f2f,欧式距离模型,,72e5c18b-5caa-4b22-8585-6b6983bb9ecf,"输入: xi-任意给定的样品(REAL_ARRAY), xk-固定样品(REAL_ARRAY), m-数组长度(INT) | 输出: Dik-绝对距离(REAL)",,Euclidean Distance Model
695,4f68b2119b0d5f45242d2e4b6ed88680,欧氏距离模型,,a7abc67d-0e50-4c5d-9433-820decb6f107,"输入: p-种群个数(INT), Xj[]-样方j的盖度(REAL_ARRAY), Xk[]-样方k的盖度(REAL_ARRAY) | 输出: double-样方j和样方k的欧氏距离(REAL)",,Euclidean Distance Model
696,8e20cc3c9c9bc34e09fc8bb7b8ee52ec,正规化初始相对生长率,,8f6494ae-913a-4703-b375-ae841b5b86ee,"输入: B-通用的正规化因子(REAL), I-光照强度(REAL), N-有限的营养(REAL), H-水分可用性(REAL), lambda21-从光照到生物量的平均转化率(REAL) | 输出: G0-正规化初始相对生长率(REAL)",,Normalized Initial Relative Growth Rate
697,691b37dca0d418ee89fbc97f5239199b,残差平方和,,d6d0453d-ea76-4a59-9c09-b4fd8052df5e,"输入: n-样本个数(INT), y-样本值(REAL_ARRAY), y_-回归模型计算的估计值(REAL_ARRAY) | 输出: double-残差平方和(REAL)",,Residual Sum Of Squares
698,fbaf3e8b7937812ec410c75ecc4bab81,每个位置的总的图像覆盖,,acc6d387-c8e9-4ef2-bbf0-2b17fa653dad,"输入: m-每一个位置的非重叠覆盖指数(REAL), gam1-单位半径产生的回转球状体图像的面积对坡度校正(REAL) | 输出: C-每个位置的总的图像覆盖(REAL)",,Total Image Coverage Per Location
699,ce5001c14326a567acbaaa8d9c2d7636,每个消息的平均信息量,,2e890e01-9fc2-4531-9183-4542d93907e9,"输入: n-失验数目(INT), K-玻尔兹曼常数(REAL), P-失验概率(REAL_ARRAY) | 输出: double-每个消息的平均信息量(REAL)",,Average Amount Of Information Per Message
700,fbbea995da643c740fce5383b784e6cd,每个种的叶、茎和落叶的光合作用活性辐射的吸收值,,b1e97edc-218c-4a7b-bc10-ab547ed94484,"输入: rho[]-波长为lambda的半球反射系数(REAL_ARRAY), tau[]-半球透射率(REAL_ARRAY) | 输出: fAPARt-每个种的叶、茎和落叶的光合作用活性辐射的吸收值(REAL)",,"Absorption Values ​​of Photosynthetically Active Radiation For Leaves, Stems And Fallen Leaves Of Each Species"
701,90ffebf9b1c036490f905eb8211eb1cd,每块地区的自然资源综合优势度,,813e82b4-3e58-432e-945d-70012c84f109,"输入: d-各种自然资源站全省（或大区域）名次(REAL_ARRAY), m-被统计的自然资源种数(INT), n-对比地区个数(INT) | 输出: double-综合优势度(REAL)",,The Comprehensive Advantages Of Natural Resources In Each Region
702,410d2c908d44e8bcbc7df5e09f021464,每年的总的净初级生产力方程,,76bed2f3-6113-4274-be39-23a768fb49d7,"输入: deltatb-在时段t内某个物种所有的生物成分量的变化(REAL), deltate-在时段t内掉落的所有短暂性生物组织的量之和(REAL), deltatm-在时段t内死亡的个体植物的生物量(REAL) | 输出: TNPPt-每年的总的净初级生产力(REAL)",,Total Net Primary Productivity Equation Per Year
703,41137c3c60840530732e7a061df8692a,比值植被指数,,b6153bc6-9298-4d3e-bb86-d6177e472250,"输入: ch1-第一光谱通道的光谱值(REAL), ch2-第二光谱通道的光谱值(REAL) | 输出: Idv-比值植被指数(REAL)",,Ratio Vegetation Index
704,736547f20adea902f5e8ac2344e1a5e5,比值植被指数差值法公式,,39fcaaef-8e8d-4ebe-986b-c449501d0f77,"输入: MSS7_1-第一时相MSS7(REAL), MSS7_2-第二时相MSS7(REAL), MSS5_1-第一时相MSS5(REAL), MSS5_2-第二时相MSS5(REAL), C1-常数(REAL), C2-常数(REAL), C-常数(REAL) | 输出: double-比值差值图像(REAL)",,Ratio Vegetation Index Difference Method Formula
705,909cd6c722d5c6d99cbe8feaa36475e2,气候-植被生产力指数CPV模型,,6bdd2c83-aae1-472d-b9a9-ba5eb6e0c34f,"输入: T_V-最热月的平均温度(REAL), N-年降水量(REAL), G-气温大于7°C的持续期(REAL), E-蒸腾指数(REAL), T_a-最热月和最冷月温度的较差(REAL) | 输出: CPV-气候-植被生产力指数(REAL)",,Climate-Vegetation Productivity Index CPV Model
706,9b9302effe7058b0666b688bdba76096,气温积温法模型,,3145e2dd-6793-4c40-ae2c-062eb4c33f6f,"输入: C-订正系数(REAL), sumT-每月高于10℃的积温(REAL) | 输出: E0-蒸散力(REAL)",,Air Temperature Accumulation Method Model
707,0c98865494edb1c5a5898762db5eba09,氮变化模型,,c270cd78-19a6-48ab-ae66-b6559d944086,"输入: md-草食动物碎石的年度矿化率(REAL), D-碎石量(REAL), mm-微生物的年度矿化率(REAL), M-土壤微生物(REAL), IN-每年从降雨中输入的矿化氮(REAL), ln-年度矿化氮的滤去率(REAL), N-氮(REAL), G-草地(REAL), u-每年没单位G和N的草吸收的矿化氮的滤去率(REAL) | 输出: dN_dt-氮随时间的变化率(REAL)",,Nitrogen Change Model
708,ce46784a43880b0c8bcc9cc1f782cff8,氮循环模型1,,2c95f744-c729-4f51-ac74-586fc08c9325,"输入: x1N-油茶林木和林冠下灌丛中氮含量(REAL), x3N-土壤中氮含量(REAL), u01N-氮施肥量(REAL) | 输出: dxN1_dt-油茶林木和林冠下灌丛中氮含量关于时间的变化率(REAL)",,Nitrogen Cycle Model 1
709,75e2f8d640f8e903afe1f28fb6d71ffe,氮循环模型2,,8d432d63-1179-4ba3-820d-cbe1851b7d7b,"输入: x1N-油茶林木和林冠下灌丛中氮含量(REAL), x2N-枯枝落叶层中氮含量(REAL), u02N-油茶林淋溶水和穿透水中氮含量(REAL) | 输出: dxN2_dt-枯枝落叶层中氮含量关于时间的变化率(REAL)",,Nitrogen Cycle Model 2
710,25afbef7cc11c913269f19e73c518d34,氮循环模型3,,79c63f04-20e2-4047-8b86-6b7ee7ec1a40,"输入: x1N-油茶林木和林冠下灌丛中氮含量(REAL), x2N-枯枝落叶层中氮含量(REAL), x3N-土壤中氮含量(REAL), u03N-土壤渗下水中氮含量(REAL) | 输出: dxN3_dt-土壤中氮含量关于时间的变化率(REAL)",,Nitrogen Cycle Model 3
711,8ca1516960c3ebb6e665b7671630b1c5,氮损失的计算公式,,42f445d9-bbae-4f4b-865c-a12da595c0b6,"输入: OMp-原生的、专设的样本的无灰有机质数量(REAL), Sp-样品放置时的质量(REAL), Np-最初样品中氮含量(REAL), Sr-样品回收时的质量(REAL), Cr-空瓶回收时的质量(REAL), Cp-空瓶放置时的质量(REAL), Omr-回收的样本的无灰有机质数量(REAL), Nr-回收样品中氮含量(REAL) | 输出: LossOfNitrogenPercnet-氮损失的百分比(REAL)",,Nitrogen Loss Calculation Formula
712,b22cdbebc1b4af398e58288631852296,水体中CO2的分压PCO2模型,,ffb0fad8-2875-49d9-a24f-539e0525a020,"输入: CCO2-水体中游离CO2浓度(REAL), alpha-CO2的溶解度系数(REAL) | 输出: PCO2-水体中CO2的分压(REAL)",,Partial Pressure PCO2 Model Of CO2 In Water
713,b2c8cb3a77d1cae689c2bf6f8c64620a,水体中游离CO2浓度CCO2模型,,f2ef4ffa-3779-4410-8210-5f4dd6720b91,"输入: AC-碳酸盐碱度(REAL), aH-氢离子活度(REAL), K1-碳酸的1级表观电离常数(REAL), K2-碳酸的2级表观电离常数(REAL) | 输出: CCO2-水体中游离CO2浓度(REAL)",,CCO2 Model Of Free CO2 Concentration In Water
714,a891c7cabd743616fdc903b937aca3cd,水分利用效率模型,,1fe0a715-38d0-41b5-89a8-8d7d9cdf9145,"输入: WET-群落阶段蒸散耗水量(REAL), Wst-参数(REAL), WW-蒸蔫系数(REAL), R-阶段降雨量(REAL) | 输出: We-水分利用强度(REAL)",,Water Use Efficiency Model
715,430e961e94c251f1beadc55cc5640a24,水化学淋溶量模型,,f5ced232-9c4e-48df-a13c-bc5d0f79c321,"输入: L10-为测定原始淋溶量序列(REAL), a-发展变化系数(REAL), b-因子对淋溶变化的影响系数(REAL), Pt0[]-降水量因子序列(REAL_ARRAY), t-参数(REAL), k-序列个数(INT) | 输出: L-水化学淋溶量(REAL)",,Water Chemical Leaching Capacity Model
716,adc977da77983aca43bfe1ca7acf4177,水平光照强度模型,,45a1419a-cd24-45f8-b477-c79fa101314c,"输入: I0-植物群落上方水平光照强度(REAL), K-消光系数(REAL), F-累积叶面指数(REAL) | 输出: double-植物群落内一定高度的水平光照强度(REAL)",,Horizontal Light Intensity Model
717,d7c05d708557bdcfe6c932aa48f59b47,水平分布的数学模型,,879b40ce-d0b2-48f6-ac1c-a86c468d8325,"输入: DO-当天太阳赤纬(REAL), f-地方纬度(REAL) | 输出: double-迁飞后的最终降落点(REAL)",,Mathematical Model Of Horizontal Distribution
718,59bd35bc2ead4613898c8443a2136434,水平极化方式,,0a9fecbc-225b-4f5c-9da3-018c82a2bc74,"输入: theta-入射角(REAL), epsionr-海水的相对介电常数(REAL) | 输出: double-水平极化(REAL)",,Horizontal Polarization Method
719,9d677391fa22a925105dcce06c199fab,水文时间序列不均匀系数模型,,3cf88eae-c14c-43ff-b3ba-65c7a89a9664,"输入: n-时间序列数目(INT), k-月平均流量超过年平均流量的月数(INT), l-月平均流量小于年平均流量的月数(INT), X-随时间而变化的时间序列(REAL_ARRAY), X_-时间序列的场值(REAL) | 输出: doulbe-水文时间序列不均匀系数(REAL)",,Hydrological Time Series Heterogeneous Coefficient Model
720,1bc72ca7f4b71471431e5fa3a85d42e8,水汽透过率,,a5e2b235-6dad-45db-ba99-1d04e173cba9,"输入: Von-参数(REAL), V0off-参数(REAL), V0on-参数(REAL), Voff-参数(REAL) | 输出: double-水汽透过率(REAL)",,Water Vapor Transmission Rate
721,034058e8f871c84763d2ebe9d1ea54c5,水稻叶面积比叶重的动态变化模式,,ccec8cbd-1f58-4905-80ad-3ae03b883483,"输入: a0-移栽初期的比叶重(REAL), af-齐穗期的比叶重(REAL), C-回归参数(REAL), d-回归参数(REAL), t-时间(REAL) | 输出: Q-水稻叶面积比叶重(REAL)",,Dynamic Change Pattern Of Rice Leaf Area To Leaf Weight
722,5f041692b98d39a5a73ff91b2c373a12,水稻含水率W模型,,48ab2e50-f3eb-4c17-a90d-d9e333a98823,"输入: aa-回归系数(REAL), bb-回归系数(REAL), cc-回归系数(REAL), Rho680-680nm处反射率值(REAL), Rho800-800nm处反射率值(REAL) | 输出: WW-水稻含水量W模型(REAL)",,Rice Moisture Content W Model
723,af5689c1c8bbda26c560acf88bb50ffa,水资源耦合价值,,db009a09-5f97-4469-b4b1-b99630cf08a5,"输入: V1-水资源本身价值(REAL), V3-生产水资源产品投入价值(REAL), n1-水利工程供水的工业部门数(INT), V_-第i部门当年的总净产值(REAL_ARRAY), Wa-水利工程对第i工业部门的净供水量(REAL_ARRAY), W_-第i部门当年全部净用水量(REAL_ARRAY), k-第i部门应分摊的水利工程固定资产值(REAL_ARRAY), k_-第i部门当年固定资产总值(REAL_ARRAY), n2-农作物种类数(INT), Wb-灌溉净用水量(REAL_ARRAY), ep-不同水文年不同作物灌溉增产效益分摊系数(REAL_ARRAY), P-i种作物的价格(REAL_ARRAY), Y-i种作物当年产量(REAL_ARRAY), Y0-i种作物灌溉前的产量(REAL_ARRAY), TJ-治理污水所投入各种费用(REAL), TW-污水所造成的直接经济损失(REAL), n3-因水污染造成的疾病数(INT), R_-就业人员每年创造的价值(REAL), A-i疾病的发病率(REAL_ARRAY), B-i疾病引起的劳动力丧失时间(REAL_ARRAY), Q-污水总量(REAL) | 输出: double-水资源耦合价值(REAL)",,Water Resource Coupling Value
724,2474517be8dab1eb1ded8cb3eebd6135,"沼泽生态分类及其分布判别模型--沼泽生态分布判别数学模型,主成分1",,b23b9f46-c0aa-4b43-883e-4972c72366b0,"输入: x1-分类指标1(REAL), x2-分类指标2(REAL), x3-分类指标3(REAL), x4-分类指标4(REAL), x5-分类指标5(REAL), x6-分类指标6(REAL), x7-分类指标7(REAL), x8-分类指标8(REAL) | 输出: Z1-主成分1(REAL)",,"Swamp Ecological Classification And Distribution Discrimination Model--Mathematical Model For Swamp Ecological Distribution Discrimination, Principal Component 1"
725,17bcf115dacffc13e29396ac9ba0af46,"沼泽生态分类及其分布判别模型--沼泽生态分布判别数学模型,主成分2",,994cb6d4-6ac1-463e-b80b-f155bfc0e7e9,"输入: x1-分类指标1(REAL), x2-分类指标2(REAL), x3-分类指标3(REAL), x4-分类指标4(REAL), x5-分类指标5(REAL), x6-分类指标6(REAL), x7-分类指标7(REAL), x8-分类指标8(REAL) | 输出: Z2-主成分2(REAL)",,"Swamp Ecological Classification And Distribution Discrimination Model--Mathematical Model For Swamp Ecological Distribution Discrimination, Principal Component 2"
726,73417b6ed9803919245bc587ec9968c5,"沼泽生态分类及其分布判别模型--沼泽生态分布判别数学模型,主成分3",,96a8adf7-f912-4aa7-91c1-f47c3b478df7,"输入: x1-分类指标1(REAL), x2-分类指标2(REAL), x3-分类指标3(REAL), x4-分类指标4(REAL), x5-分类指标5(REAL), x6-分类指标6(REAL), x7-分类指标7(REAL), x8-分类指标8(REAL) | 输出: Z3-主成分3(REAL)",,"Swamp Ecological Classification And Distribution Discrimination Model--Mathematical Model For Swamp Ecological Distribution Discrimination, Principal Component 3"
727,41cf65f165717495d252a362963e1c5a,"沼泽生态分类及其分布判别模型--沼泽生态分布判别数学模型,主成分4",,f1c3e38b-fd42-4981-8629-3f77cad21aa3,"输入: x1-分类指标1(REAL), x2-分类指标2(REAL), x3-分类指标3(REAL), x4-分类指标4(REAL), x5-分类指标5(REAL), x6-分类指标6(REAL), x7-分类指标7(REAL), x8-分类指标8(REAL) | 输出: Z4-主成分4(REAL)",,"Swamp Ecological Classification And Distribution Discrimination Model--Mathematical Model For Swamp Ecological Distribution Discrimination, Principal Component 4"
728,e8e53da8f20fd4eb8f93a445fafd25ce,"沼泽生态分类及其分布判别模型--沼泽生态分布判别数学模型,主成分5",,828e4a04-3776-47b1-a67e-3fd275029e14,"输入: x1-分类指标1(REAL), x2-分类指标2(REAL), x3-分类指标3(REAL), x4-分类指标4(REAL), x5-分类指标5(REAL), x6-分类指标6(REAL), x7-分类指标7(REAL), x8-分类指标8(REAL) | 输出: Z5-主成分5(REAL)",,"Swamp Ecological Classification And Distribution Discrimination Model--Mathematical Model For Swamp Ecological Distribution Discrimination, Principal Component 5"
729,2940e52cf7519c6ec076110761f51220,"沼泽生态分类及其分布判别模型--沼泽生态分布判别数学模型,主成分6",,0a4aa6f0-2df9-4f3b-9134-08436f950fe0,"输入: x1-分类指标1(REAL), x2-分类指标2(REAL), x3-分类指标3(REAL), x4-分类指标4(REAL), x5-分类指标5(REAL), x6-分类指标6(REAL), x7-分类指标7(REAL), x8-分类指标8(REAL) | 输出: Z6-主成分6(REAL)",,"Swamp Ecological Classification And Distribution Discrimination Model--Mathematical Model For Swamp Ecological Distribution Discrimination, Principal Component 6"
730,c51729615d490e3da0917417d8f40960,"沼泽生态分类及其分布判别模型--沼泽生态分布判别数学模型,主成分7",,91431771-5922-4e7a-87df-2c242596370f,"输入: x1-分类指标1(REAL), x2-分类指标2(REAL), x3-分类指标3(REAL), x4-分类指标4(REAL), x5-分类指标5(REAL), x6-分类指标6(REAL), x7-分类指标7(REAL), x8-分类指标8(REAL) | 输出: Z7-主成分7(REAL)",,"Swamp Ecological Classification And Distribution Discrimination Model--Mathematical Model For Swamp Ecological Distribution Discrimination, Principal Component 7"
731,16a0313e12d86622d96016f392249cf5,"沼泽生态分类及其分布判别模型--沼泽生态分布判别数学模型,主成分8",,1243cea6-67d9-4a9a-aec3-c63dc8b6e2a6,"输入: x1-分类指标1(REAL), x2-分类指标2(REAL), x3-分类指标3(REAL), x4-分类指标4(REAL), x5-分类指标5(REAL), x6-分类指标6(REAL), x7-分类指标7(REAL), x8-分类指标8(REAL) | 输出: Z8-主成分8(REAL)",,"Swamp Ecological Classification And Distribution Discrimination Model--Mathematical Model For Swamp Ecological Distribution Discrimination, Principal Component 8"
732,644b9a9ae33df65a859bc8cd16443614,"沼泽生态分类及其分布判别模型--沼泽生态分类的主成分分析模型,主成分1",,4271f5cb-f688-4d94-a267-9de97361562d,"输入: x1-分类指标1(REAL), x2-分类指标2(REAL), x3-分类指标3(REAL), x4-分类指标4(REAL), x5-分类指标5(REAL), x6-分类指标6(REAL), x7-分类指标7(REAL), x8-分类指标8(REAL), x9-分类指标9(REAL) | 输出: y1-主成分1(REAL)",,"Swamp Ecological Classification And Its Distribution Discrimination Model--Principal Component Analysis Model Of Swamp Ecological Classification, Principal Component 1"
733,89cab87c04165aff1d7c79c90ff4cca5,"沼泽生态分类及其分布判别模型--沼泽生态分类的主成分分析模型,主成分2",,fb0d2d41-3e88-42e9-8f56-dec5152d884b,"输入: x1-分类指标1(REAL), x2-分类指标2(REAL), x3-分类指标3(REAL), x4-分类指标4(REAL), x5-分类指标5(REAL), x6-分类指标6(REAL), x7-分类指标7(REAL), x8-分类指标8(REAL), x9-分类指标9(REAL) | 输出: y2-主成分2(REAL)",,"Swamp Ecological Classification And Its Distribution Discrimination Model--Principal Component Analysis Model Of Swamp Ecological Classification, Principal Component 2"
734,eb99aa11520e0cccc3eadff254590aac,"沼泽生态分类及其分布判别模型--沼泽生态分类的主成分分析模型,主成分3",,adffc11d-02af-4282-9e44-0a8caafa75b8,"输入: x1-分类指标1(REAL), x2-分类指标2(REAL), x3-分类指标3(REAL), x4-分类指标4(REAL), x5-分类指标5(REAL), x6-分类指标6(REAL), x7-分类指标7(REAL), x8-分类指标8(REAL), x9-分类指标9(REAL) | 输出: y3-主成分3(REAL)",,"Swamp Ecological Classification And Its Distribution Discrimination Model--Principal Component Analysis Model Of Swamp Ecological Classification, Principal Component 3"
735,f837aaacc0b98302fcb110effec70f8b,"沼泽生态分类及其分布判别模型--沼泽生态分类的主成分分析模型,主成分4",,1df12046-56d5-4a4b-a7ea-a7dd74efc30f,"输入: x1-分类指标1(REAL), x2-分类指标2(REAL), x3-分类指标3(REAL), x4-分类指标4(REAL), x5-分类指标5(REAL), x6-分类指标6(REAL), x7-分类指标7(REAL), x8-分类指标8(REAL), x9-分类指标9(REAL) | 输出: y4-主成分4(REAL)",,"Swamp Ecological Classification And Its Distribution Discrimination Model--Principal Component Analysis Model Of Swamp Ecological Classification, Principal Component 4"
736,3ff37c6bf2729faabe08256784dc6c62,"沼泽生态分类及其分布判别模型--沼泽生态分类的主成分分析模型,主成分5",,933da0d0-7df0-41cb-b810-a1da0718814b,"输入: x1-分类指标1(REAL), x2-分类指标2(REAL), x3-分类指标3(REAL), x4-分类指标4(REAL), x5-分类指标5(REAL), x6-分类指标6(REAL), x7-分类指标7(REAL), x8-分类指标8(REAL), x9-分类指标9(REAL) | 输出: y5-主成分5(REAL)",,"Swamp Ecological Classification And Its Distribution Discrimination Model--Principal Component Analysis Model Of Swamp Ecological Classification, Principal Component 5"
737,c39c514bbe183fe0211a2f5febd2758b,泡桐对小麦的生长发育和土壤水盐含量影响的统计分析模型--灰色动态模型,,2cd40be9-3cfb-4852-9eca-d7c71314b7f7,"输入: b-为参数(REAL), e-参数(REAL), a-为参数(REAL), c-参数(REAL), t-时间(REAL) | 输出: Xt1-灰色动态(REAL)",,Statistical Analysis Model Of The Impact Of Paulownia On Wheat Growth And Soil Water And Salt Content - Gray Dynamic Model
738,1e1f700cab978fbc83f5d38532557b0c,泡桐对小麦的生长发育和土壤水盐含量影响的统计分析模型--相关矩阵Rij模型,,e3337b40-5a65-4acc-b98a-531f4f50580b,"输入: XRj-参数(REAL_ARRAY), XRi-参数(REAL_ARRAY), N-参数(INT), K-参数(INT) | 输出: Rij-相关矩阵(REAL)",,Statistical Analysis Model Of The Impact Of Paulownia On Wheat Growth And Soil Water And Salt Content--Correlation Matrix Rij Model
739,fb1647a1c5ff890dc20c4b9429d34e44,波段反射因子,,2170b940-0b35-4824-a64d-960598eef0f6,"输入: lt-传感器端的辐射(REAL), lp-大气层路径辐射(REAL), lra-地表面总的辐射(REAL) | 输出: RF-波段反射因子(REAL)",,Band Reflection Factor
740,df2cd713d556192141a5d81cb1eeaced,波段反射因子的一阶微分,,14bbdfb9-bba5-44b2-8956-883c32dfda41,"输入: RFres[]-波段反射因子(REAL_ARRAY), Lambda-波段中心间的取样间距(REAL) | 输出: RF-波段反射因子的一阶微分(NODE)",,First Derivative Of Band Reflection Factor
741,778991350a457ded137f5e036a454cf6,活的地下生物量,,d0d437be-b316-4cc8-932c-4234f672c8c2,"输入: Bb_t-根系和根状茎的活的干生物量(REAL), Pb_t-根系和根状茎的净干物质生产(REAL), l-地下生物量的重量损失率(REAL) | 输出: double-活的地下生物量(REAL)",,Living Underground Biomass
742,49393f6c2b6999080002c3eb6d1623fc,流域中每种类型的复合体对径流的调节能力,,1f39c91a-fade-49d2-8f10-9ca2d9786366,"输入: mu-一个与雨季降雨强度有关的降雨等价值(REAL), C-一棵树所覆盖的单位面积截留的雨水量(REAL), L-落叶层所包含的水量(REAL), G-地下水的保持量(REAL), R-地下水的排出速率(REAL), epsilon1-每类复合体的系数(REAL), deltaj-每类复合体的系数(REAL), etak-每类复合体的系数(REAL) | 输出: WyrPi-第i类复合体一年内对径流的调节量(REAL)",,The Ability Of Each Type Of Complex In A Watershed To Regulate Runoff
743,7866344637405f6ea7ba374f086e017f,流域干燥指标,,eb5fd001-7198-4bac-84bf-138e223c989c,"输入: Ea-流域多年平均实际蒸发量(REAL), P-流域多年平均降水量(REAL) | 输出: double-流域干燥指标(REAL)",,Watershed Dryness Index
744,eff24e46d67404285d29c7216c9740d3,流域陆地生态系统调节径流产生的经济价值,,fc7128f0-7e97-4cff-9209-8a333a163543,"输入: H-葛洲坝水电站产生的电力(REAL), P-单位电价(REAL) | 输出: Va-葛洲坝水电站产生的电力的价值(REAL)",,The Economic Value Generated By The River Basin Terrestrial Ecosystem Regulating Runoff
745,6cdeab927938c5652cfaece47cd825b1,浮游动物对浮游植物的滤水率,,f16cc516-367a-4bf0-94ae-61e0eb0549ac,"输入: V-牧食实验水样体积(REAL), N-1L水样中浮游动物总数(INT), f-摄食系数(INT) | 输出: double-浮游动物对浮游植物的滤水率(REAL)",,Water Filtration Rate Of Phytoplankton By Zooplankton
746,a5975b23ff3154b110e116d9087638cc,浮游动物对浮游植物的滤水率G,,cb7a04f3-ff20-408c-b3ea-7673d8ce90fa,"输入: A-换算系数(REAL), F-浮游动物对浮游植物的滤水率(INT), f-摄食系数(INT), t-试验时间(INT), Co-实验开始时水样中浮游植物的密度(INT), Ctf-t时刻实验组中浮游植物的密度(INT), K-浮游植物增殖系数(INT) | 输出: double-浮游动物对浮游植物的滤水率G(REAL)",,The Water Filtration Rate G Of Zooplankton To Phytoplankton
747,bfaecffa9463575604ca625056079565,浮游动物对浮游植物的选食率Sr,,14639e75-205f-4f89-ae2e-0a181b094cab,"输入: Co-实验开始时水样中浮游植物的密度(INT), Ctf-t时刻实验组中浮游植物的密度(INT) | 输出: double-浮游动物对浮游植物的滤水率Sr(REAL)",,The Feeding Rate Of Zooplankton On Phytoplankton Sr
748,64206aca6d958563c3756189989622c7,浮游生物变化模型,,b4093d97-6535-4640-8912-ed3105f2fc8a,"输入: CZ-浮游植物生长率(REAL), P-无机溶解氮(REAL), muPI-浮游植物(REAL), N-氮的浮游植物生长半饱和浓度(REAL), KN-采食损失参数(REAL), mP-浮游植物的自然死亡率(REAL), n-参数(INT) | 输出: dP_dt-浮游生物关于时间的变化率(REAL)",,Plankton Change Model
749,59edd1fa91f7ae99303b2eaa3a51f43b,海岸辐射仪的测量辐射值,,85ca00ae-6c4c-4dc1-80ee-27c9abe57602,"输入: I0-太阳辐射(REAL), mius-太阳角的余弦值(REAL), miuv-观测角的余弦值(REAL), taoaer-大气悬浮物的光学厚度(REAL), Pw-大气悬浮物的相(REAL), taomol-分子光学厚度(REAL), w-散射角(REAL) | 输出: double-海岸辐射仪的测量辐射值(REAL)",,Measured Radiation Values ​​from Coastal Radiometers
750,5f03ab720d5acab6be28feb9e4e97efc,海拔对压强的影响关系,,d133ff50-5313-4cce-b34a-e19567cf7ea4,"输入: P0-海拔高度为0的压强(REAL), T0-海拔高度为0的气温(REAL), z-海拔高度(REAL), z0-海拔(REAL), Gamma-干燥绝热气温递减率(REAL), cp-干燥空气的定压热容量(REAL), Ra-干燥空气的普适气体常数(REAL) | 输出: double-压强(REAL)",,The Relationship Between Altitude And Pressure
751,85030e2792013b4f10d3100006f31ef0,海拔对密度的影响关系,,392681a9-5377-42db-acd3-12c738055b3f,"输入: p0-海拔高度为0的密度(REAL), T0-海拔高度为0的气温(REAL), z-海拔高度(REAL), z0-海拔(REAL), Gamma-干燥绝热气温递减率(REAL), cp-干燥空气的定压热容量(REAL), Ra-干燥空气的普适气体常数(REAL) | 输出: double-密度(REAL)",,The Relationship Between Altitude And Density
752,27ee4b4b05703eb7715572b04e47b238,海拔对气温的影响关系,,8c99661f-8b9e-4dcd-a623-9cf81b706db5,"输入: T0-海拔高度为0的气温(REAL), z-海拔高度(REAL), z0-海拔(REAL), Gamma-干燥绝热气温递减率(REAL) | 输出: double-气温(REAL)",,The Relationship Between Altitude And Temperature
753,032fa677d28b06b6d83453eb832eb411,海水的散射模型,,5b0690a7-00ba-45e2-8ddf-a73a512fd1d5,"输入: Lambda1-波长1(REAL), Lambda2-波长2(REAL) | 输出: SeawaterScattering-海水的散射(REAL)",,Seawater Scattering Model
754,97083d59fd5ed1f2a93f361003701213,海波坡度,,9e9a177c-26d8-4690-a169-ce64dbde36ec,"输入: Zx-坡度(REAL), Zy-坡度(REAL) | 输出: double-海波坡度(REAL)",,Sea ​​wave Slope
755,a8ce2b60b5224dc3c1afbc3ff82b7410,海洋表面油膜的SAR探测机制,,27f855ee-cca1-4efc-a4b9-6ecbdd84fc02,"输入: rous-表面油膜覆盖海面的雷达后向散射系数(REAL), rou0-无表面油膜覆盖海面的雷达后向散射系数(REAL) | 输出: double-海洋表面油膜的SAR探测机制(REAL)",,SAR Detection Mechanism Of Oil Film On Ocean Surface
756,8854a8f8e685319a837273ede3756df1,海洋表面积上的散射截面积模型,,b03f4bf1-b7ba-4145-9c53-ca408739a662,"输入: k-电磁波常数(REAL), theta-入射角(REAL), gtheta-一次后向散射系数(REAL), w-海洋表面粗糙度的二维海面波高谱(REAL) | 输出: double-海洋表面积上的散射截面积(REAL)",,Scattering Cross-Sectional Area Model Over Ocean Surface Area
757,40620a33ae5e98e02cf87bc3e8d676d0,消失率gamma模型,,6e33f9c3-ab36-4a04-9933-7a2b70649c43,"输入: W0-初始时的枯枝落叶重量(REAL), We-时间t时的枯枝落叶重量(REAL), t-时间（天）(INT) | 输出: gamma-消失率(REAL)",,Vanishing Rate Gamma Model
758,c41c09a3454f572d87849bcf4d01b933,消失量比率y模型,,2699d448-c215-47f5-885c-409616f7e6d8,"输入: K-消失量比率达到稳定状态值(REAL), a-参数(REAL), b-参数(REAL), t-时间（天）(INT) | 输出: y-消失量比率(REAL)",,Vanishing Volume Ratio Y Model
759,d6e7e9890a635834ebf4fc132570bce7,消散条件蒸发潜热,,900bd26f-2073-4f5b-b980-c04d07b754da,"输入: LT_1-叶面温度下蒸发潜能(REAL), ET_1-叶面温度下水蒸气的饱和密度(REAL), H-相对湿度(REAL), ET_a-大气温度下水蒸气的饱和密度(REAL), r_1-水蒸气的扩散阻力(REAL), k_2-因子(REAL), B-风向上叶片的宽度(REAL), W-叶片风向横断面的宽度(REAL), V-风速(REAL) | 输出: L-消散条件蒸发潜热(REAL)",,Dissipation Condition Latent Heat Of Evaporation
760,17179a8fe4bac9fd718da6287a42dd1a,消散条件辐射,,ed3bcbb7-66e4-4099-9b37-458766951503,"输入: epsilon-叶片对红外辐射的发射率(REAL), T_1-叶片的温度(REAL) | 输出: R-消散条件辐射(REAL)",,Dissipated Conditioned Radiation
761,e0a7dcc90e4fa98d17b8f2262be83d08,消费项目折算的人均占有的生物生产面积,,65fcd297-4c22-419b-ac05-2d843b50062b,"输入: P-消费项目的年生产量(REAL_ARRAY), I-消费项目年进口量(REAL_ARRAY), E-消费品项目年出口量(REAL_ARRAY), Y-生物生产地生产消费项目的年（世界）平均产量（kg.hm-2)(REAL_ARRAY), N-人口数(REAL), i-第i种消费品(INT) | 输出: double-消费项目折算的人均占有的生物生产面积（人均生态足迹分量)(bm2/人）(REAL)",,Per Capita Biological Production Area Converted From Consumption Items
762,c1e0f3e330390d93c41db715bfe58093,消除经纬仪高度对遮蔽角影响的计算方法--垂直投影法1,,8f5c308c-6370-4ed4-acaa-963a2a3584c4,"输入: Hi-遮蔽物i在测点i所在平面上的高度(REAL), hA-遮蔽物在测点A所在平面上的高度(REAL), delta-A点所测的第i个目标的遮蔽角(REAL) | 输出: ki-遮蔽物i对测点地面的实际遮蔽角(REAL)",,Calculation Method To Eliminate The Influence Of Theodolite Height On The Shadowing Angle - Vertical Projection Method 1
763,c49c6a237c050820cde0ed5209e48ff0,消除经纬仪高度对遮蔽角影响的计算方法--垂直投影法2,,48853185-22d1-424b-91ea-53a3288638fe,"输入: alphaA-A点所测的第i个目标的方位角(REAL), alpha-A点所测的第A个目标的方位角(REAL) | 输出: Wi-遮蔽物i相对于测点A的实际方位(REAL)",,Calculation Method To Eliminate The Influence Of Theodolite Height On The Shadowing Angle - Vertical Projection Method 2
764,ac6b03d08af9fd1d2b362f5352e8a18a,消除经纬仪高度对遮蔽角影响的计算方法--水平投影法1,,1c5c5260-f35e-4396-aed3-f003b96b0469,"输入: alpha-A点所测的第i个目标的方位角(REAL), beta-B点所测的第i个目标物的方位角(REAL), b-A、B两测点之间的水平距离(REAL), delta-A点所测的第i个目标的遮蔽角(REAL) | 输出: Hi1-遮蔽物i在测点A所在平面上的高度(REAL)",,Calculation Method To Eliminate The Influence Of Theodolite Height On The Shadowing Angle - Horizontal Projection Method 1
765,730b80d9dad24759ff771a681bd433eb,消除经纬仪高度对遮蔽角影响的计算方法--水平投影法2,,f68d318d-b3ba-4886-998c-eb196852d397,"输入: alpha-A点所测的第i个目标的方位角(REAL), beta-B点所测的第i个目标物的方位角(REAL), b-A、B两测点之间的水平距离(REAL), gamma-B点所测的第i个目标物的遮蔽角(REAL) | 输出: Hi2-遮蔽物i在测点B所在平面上的高度(REAL)",,Calculation Method To Eliminate The Influence Of Theodolite Height On The Shadowing Angle - Horizontal Projection Method 2
766,3cc70e8321e561765bf823bfff85b161,混光谱法反演地物反射率模型,,4af9483b-1bfe-4678-b179-0f7d8d68886a,"输入: k-波段的增益(REAL), Li-光谱辐射值(REAL), c-累加次数(REAL), fnj-最终单元在像元中的百分比(REAL), Rn-反射率(REAL_ARRAY), Eb-误差(REAL) | 输出: double-波段的偏移(REAL)",,Mixed Spectrum Method To Invert The Reflectance Model Of Ground Objects
767,efc5ee055bbe1801767737603f054abd,混合度指数F模型,,64836111-800b-4ec9-a153-1ef32b3450c4,"输入: a[]-每样方中蝗虫出现的频次(INT_ARRAY), i-每样方中出现蝗虫的种类数(INT), n-每样方中出现蝗虫的个体数(INT), j-抽样数(INT), S-种类总数(INT) | 输出: F-混合度指数(REAL)",,Mixing Degree Index F Model
768,ebebe0bb24e52b0c38a0036f879e83c8,清晰度指数,,f42a5c89-8f5e-41c4-b996-1b7661180e71,"输入: Ni-模式i中分区的数量(REAL), ki-模式i的换算因子(REAL) | 输出: Ai-模式i的清晰度指数(REAL)",,Clarity Index
769,0ab7d61efac5d17fb77864872c6779ba,渐近的树密度,,b999fd71-66fe-41bc-8475-00eefc0bc360,"输入: C-常数(REAL), Y-最终产量(REAL) | 输出: N-渐近的树密度(REAL)",,Asymptotic Tree Density
770,131380aa392fdbb2d812af4dc82d430e,温暖指数模型,,c6252659-6bde-494f-b51d-c5274d5840be,"输入: t-月平均气温(REAL), n-月份(INT) | 输出: Iw-温暖指数(REAL)",,Warmth Index Model
771,57bb98450483120c61cfd5e28de398d2,游憩效益模型,,983f66eb-5a4b-4592-bf13-83897a15c332,"输入: a-游客游憩1h的平均花费(REAL), t-游客在旅游区的平均游憩时间(REAL), m-游客平均支付的门票费用(REAL), p-旅游区平均每年接待的游客数(INT) | 输出: double-游览区每年的游憩效益(REAL)",,Recreation Benefit Model
772,7f5e92182f00f459829696c7e72ed0f6,游憩者流动的重力模型,,76f97cf8-dcad-4090-ba7b-10dd4107c711,"输入: Ei-客源地的出游能力(REAL), Aj-目的地的吸引力大小(REAL), Dij-i和j之间距离(REAL), G-经验常数(REAL), b-经验常数(REAL) | 输出: default_N-参数(REAL)",,Gravity Model Of Recreationist Flow
773,b11c0b87be5a96e7dab7eea5f7cbe7ae,湿度降低时的树冠阻力,,487377f0-a3c6-4a38-b08e-ebf5af62eafc,"输入: CCw-树冠H2O阻力(REAL), DCCh-CC:ABshd的斜率(REAL), ABshd-绝对湿度亏缺(REAL) | 输出: CCh-湿度降低时的树冠阻力(REAL)",,Canopy Resistance When Humidity Decreases
774,388cbbe6a6884160bddff6791f2a2ef7,溢洪断面及消能设计,,3e5c9674-b82c-4aa2-a67e-f55c7134deff,"输入: Qm-洪峰流量(REAL), W1-坝的滞洪库容(REAL), W2-设计洪水总量(REAL) | 输出: double-溢洪断面及消能(REAL)",,Spill Section And Energy Dissipation Design
775,0cbd10dbdb31de700e8f1b23be6b62c7,潜在毛生产力,,2103ed21-a680-412e-9036-ed03b0a7f6f5,"输入: S-太阳辐射(REAL), S_EEF-S的效率(REAL), P_TMP-正温度(REAL), T_EEF-P_TMP的效率(REAL), E_VAP-土壤水分蒸发蒸腾损失总量(REAL), M_EEF-E_VAP的效率(REAL), S_CON-转化因子(REAL) | 输出: PGP-潜在毛生产力(REAL)",,Potential Gross Productivity
776,85407c9d6bfd5668700b46d5291e2b87,潜在蒸腾作用,,f7d2fc77-33ba-4daa-8967-81a925790769,"输入: lamda-水的汽化热(REAL), S-饱和水汽压曲线斜率(REAL), R-单位叶面积吸收的辐射(REAL), delta-空气干燥力(REAL), rxin-视干湿表常数(REAL) | 输出: E-潜在蒸腾作用(REAL)",,Potential Transpiration
777,6c84bd3a625cd80617b63599cb9b60bd,潜热通量,,e0fd72ed-c768-4313-920e-7a6ed14d58d1,"输入: pcp-空气的体积热容量(REAL), Tc-叶片的温度(REAL), Tac-冠层空气的温度(REAL), rac-叶边界层对水蒸气和显热传输的空气动力学阻率(REAL), Ts-土壤的温度(REAL), ras-土壤表面边界层对水蒸气和显热传输的空气动力学阻率(REAL) | 输出: double-潜热通量(REAL)",,Latent Heat Flux
778,7fdb804508f32fd52bf264b5f40ddbd0,激光脉冲信号功率模型,,cff7d477-0dd1-4fad-bbc6-1621fb24680a,"输入: Et-发射的激光能量(REAL), Ar-接收器面积(REAL), etaR-系统充满系数(REAL), tao-激光脉冲宽度(REAL), R-激光器到目标表面的距离(REAL), To-光学系统透射率(REAL), Tc-云层的投射系数(REAL), Ta-双程大气溶胶透射率(REAL), rOmega-目标的后向散射率(REAL) | 输出: double-激光脉冲信号功率(REAL)",,Laser Pulse Signal Power Model
779,53015c96c48db7fb085889e3fd859d9f,灾情变率,,b8194abf-7235-40f0-b5b8-927d07b11c76,"输入: m-年份(INT), X-某一年的灾情指标(REAL_ARRAY), X_-多年的灾情指标平均值(REAL) | 输出: double-灾情变率(REAL)",,Disaster Variability
780,f5bdb16d0fdc7c9cf46f4b3785f9c5cf,灾情定量指标,,fd069ad9-08af-4324-bd4f-06b1fe313121,输入: N-指标实际的灾情统计(REAL) | 输出: double-灾情定量指标(REAL),,Disaster Quantitative Indicators
781,bec93ef738024e7d0f41fb41c9edb6b4,点相关系数模型,,ab67c3d5-8d36-4ad5-887a-27b61e8dbc14,"输入: a-两个种都存在的样方数目(REAL), b-B种存在而A种不存在的样方数目(REAL), c-A种存在而B种不存在的样方数目(REAL), d-两个种都不存在的样方数年(REAL) | 输出: Phi-点相关系数(REAL)",,Point Correlation Coefficient Model
782,8c110f28984708aefa44881d8b5343a3,热响应数,,839dca3b-9d88-4bce-89a3-3695a2fb1b76,"输入: S-两次飞行时间t1和t2间考察地点的总净辐射(REAL), T1-同样的时间间隔内表面温度差(REAL) | 输出: TRN-热响应数(REAL)",,Thermal Response Number
783,118642cde8bf506bffbd01de54efa6ca,热扩散率K模型,,124f627e-b4e3-4e01-b004-1a68ff0e8334,"输入: K-热传导率(REAL), rou-密度(REAL), C-比热容(REAL) | 输出: k-热扩散率(REAL)",,Thermal Diffusivity K Model
784,0157d04d9bc2594c727acde35a270af8,热红外辐射传输方程,,b0d0223c-043e-4024-97ef-61c52d4425b8,"输入: Blemda-普朗克黑体辐射函数(REAL), Ts-地表物理温度(REAL), epslonslemda-波长为lemda的地表辐射率(REAL), t0lemda-整层大气的总透过率(REAL), tao-参数(REAL), Lo-参数(REAL) | 输出: double-传感器所接受的波长为lemda的热红外辐射能量(REAL)",,Thermal Infrared Radiation Transfer Equation
785,dc489b2a1c0c29cd8be4b4142f67b203,热辐射模型,,7028cb85-5255-4692-891a-9a72f819bd04,"输入: h-Planck常数(REAL), f-频率(REAL), c-光速(REAL), T-物理学温度(REAL), K-Boltzman常数(REAL) | 输出: double-黑体的谱亮度(REAL)",,Thermal Radiation Model
786,da44cc5961cc5a6bde05824224659874,照像物镜所成像的照度E模型,,db0d8c5e-5bde-4e9a-8dce-fa48603cd88d,"输入: RR-地物的亮度系数(REAL), BS-太阳的亮度(REAL), dlambda[]-常数(REAL_ARRAY), aa-常数(REAL) | 输出: EE-照相物镜所成像的照度S模型(REAL)",,Illuminance E Model Of The Image Imaged By The Photographic Objective Lens
787,f11dc3dd24d22bd1e1d4e92f5aa8fcd7,物种-面积平衡方程,,f0684c3d-2aca-4ea9-a77e-83c8c3668ec0,"输入: C-合适的参数(REAL), A-岛屿的面积(REAL) | 输出: double-物种的数量(REAL)",,Species-Area Balance Equation
788,01ae8fffe53880e26be6616701f35c35,物种可用营养成分数量模型,,b674cee9-d99a-4f76-9180-64f44ca9c20b,"输入: Tan-当前时段可用营养成分储备的总的大小(REAL), Bfri-物种i当前时段的细根的生物量(REAL), Bmfri-给定位置物种i的最大细根的生物量(REAL) | 输出: Napi-物种i可用营养成分的数量(REAL)",,A Model Of The Quantity Of Nutrients Available To A Species
789,41b038479b686db757cff7d78a947b9f,物种多样性指数模型,,80bebcb9-77f5-4660-80af-45fa1d6c49ef,"输入: n[]-各物种个体数(REAL_ARRAY), N-样地总个体数(REAL), s-样地种数(REAL) | 输出: D-物种多样性指数(REAL)",,Species Diversity Index Model
790,9789c6f550919789df7f3f7015366ed1,物种实际营养成分吸收率模型,,b10f7333-6f3b-40a0-800d-de27041c7783,"输入: Udi-给定物种的年吸收营养需要量(REAL), Napi-物种i可用营养成分的数量(REAL) | 输出: Uai-物种i年实际营养成分吸收率(REAL)",,Species Actual Nutrient Absorption Rate Model
791,3379624c438f9391b2be0f6e80fb92db,物种群丛的能量定律,,8e3addf7-7028-4282-964e-9a97bb129234,"输入: a-常数(REAL), u-每单位样方中动物的平均数量(REAL), b-常数(REAL) | 输出: σ2-每单位样方中动物数量的变化(REAL)",,The Energy Laws Of Species Populations
792,99ec5700eee4a2f2528adea7d068d215,特定线性吸收系数,,aad5bd8d-ac48-440a-87a2-de8a98cf4dab,"输入: CC[]-单位面积中层要素的j的含量(REAL_ARRAY), KK[]-相应的特定的吸收系数(REAL_ARRAY), NN-结构参数(REAL), ke-白化叶片的剩余吸收项(REAL), gamma-代表层中辐射的漫射稀疏的变化的因子(REAL), DL-叶层的总厚度(REAL) | 输出: kk-吸收系数(REAL)",,Specific Linear Absorption Coefficient
793,e3d05cd4737dce891aabacda53715d49,玉米根系吸水模式,,33ad23e5-41e5-4711-a100-b80bb29d657f,"输入: Ila-玉米冠层叶面积指数(REAL), ET-t时刻玉米的实际蒸发蒸腾率(REAL), z-垂直坐标(REAL), zr-玉米根系层深度(REAL) | 输出: S-在高度z和时刻t下玉米根系吸水(REAL)",,Corn Root Water Absorption Pattern
794,b12bf36c6268b88b1b0d81a3806ba43e,环境变化下的种群模型--一种密度依赖模型,,efc7f9b6-957c-4e4f-b5a1-438d7752f674,"输入: ri-内在增长率(REAL), n-t年份的种群个体数(REAL), k-承载力(REAL), sita-参数(REAL) | 输出: rt-增长率(REAL)",,Population Model Under Environmental Changes--A Density-Dependent Model
795,3d6c5508b5014d1cf5ac1fbe522862bb,环境变化下的种群模型--考虑不确定因素的种群模型,,4f5757f0-81ff-47cd-8e87-cd97a3bcccd8,"输入: nt-t年份的种群个体数(REAL), e-自然对数的底(REAL), rtnt-已知的增长率(REAL), E-正态分布的随机误差(REAL) | 输出: nt_1-t+1年份的种群个体数(REAL)",,Population Model Under Environmental Changes--Population Model Considering Uncertain Factors
796,e6fb116230419112a8b46d01ea63a16c,环境变化下的种群模型--逻辑推理种群增长模型,,26b946ab-ec62-4abb-be6e-91e8f9e704a0,"输入: ri-内在增长率(REAL), nt-t年份的种群个体数(REAL), k-承载力(REAL) | 输出: rt-增长率(REAL)",,Population Model Under Environmental Changes--Logical Reasoning Population Growth Model
797,b6677035fd494a657b0cc41b331c9985,环境梯度的确定—集合环境梯度GC模型,,c2576aab-a51e-4149-92ce-53223e07ba43,"输入: GT-热量梯度(REAL), GM-水湿梯度(REAL), GS-土壤肥力梯度(REAL) | 输出: GC-集合环境梯度(REAL)",,Determination Of Environmental Gradient Integrated Environmental Gradient GC Model
798,eeb6e518a3924bcdd01a58d8ecd4a69e,环境污染与人口与生产发展的关系,,c7bc12c5-5637-4272-b0d5-4cdedf30607d,"输入: P-人口变化因子(REAL), A-富裕变化因子(REAL), T-技术变化因子(REAL) | 输出: double-人对环境的影响程度(REAL)",,"The Relationship Between Environmental Pollution, Population And Production Development"
799,35fa17c11319945c6b4185a0556292d5,现期生活用水量,,0aa9c2a3-1dca-40e5-9836-f6e6d17dfbab,"输入: p-人口数(REAL), pw-生活用水定额变量(REAL) | 输出: double-现期生活用水量(REAL)",,Current Domestic Water Consumption
800,2e6b94609be69d01f1743a734fa912c3,球形模型,,25e2b0a7-96fc-42f1-a8e8-fccb698afbe7,"输入: C-随距离h相似变化的渐近线(REAL), a-在C时h的值(REAL), h-抽样点间的距离(REAL), d-y轴的截距或在间距离小于抽样点间的最短距离时与空间变化无关的系数(REAL) | 输出: double-随距离h的相似变化值(REAL)",,Spherical Model
801,14c1b4cc837b87a23eaae01505f85f74,球模型描述的空间依赖性,,0aa27d2b-4ccc-4f37-ac49-a0f879fdce11,"输入: C-模型参数(REAL), C1-模型参数(REAL), a-范围的模型参数(REAL), h-参数(INT) | 输出: gam1-球模型描述的空间依赖性(REAL)",,Spatial Dependence Described By The Ball Model
802,133af88bdd54a50c519297200ea2e453,生产模型,,a52a2809-10e0-4d46-a214-a74dd9d01033,"输入: Z3-是每hm2的植物茎干数量(REAL), Z7-是A层得颜色(REAL), Z8-是B层的颜色(REAL), Z9-是以g为单位的土地容量(REAL), A-系数(REAL), b-系数(REAL_ARRAY), X2-有效能量(REAL) | 输出: double-生产模型(REAL)",,Production Model
803,155f6a6af34e68808aef41ee8e0a948c,生产能量的效率,,20f33569-b756-4fe0-80ae-94e300365ce1,"输入: EP-生产能量(REAL), EF-排泄物能量(REAL), EQ-热能(REAL), EI-摄取的能量(REAL) | 输出: etae3-生产能量的效率(REAL)",,Efficiency In Producing Energy
804,f2e84fe999a4fe53e0866d5cf341a6f8,生态优势度模型,,37d8cef9-c1dc-4c6a-8197-8bcc3bf58bb3,"输入: n[]-各物种个体数(REAL_ARRAY), N-样地总个体数(REAL), s-样地种数(REAL) | 输出: C-生态优势度(REAL)",,Ecological Dominance Model
805,28b82819bf55e6aca79d7f7e0d542ee5,生态位宽度Bi模型,,fdb1e6a7-802d-4bd7-9f94-e97f16a943ec,"输入: Pi[]-第i种在资源位上的相对多度(REAL_ARRAY), n-资源们种数(INT) | 输出: Bi-第i个物种生态位宽度(REAL)",,Niche Width Bi Model
806,1cf5c668fa01afb57c30016e6868b82d,生态位宽度模型,,f873c696-11d8-4ba6-bbd8-7873fe5ee9db,"输入: P[]-资源集合中的总单位数(REAL_ARRAY), s-在一个资源集合中第i单位中该物种所占的比例(INT) | 输出: Bi-生态位宽度(REAL)",,Niche Breadth Model
807,22592f18c56a2d1e9d33604540b5c121,生态位重叠模型,,5498a8a7-95e6-4d07-b3c1-5ba3313a421e,"输入: N1-分别为第一及第二种群的个体总数(INT), N2-分别为在第i资源单位中各种群个体数(INT), n1[]-该资源集合的总单位数(INT_ARRAY), n2[]-参数(INT_ARRAY), s-参数(INT) | 输出: C1-生态位重叠(REAL)",,Niche Overlap Model
808,c5912e440c4c56c8d358a13d07135025,生态势模型,,ed05390c-68e7-4a76-9afe-ba4933fe978c,"输入: B-参数(REAL), I-参数(REAL), N-参数(REAL), H-参数(REAL), lambda21-参数(REAL) | 输出: Phi(r)-生态势(REAL)",,Ecological Potential Model
809,dd8ee5f48ae63c5020bac04761831fba,生态场强度模型,,690188b9-4506-48b2-a0fc-ab41058f4c94,"输入: Rarg-实际叶面积相对增长速率(REAL), Rprg-潜在叶面积相对增长速率(REAL) | 输出: I-生态场强度(REAL)",,Ecological Field Intensity Model
810,fd7bb9a6e762d5844e97c4491965f137,生态场的空间分布动态模型,,25c8058c-e620-4040-9300-340f5b6cd507,"输入: alphal[]-生态效应系数(REAL_ARRAY), Elo[]-在场源处生态因子的相对变化值(REAL_ARRAY), x[]-分别表示光照、水分、氮素、CO2和相对湿度因子(REAL_ARRAY), y[]-第i株植物(REAL_ARRAY), alphaN[]-分别为冠层和根系分布中心离地面的高(深)度(REAL_ARRAY), ENo[]-分别为x轴和y轴的平面直角坐标(REAL_ARRAY), alphaW[]-生态场植物株数(REAL_ARRAY), EWo[]-参数(REAL_ARRAY), hr[]-参数(REAL_ARRAY), hc[]-参数(REAL_ARRAY), alphac[]-参数(REAL_ARRAY), Eco[]-参数(REAL_ARRAY), alphah[]-参数(REAL_ARRAY), Eho[]-参数(REAL_ARRAY), n-参数(INT) | 输出: En-具有n株植物的群体的生态场(REAL)",,Spatial Distribution Dynamic Model Of Ecological Fields
811,780df93f6f01828b6504134942fab23f,生态系统主要组分的状态指数动态模型,,c2da8523-0633-4f76-9530-74e7d59e1e88,"输入: du_dt-热能密度关于时间的变化率(REAL), C-抗火系数(REAL) | 输出: dEb_dt-生态系统主要组分的状态指数关于时间的变化率(REAL)",,State Index Dynamic Model Of Main Components Of Ecosystem
812,596d00ee427a450eaf99b1bf07d8cf70,生态系统组分的放射本能(Ex),,b41ff395-6f79-4010-bc89-d7a1a841cf99,"输入: R-气体常数(REAL), T-环境的绝对温度(REAL), C[]-第i个组分(REAL_ARRAY), n-组分的数量(INT), Ceq[]-热力平衡中第i个组分携带的信息(REAL_ARRAY) | 输出: Ex-生态系统组分的放射本能(REAL)",,Radioactivity Of Ecosystem Components (ex)
813,47d011daafc361395eae67ecf4508335,生态过程能量效率,,e657657c-6648-4ab8-a7dc-082d73d8d958,"输入: EP-生产能量(REAL), ER-呼吸能量(REAL), EF-排泄物能量(REAL), EQ-热能(REAL), EI-摄取的能量(REAL) | 输出: etae1-一个动物系统的生态过程能量效率(REAL)",,Ecological Process Energy Efficiency
814,4d08245a7803af05ee1911e9dcd3c537,生殖器官生长模型,,796457f6-91f7-4a18-b068-8dfdded59442,"输入: Ri-第i天植物有活力的生殖器重(REAL), Ui-植物对营养和生殖器官光合产物分配策略(REAL), Pc-整个生长期中平均最大群体生长速度(REAL), K-参数(REAL), Xi_L-单位土地面积上的叶面积(REAL) | 输出: Ri1-第i+1天植物有活力的生殖器重(REAL)",,Reproductive Organ Growth Model
815,ea126874f82e13e54ecf77716f6c2752,生物学变量的响应模型,,b8741ccc-7704-43b6-b306-232e970b061b,"输入: Y0-边界上(REAL), Y240-深入到森林内部240m处森林植被的响应(REAL) | 输出: Y-生物学变量的响应(REAL)",,Response Model Of Biological Variables
816,c31da28c44801002529588ff5c60b177,生物稳定塘平衡方程,,89df6ad8-5977-400f-86c7-cb402be6ba08,"输入: Q-进水流量(REAL), Ci-某组分的进水浓度(REAL), Qc-出水流量(REAL), C-生物稳定塘中某一组分的浓度(REAL), V-反应器容积(REAL), vc-某组分的容积反应速率(REAL), n-某组分参加反应的次数(INT) | 输出: Vdc/dt-生物稳定塘平衡方程(REAL)",,Biostable Pond Equilibrium Equation
817,785a526d11abb2adc5d6833fab5cc4ce,生物量密度-反射散射关系模型,,c173d45c-9b42-45ef-9d72-3a1c462e31b7,"输入: B-地面上生物量密度(REAL), a-自由参数(REAL), b-自由参数(REAL), c-自由参数(REAL) | 输出: double-校准的标准反射散射密度(REAL)",,Biomass Density-Reflection Scattering Relationship Model
818,b0623e9edd9abad9004a491776a0a9e6,生长率C模型,,dc334e40-5953-4a18-a542-3bda0ab8d7b9,"输入: W2-观测值株干重(REAL), W1-观测值株干重(REAL), T2-无(REAL), T1-无(REAL) | 输出: C-生长率(REAL)",,Growth Rate C Model
819,faf137d16ac9d1f53f062be65f246aa3,生长量气候指数i模型,,7291d65e-e528-4bb9-899f-3d34604f0f04,"输入: delta_T-生长季中平均日最高温与平均夜晚最低温度较差(REAL), S-生长季中平均日长(REAL), P-平均年降水量(REAL), G-平均气温大于10°C的持续期(REAL), T_V-生长季最热月的平均温度(REAL) | 输出: i-生长量气候指数(REAL)",,Growth Climate Index I Model
820,28d90007415f6f5a6cbef04078fcbfba,用于校准的两图像多波段回归模型,,8b7b9d4a-7b78-4e41-ad95-fe59079c41fe,"输入: beta[5]-回归系数(REAL_ARRAY), xi[4]-像元i前期图像上的波段值(REAL_ARRAY) | 输出: Regression2-像元i后期图像上的波段值(REAL)",,Two-Image Multi-Band Regression Model For Calibration
821,07b1daea47c102027e814f69fed2ee09,用于校准的多图像单波段回归模型,,6c15ad39-c415-4805-8939-01bb3dd5a6d5,"输入: beta[4]-回归系数(REAL_ARRAY), xi[3]-像元i前期图像上的波段值(REAL_ARRAY) | 输出: Regression3-像元i后期图像上的波段值(REAL)",,Multi-Image Single-Band Regression Model For Calibration
822,413b2157ad472b50073ceeab768e0284,用于校准的波段——波段回归模型,,b3ba8b5d-f090-4f87-a1b3-3944e955484b,"输入: beta0-回归系数(REAL), beta1-回归系数(REAL), xi-像元i前期图像上的波段值(REAL) | 输出: Regression1-像元i后期图像上的波段值(REAL)",,Bands Used For Calibration Band Regression Model
823,0c1a5cf74a0dfa09a0a10f27388bf135,田间需水量,,ddf5267f-5cc5-42dd-b2ee-3a28971b7ae8,"输入: eta-降水有效系数(REAL), P-多年平均降雨量(REAL), Sp-坡面面积(REAL), St-梯田面积(REAL) | 输出: Pd-田间需水量(REAL)",,Field Water Requirement
824,af340f853ae04f1697b315166b59a498,由于植被倒置的微波衰减,,038a83d8-c86b-4308-9803-f0a26c6a7515,"输入: dr0-植被衰减为0时土壤表面的极化差(REAL), alpha-植物水分的吸收系数(REAL), dw-植物水分含量(REAL), Theta-入射角(REAL) | 输出: double-层状介电质中衰减规律(REAL)",,Microwave Attenuation Due To Inverted Vegetation
825,d12c6c0943d221fec63a043644ddbe51,白昼子模型,,319ae36b-22a4-4b9e-8cff-1238b63cfb64,"输入: SH2O-时间t的土壤含水量(REAL), Scap-土壤持水量(REAL) | 输出: Lwp-白昼最大叶片水势(REAL)",,Day Submodel
826,998a08b7e39c0b09f72e2fa00df477c7,百分比反射因子,,2f597d9a-11b0-4fbd-86c2-a2b47542ed40,"输入: alpha-角度参数(REAL), beta-角度参数(REAL), theta-相对于太阳基准平面的观察顶角(REAL), phi-观察的方位角(REAL), a-参数(REAL), b-参数(REAL), c-参数(REAL) | 输出: Rpar-百分比反射因子(REAL)",,Percent Reflection Factor
827,e7c4e2b6d56d2f39e191694b124024da,皮里欧斯(Pielous)平均指数,,925a6ece-7b7c-47a5-a8d8-be5cb84dbc03,"输入: S-当前分类的总数(INT), H-香农-威廉(Shannon-Wiener)异质性指数(REAL) | 输出: J-皮里欧斯(Pielous)平均指数(REAL)",,Pielous Average Index
828,4aa6fb30e6cde2ce969d7f4b55f921c4,直径(D)的变化模型,,e34d1635-53e7-4d23-a476-bb615254029f,输入: dgrow-直径增量(INT) | 输出: dD_dt-直径变化率(INT),,Diameter (D) Change Model
829,1f0453472f4de1d4e5e635308b651bbf,直接太阳辐射,,99f74a1e-dc58-480c-bc6d-6a6f3f115fd4,"输入: NS-地形的法向方向和太阳方向角(REAL), Es-穿过大气层后到达地面的直接福照度(REAL) | 输出: Es1-一个像素接收到的辐射(REAL)",,Direct Solar Radiation
830,3d43bc7e3bc7738c19972cc66213e2db,直接日照辐射的单散射,,9d785b54-b76a-4309-9564-437667c0b0d6,"输入: Slambda-在植被冠层水平面上的直接日照辐射(REAL), Qlambda-在植被冠层水平面上的总辐射量(REAL), rou1-双向反射因子中的单散射成分(REAL), rouD-半球方向反射因子中的共同成分(REAL) | 输出: double-冠层半球方向上的反射因子(REAL)",,Single Scattering Of Direct Solar Radiation
831,bfa62d740d5f04ff427ee80ae029a684,直接辐射和散射辐射的传输系数,,315473d6-6612-4d7e-a34e-b83bd88ae9db,输入: T_R-传输因子(REAL) | 输出: TD-传输系数(REAL),,Transfer Coefficients For Direct And Scattered Radiation
832,93b8f275ab50b6c60a127241c72d2e35,相关系数r模型,,def7ce8b-781e-4708-94b6-b7b3717a3c57,"输入: x-某种蝗虫在不同样点中出现的个体数(INT), y-某种蝗虫在不同样点中出现的个体数的平均数(INT), xa-样点数(REAL), ya-参数(REAL), n-参数(INT) | 输出: r-相关系数(REAL)",,Correlation Coefficient R Model
833,7b1ae490186d34efe97e5be87ddcd111,相关系数模型,,14797eb8-2246-4b7f-b4ca-2072c8c2851c,"输入: n-指标数(INT), x-观测值(REAL_ARRAY), x_-x的平均数(REAL), y-观测值(REAL_ARRAY), y_-y的平均数(REAL) | 输出: double-相关系数(REAL)",,Correlation Coefficient Model
834,8bf0447d61a1bcdfbb4dc49e330a62cd,相同年龄段植物种群的时空演变模型,,5395d131-4499-4b06-bfe7-50afd985acbc,"输入: dit-t时刻每个个体的生长率(REAL), a-长度增长率(REAL), D-个体的最大可能高度(REAL), Q-相邻个体对生长率的影响强度的参数(REAL), di-i个体的高度(REAL), dj-j个体的高度(REAL), OVERij-i个体和j个体重叠的面积(REAL), k-常数(INT), i-i个体(INT), n-个体总数(INT) | 输出: dit_-参数(REAL)",,Spatiotemporal Evolution Model Of Plant Populations At The Same Age
835,48450e6ea9a2452fc97d7b0c3e938b76,相对植被指数,,3108e537-ed81-4c55-a9b4-f58fee6f36dd,"输入: Rhoiresult-某个叶片水平生长的农作物对红光的谱反射系数(REAL), Rhorresult-某个叶片水平生长的农作物对红光的谱反射系数(REAL) | 输出: Irv-相对植被指数(REAL)",,Relative Vegetation Index
836,6a99c77f8024a9e01e7f3bb457c20721,相对灾级,,aeb3cdb9-5115-499a-9cec-4bee993d33e4,"输入: P1-受灾人口占总人口百分比(REAL), P2-受灾面积占总播面积百分比(REAL), P3-直接经济损失占工农业总产值滑动平均值百分比(REAL) | 输出: double-相对灾级(REAL)",,Relative Disaster Level
837,f0051f18d8701020d019f048296a135a,相对生物量产出度,,1b84372f-b6ab-47bf-8867-ba435563e231,"输入: ra-大气阻尼(REAL), rm-CO2在气孔与光合作用位置间扩散时的叶肉阻尼(REAL), rd-由于干燥的顶层而附加的阻尼(REAL) | 输出: double-相对生物量产出度(REAL)",,Relative Biomass Yield
838,f1fa3b58c72f2033b07747291d174e9f,相对生长率R模型,,f0fea5dc-2da6-48e3-a02c-6118a4655bc5,"输入: Ln-Ln(REAL), L2-叶面积(REAL), L1-叶面积(REAL), T2-无(REAL), T1-无(REAL) | 输出: R-相对生长率(REAL)",,Relative Growth Rate R Model
839,cd1b5875f03ab9258ccca32a6ac71bd0,相对自然致灾因子强度,,896f5fae-70c0-41ce-9978-a22e82494ab4,"输入: n-某县域自然致灾因子数(INT), P-第i种致灾因子的相对强度(REAL_ARRAY), S-第i种致灾因子的面积比(REAL_ARRAY) | 输出: double-相对自然致灾因子强度(REAL)",,Relative Intensity Of Natural Disaster Factors
840,9ab233d1244ad38debeb1f52114ea9d3,短波有效辐射的简化方程,,f4f9dc7c-c08b-4764-89cb-886a430558f3,"输入: Ei-被散射的截留的阳光通量(REAL), kafangi-参数(REAL), B-参数(REAL_ARRAY), Si-热模型的长波矩阵(REAL_ARRAY) | 输出: double-短波有效辐射(REAL)",,Simplified Equation For Shortwave Effective Radiation
841,653b8c5dbd4e94cd6f61da3936ec2a09,确定关键种的模型--关键性指数模型,,b10a1b88-d543-42f5-bae0-b4795e9a9b08,"输入: Kbj-为种j上行关键指数(REAL), mij-为物种j的直接猎物种类数量(REAL), Ktj-为种j下达关键性指数(REAL), nij-为物种j的直接捕食者种类数量(REAL) | 输出: Ki-物种i的关键性指数(REAL)",,Model For Determining Key Species--Criticality Index Model
842,e52a989dd92a2ef4dc45760b990164bd,确定关键种的模型--群落重要性指数CIi模型,,626ee324-8679-42d8-93df-5a6c6b98e6b4,"输入: tN-为改变前群落或生态系统特征的定量测度(REAL), tD-为物种i被去除后群落或生态系统特征的定量测度(REAL), pi-为物种i被去除前在生态系统中的相对多度(REAL) | 输出: CIi-群落重要性指数(REAL)",,Model For Determining Key Species Community Importance Index C Ii Model
843,3fd78e67cbcab2add9b076be9a36c605,确定动态经济阈值的数学模型--种群动态模型,,4e8c0231-f05d-4baa-871c-76126eddc339,"输入: Nit-种群密度(REAL), Mit-为昆虫完成某一特定阶段i的发育所需要的时间(REAL), Si1-为阶段i-1的存活率(REAL), Ni1t-种群密度(REAL), Mi1t-为昆虫完成某一特定阶段i的发育所需要的时间(REAL), t-天数(REAL) | 输出: dNidt-种群动态值(REAL)",,Mathematical Model For Determining Dynamic Economic Thresholds--Population Dynamic Model
844,aaf4472f4020cc12a09341ba356271ed,碎石变化模型,,185607b0-15de-4a29-9dd0-04cff53210e6,"输入: dh-每年由草食动物引起的碎石产出率(REAL), H-食草动物(REAL), D-碎石量(INT), ld-草食动物碎石的年度氮损失率(REAL), md-草食动物碎石的年度矿化率(REAL) | 输出: dD_dt-碎石随时间变化率(REAL)",,Gravel Change Model
845,545074ab644c07f1b9d153edabc38285,磷循环模型1,,8024f1e9-9269-44fe-91e8-80df4daa2ccb,"输入: x1P-油茶林木和林冠下灌丛中磷含量(REAL), x3P-土壤中磷含量(REAL), u01P-磷施肥量(REAL) | 输出: dxP1_dt-油茶林木和林冠下灌丛中磷含量关于时间的变化率(REAL)",,Phosphorus Cycle Model 1
846,579d25b41d5a8ed32826c62d21da631f,磷循环模型2,,52816655-c3bf-471b-add4-2a73e9134083,"输入: x1P-油茶林木和林冠下灌丛中磷含量(REAL), x2P-枯枝落叶层中磷含量(REAL), u02P-油茶林淋溶水和穿透水中磷含量(REAL) | 输出: dxP2_dt-枯枝落叶层中磷含量关于时间的变化率(REAL)",,Phosphorus Cycle Model 2
847,3ce3d0ce97d441d36ea91c9187abc8a9,磷循环模型3,,b4af28d3-1609-4be1-901a-cd3ce7efbcf5,"输入: x1P-油茶林木和林冠下灌丛中磷含量(REAL), x2P-枯枝落叶层中磷含量(REAL), x3P-土壤中磷含量(REAL), u03P-土壤渗下水中磷含量(REAL) | 输出: dxP3_dt-土壤中磷含量关于时间的变化率(REAL)",,Phosphorus Cycle Model 3
848,5abf18b4920da93e2967ac5937a09f0f,社会资源综合指数,,152d8bf5-f2a8-4cac-9185-dae9cf21798b,"输入: x1-劳动力资源(REAL), x2-人口文化素质水平(REAL), x3-居民生活质量(REAL), x4-城镇化水平(REAL) | 输出: double-社会资源综合指数(REAL)",,Comprehensive Index Of Social Resources
849,6e2f314fb010d280a32e591eb0f9844e,种-面积曲线模型1,,a9b002cf-c0fb-46a4-aa9a-5b6d378d9b60,"输入: S-A种出现的物种数(INT), a-待定参数(REAL), b-待定参数(REAL) | 输出: A-面积(REAL)",,Species-Area Curve Model 1
850,fcd6de049f4f78b22a2548649d9d78f1,种-面积曲线模型2,,9cf0734a-001e-46b3-8ccd-9a33b73d1b7b,"输入: S-A种出现的物种数(INT), a-待定参数(REAL), b-待定参数(REAL), c-待定参数(REAL) | 输出: A-面积(REAL)",,Species-Area Curve Model 2
851,4ff7f2b6938e2731c75ee396c1c82ec1,种-面积曲线模型3,,5669a1ef-7081-407f-81e1-a34af0274535,"输入: S-A种出现的物种数(INT), a-待定参数(REAL), b-待定参数(REAL), c-待定参数(REAL) | 输出: A-面积(REAL)",,Species-Area Curve Model 3
852,0c6e361e0dbaf5f0e1d6e9bed41d516b,种-面积曲线模型4,,974f5be1-3210-489c-9681-70cf76b42363,"输入: S-A种出现的物种数(INT), a-待定参数(REAL), b-待定参数(REAL) | 输出: A-面积(REAL)",,Species-Area Curve Model 4
853,2ea7bdf8bc8bae76c3f36186f9531e8b,种丰富度模型,,810bc478-c6f0-45d7-b6cc-e89567e5e42e,"输入: C-拟合常数(REAL), A-面积(REAL), Z-拟合常数(REAL) | 输出: S-种丰富度(REAL)",,Richness Model
854,f142aafde815a657935a014860646844,种子散布模型,,40b7f6da-54e7-46f2-97b6-691023daa304,"输入: r-单元距离(REAL), a-分布参数(REAL), b-分布参数(REAL), C1-种特导比例常数(REAL) | 输出: double-散布到离亲本植株r个单元距离的种子数目(REAL)",,Seed Dispersal Model
855,4537143219d1a11b633cbf18b3307c96,种的数量模型--利用Zenkevich的数据获得模型,,4d1766fa-fe3a-43d5-8adf-83c4c0b10afa,"输入: e-参数(REAL), t-参数(REAL) | 输出: P-结果(REAL)",,Quantitative Model Of Species--Using Zenkevich's Data To Obtain The Model
856,6021d634cf34b89affb4c003d4f27f3d,种类对群落整体的分享度模型,,85664906-4830-4434-9462-25bfebd4d8c9,"输入: Hssd[]-种类对级的分享度(REAL_ARRAY), k-高度级数(INT) | 输出: Cssd-种类对群落整体的分享度(REAL)",,Sharing Degree Model Of Species To The Community As A Whole
857,7bf4629d8427fadab44143f226a5fef4,种类组成及样本间相似系数Is模型,,999f6e6e-0734-4ea8-a8cb-6c28765a59fe,"输入: a-样本a中所出现的浮游动物种类数(REAL), b-样本b中所出现的浮游动物种类数(REAL), c-两样本中相同的浮游动物种类数(REAL) | 输出: Is-相似系数(REAL)",,Category Composition And Similarity Coefficient Between Samples Is Model
858,e8dc014bcf9779d35c43c473954776d6,"种群内禀增长力及捕食功能反应模型--两种捕食螨对桔全爪螨的功能反应,圆盘方程",,099eeccc-b906-4712-b7f6-f39f0fe0e702,"输入: a-参数(REAL), N-猎物密度(REAL), T-实验时间(REAL), TH-处理时间(REAL) | 输出: Na-捕获猎物数(REAL)",,"Population Intrinsic Growth Capacity And Predatory Functional Response Model--Functional Responses Of Two Predatory Mites To Panonychus Dorsalis, Disk Equation"
859,0ceca6806de3c07b297e9fd3fd7f7988,"种群内禀增长力及捕食功能反应模型--两种捕食螨对桔全爪螨的功能反应,随机捕食者方程",,cad68a27-1122-4840-a0a5-b1ed5fbd1323,"输入: N-猎物密度(REAL), e-自然对数的底(REAL), T-实验时间(REAL), P-捕食者数(INT), a-单位时间攻击率(REAL), TH-处理时间(REAL) | 输出: Na-捕获猎物数(REAL)",,"Population Intrinsic Growth Capacity And Predator Functional Response Model--Functional Response Of Two Predatory Mites To Panonychus Dorsalis, Stochastic Predator Equation"
860,3782b16454faca7bdbc96863e09e294e,种群变动和生产量测算模型--不同发育阶段发育时间的测定,,683a56e9-c73d-40e4-9eb2-a1772e5a37db,输入: T-温度(REAL) | 输出: D-时间(REAL),,Population Change And Production Measurement Model--Measurement Of Development Time At Different Development Stages
861,d8c4140e9873841a6e6cbb514f2b5c8f,种群变动和生产量测算模型--生产量的计算，某日生产量的计算模型,,b2ea4d95-d2e8-4fbc-9dc7-fae83da4223a,"输入: Ne-卵的个体数(INT), We-卵的增重(REAL), Te-卵的发育时间(REAL), N1-个体长组的个体数(INT), N2-个体长组的个体数(INT), N3-个体长组的个体数(INT), N4-个体长组的个体数(INT), W1-个体长组的增重(REAL), W2-个体长组的增重(REAL), W3-个体长组的增重(REAL), W4-个体长组的增重(REAL), T1-个体长组的发育时间(REAL), T2-个体长组的发育时间(REAL), T3-个体长组的发育时间(REAL), T4-个体长组的发育时间(REAL) | 输出: P-某日生产量(REAL)",,"Population Change And Production Volume Measurement Model - Calculation Of Production Volume, Calculation Model Of Production Volume On A Certain Day"
862,05e52b00f794cd90261a75919516188b,种群变动和生产量测算模型--生产量的计算，累计生产量的计算模型,,79328b7b-bb6c-4928-b352-40716ae100d0,"输入: P-不同日期的生产量(REAL_ARRAY), t-采样间隔(REAL_ARRAY), n-参数(INT) | 输出: Pt-累计生产量(REAL)",,"Population Change And Production Volume Measurement Model - Calculation Of Production Volume, Calculation Model Of Cumulative Production Volume"
863,f8ca3e2f2f0ffadf925848dc3a59fa24,种群变动和生产量测算模型--生物量的测算,,a328a991-e2da-40ee-b8c9-079124cd7a8b,输入: L1-体长(REAL) | 输出: W-体重(REAL),,Population Change And Production Measurement Model--Biomass Measurement
864,bd9e5c03f9af4cc6960639a834295fbc,种群增长的Logistic方程,,a728f3e7-ffb9-4c9a-8fd2-d912a91efaea,"输入: r1-种群的内禀增长率(REAL), N-种群大小(REAL), K-环境容纳力(REAL) | 输出: Nt1-瞬时变化率(REAL)",,Logistic Equation For Population Growth
865,e119afd67909c36337ab6aa4773adaa3,种群增长的必要条件,,776caa58-25da-4b4a-8243-345480036fa5,"输入: PA-成体的存活率(REAL), PJ-幼体的存活率(REAL) | 输出: bool型变量-是否满足必要条件(INT)",,Necessary Conditions For Population Growth
866,c22f98ae3d3cd0686c13d5104aef878d,种群多样性模型,,6da9336d-cbfd-45ec-ae37-f6d04bfcacbd,"输入: s-群落中的种群个数(INT), n[]-第i个种群的重要值(IV)(REAL_ARRAY), N-该群落中所有s个种群的总重要值(REAL) | 输出: D-种群多样性(REAL)",,Population Diversity Model
867,033bf2f9d3fe6551722a41e40f2ab44d,种群密度与生物量动态模型,,32097e95-0cc0-4492-b67d-bb8a8c925b2f,"输入: a-系数(REAL), D-个体的胸径或基径(REAL), H-个体的株高(REAL), b-系数(REAL) | 输出: WT-黄山松个体地上部分干重(REAL)",,Population Density And Biomass Dynamic Model
868,f6af6c2fa8e5240efb1c127f2853cfa4,种群密度动态模型,,488e165e-f376-4309-8e5c-19ce861f7c6a,"输入: A-种群径级度(REAL), p-参数(REAL) | 输出: D-种群密度(REAL)",,Population Density Dynamic Model
869,c887559a37d281732044aa82641445a3,种群密度及生物量动态模型--种群密度动态模型,,ea49866f-0767-44ed-87f4-678c1f58eb2f,输入: A-为种群年龄(REAL) | 输出: D-为马尾松种群密度(REAL),,Population Density And Biomass Dynamic Model--Population Density Dynamic Model
870,c2ce9b94c037d7c821b9ee30357c4cec,种群密度及生物量动态模型--种群生物量动态模型,,88b78e98-7b60-4dcd-bbcd-1c3b3df0b8c0,"输入: e-参数(REAL), A-为种群年龄(REAL) | 输出: Bp-为马尾松种群密度(REAL)",,Population Density And Biomass Dynamic Model-Population Biomass Dynamic Model
871,9ed10b543fe550fb6d8f336ff5d82fbe,种群密度对光的选择性模型,,6086e259-7267-408d-adc9-9bf8aa18a05d,"输入: X-为全部n个资源位中的个体数总和(REAL), Xi-为在第i个资源位中的个体数(REAL_ARRAY), n-第i个资源位(INT), i-全部n个资源位(INT) | 输出: G1-它的倒数即为生态位的宽度(REAL)",,Population Density Versus Light Selectivity Model
872,3ad1558810f673ddfe8ac887d31c5c85,种群无性系生长格局分析模型--扩散常数D模型,,f8ce0a27-7401-432e-9c50-fced5f81d57a,"输入: EL-期望根茎长度(REAL), EL2-期望平方根茎长度(REAL), c-期望余弦(REAL), s-期望正弦(REAL) | 输出: D-扩散常数(REAL)",,Population Clonal Growth Pattern Analysis Model-Diffusion Constant D Model
873,39f78b97e0e5acb04a1864ef4dbe60a9,种群无性系生长格局分析模型--期望平方位移模型,,ab54e934-7a64-4eee-9ff1-a7159a1ab35d,"输入: D-年龄大的无性系分株的扩散速率(REAL), t-时间(REAL), C0-初始位置方差(REAL) | 输出: default_N-ER2t(REAL)",,Population Clone Growth Pattern Analysis Model-Expected Square Displacement Model
874,922361c1ef6bb427a29eda2890c0e8a2,种群无性系生长格局分析模型--羊草种群无性细分株的空间移动位置模型,,85e9ae7a-dd08-4790-be68-59c22df7f281,"输入: R-移动距离(REAL), e-自然对数的底(REAL), D-扩散常数(REAL), t-时间(REAL) | 输出: FR-空间移动位置(REAL)",,Analysis Model Of Population Clonal Growth Pattern--Spatial Movement Position Model Of Clonal Subdivided Strains Of Leymus Chinensis Population
875,d2a678141f87f7009b8c83f5a6fea82a,种群生命系统的概率模型,,5f2c37cc-cf4f-42df-8ffa-2b8794702b01,"输入: Pi1j-为t时刻虫态的个体在t+Δt时刻发育进入第i+1虫态的概率(REAL), Si-为第i虫态的存活率(REAL), M1-为第i虫态的生理年龄级数(REAL), sigmai-为第i虫态的发育积温的方差(REAL), Di-为第i虫态的有效总积温(REAL) | 输出: Pij-为t时刻虫态仍保留在i虫态的概率(REAL)",,Probabilistic Model Of Population Life Systems
876,4f6a4988a7006a839ee5fe32abbbbd46,种群生长的复合生长类型,,740c7256-9a76-45be-ac87-3eee37d38361,"输入: a-常数(REAL), r1-是固有的生长率(REAL), t-时间(REAL), ht-是一条以时间为变量的曲线(REAL), K-是环境容量(REAL), b-常数(REAL), t0-参数(REAL), t1-参数(REAL) | 输出: N-种群(REAL)",,Compound Growth Type Of Population Growth
877,e5822c8ef8fb2febe92dbf6988656c0e,种群的空间动态分析模型--平均拥挤度m模型,,9dc07294-8b87-44ae-bf64-18f50a3ef017,"输入: x-参数(REAL_ARRAY), i-参数(INT), N-参数(INT) | 输出: m-平均拥挤度(REAL)",,Spatial Dynamic Analysis Model Of Population--Average Crowding Degree M Model
878,3830b99184d95b56e2f07c67a65e09ea,种群的空间动态分析模型--谐波分析模型,,beec8c28-0508-4613-86e0-ec1f736ae0db,"输入: C0-为周期变化的平均(REAL), C-为各谐波的振幅(REAL_ARRAY), k-参数(INT), w-参数(REAL), t-参数(REAL), Q-为各谐波的相角(REAL_ARRAY) | 输出: yt-谐波(REAL)",,Spatial Dynamic Analysis Model Of Population--Harmonic Analysis Model
879,c030529893bc9082458cf6e846c668d8,种群的高生长及生物量季节动态模型--相关指数R2模型,,da4b9597-922b-4b79-b4c4-a461d5be146d,"输入: y-参数(REAL_ARRAY), ya-参数(REAL), yb-参数(REAL), i-参数(INT), n-参数(INT) | 输出: R2-相关指数(REAL)",,Population High Growth And Biomass Seasonal Dynamic Model--Correlation Index R2 Model
880,6164bdf555aaba6b644ed63dc883a4fb,种群的高生长及生物量季节动态模型--种群平均高度hA动态模型,,f28a9741-5c79-4ddd-accf-adf90d26a56d,输入: t-参数(REAL) | 输出: hA-种群平均高度(REAL),,Population High Growth And Biomass Seasonal Dynamic Model-Population Average Height H A Dynamic Model
881,1497636def790defed1c8ce84362814a,"种群空间分布型及其混合种群抽样模型--分析方法,Iwao抽样数模型",,cc01244d-3a5a-4f08-9b04-d84981eaf897,"输入: D-允许误差(REAL), a-m(REAL), b-m(REAL), m-种群平均密度(REAL) | 输出: n-抽样数(REAL)",,"Population Spatial Distribution Pattern And Mixed Population Sampling Model--Analysis Method, Iwao Sampling Number Model"
882,7a63052208444e8d8da1454fd1f9395d,"种群空间分布型及其混合种群抽样模型--分析方法,PDMowery抽样数模型",,3ea628ac-c606-48a6-b589-363bb651a635,"输入: Kc-共通K值(REAL), D-允许误差(REAL), m-种群平均密度(REAL), N-理论抽样样数(REAL), a-Taylor指数公式中的参数(REAL), b-Taylor指数公式中的参数(REAL) | 输出: M-每树抽取的叶片数(REAL)",,"Population Spatial Distribution Pattern And Mixed Population Sampling Model--Analysis Method, PD Mowery Sampling Number Model"
883,55f228a4c2428107423c165a6f30da0d,"种群空间分布型及其混合种群抽样模型--混合种群抽样技术,种群田间调查二阶抽样法的理论抽样样数配额方程",,3c502d08-508c-48b4-a66d-10f0ee14a2fc,"输入: m-种群平均密度(REAL), D-允许误差(REAL), N-桔全爪螨田间调查理论抽样样数(REAL) | 输出: M-每树抽取的叶片数(REAL)",,"Population Spatial Distribution Pattern And Mixed Population Sampling Model - Mixed Population Sampling Technology, Theoretical Sampling Sample Quota Equation Of Second-Order Sampling Method For Population Field Survey"
884,64ea91e153552fc493db6010340af195,"种群空间分布型及其混合种群抽样模型--混合种群抽样技术,种群田间调查的理论抽样数模型",,6668d6b5-8854-4325-9a76-156324044946,"输入: D-允许误差(REAL), m-种群平均密度(REAL) | 输出: n-抽样数(REAL)",,"Population Spatial Distribution Pattern And Mixed Population Sampling Model - Mixed Population Sampling Technology, Theoretical Sampling Number Model For Population Field Surveys"
885,23816a39d713a104695d0e11b7dd9df4,种群调节与竞争模型--木果石栎林种群的自我调节即平均植株生物量B与密度D的关系模型,,ae8f4239-8910-4877-8aae-32bc72cd4da9,"输入: C-为与植物本身生长特性有关的常数dNdt(REAL), D-密度(REAL), a-为密度和平均植株生物量双对数图中的斜率(REAL) | 输出: B-平均植株生物量(REAL)",,"Population Regulation And Competition Model--Self-Regulation Of Lithops Oak Forest Population, That Is, The Relationship Model Between Average Plant Biomass B And Density D"
886,334f789cdca93e924f8eecf36197da04,种群随机漂流直到最终灭绝的概率,,f6b305c5-d0cc-48db-9558-ed9e15084f68,"输入: N-种群大小(INT), lambda-瞬时出生率(REAL), mu-瞬时死亡率(REAL) | 输出: P0-种群随机漂流直到最终灭绝的概率(REAL)",,The Probability That A Population Will Drift Randomly Until It Eventually Becomes Extinct
887,5395efa426ad47cc0fca905b0884d1da,种间冲突对物种个体产量的影响模型--农作物单作中种内冲突对物种个体产量的相对影响,,df6dd862-954e-46fc-8e34-09e303366735,"输入: Yp-是在没有冲突时一定密度下的期望产量(REAL), Ym-是单位陆地面积上的植物产量(REAL) | 输出: Rm-相对单作响应(REAL)",,Model Of The Impact Of Interspecific Conflict On The Yield Of Individual Species - The Relative Impact Of Intraspecific Conflict On The Yield Of Individual Species In Crop Monoculture
888,e154bc5fe1f72d56f9671104309d5c03,种间冲突对物种个体产量的影响模型--种间冲突的相对影响,,5b78d22d-1928-41aa-8d8b-21e3ca143fec,"输入: Yx-是单位陆地面积上的植物产量(REAL), Ym-是在间作环境下单位陆地面积上一种物种的产量(REAL) | 输出: Rx-相对间作响应(REAL)",,Model Of The Impact Of Interspecific Conflict On Individual Species Production--The Relative Impact Of Interspecific Conflict
889,0e6217ab44a465965cd4901bfcbc5099,种间相遇几率PIE模型,,be7abcb1-b765-458b-9cd1-f17c874e592c,"输入: Ns-所有物种的个体数(REAL), N[]-第i个物种的个体数(REAL_ARRAY), n-物种数(INT) | 输出: PIE-种间相遇几率(REAL)",,Interspecific Encounter Probability PIE Model
890,626ed3b8a3808565ddb6e164f52b840f,种间相遇机率模型,,20881e9b-6934-43c3-94d4-997bd05c4fa8,"输入: N-调查总样方数(REAL), s-鸟类数(REAL), n[]-鸟类出现的样方数(REAL_ARRAY) | 输出: PIE-种间相遇机率(REAL)",,Interspecific Encounter Probability Model
891,853609166369d326731484156fa77847,种间竞争模型--有相同营养需求的两个竞争种群的纯出生过程的新种间竞争模型,,a916651f-ecc2-4a1f-afa0-858bd13a3fbd,"输入: X1-竞争种群1的规模(REAL), X2-竞争种群2的规模(REAL), Xm2-当所有的有限营养被转换成种群1的生物量之后，种群2的最大规模(REAL), k2-系数(REAL), a2-种群2中每个个体包含的有限营养数量(REAL), a1_a2-竞争系数(REAL), um2-种群2的种生长速率的参数(REAL) | 输出: dX2_t-竞争种群2的规模随时间的变化率(REAL)",,Interspecific Competition Model--A New Interspecific Competition Model Of The Pure Birth Process Between Two Competing Populations With The Same Nutritional Requirements
892,dd98bbecdced988e0b46d9247999fdcf,稳定校正空气动力学阻力的近似方程,,8007ca66-d320-499e-ab03-accd5bf2b567,"输入: k-Karman常数(REAL), z-高度(REAL), d-零平面位移(REAL), z0-粗糙高度(REAL), U-在高度z处测量的风速(REAL), g-重力加速度(REAL), Tc-表面温度(REAL), Ta-空气温度(REAL) | 输出: double-稳定校正空气动力学阻力(REAL)",,Approximate Equations For Stable Corrected Aerodynamic Drag
893,28db7095620b79f433f03df544fe7329,稳定系数计算公式,,cd688020-7dd8-44c6-a56e-f88e3912b6d2,"输入: C_vj-时间变异系数(REAL), C_vj_max-最大时间变异系数(REAL) | 输出: double-稳定系数(REAL)",,Stability Coefficient Calculation Formula
894,1671d831556a8acf6ef73771b8e18cbd,稳态迁移因子模型--放射性铯从土壤向食物产品迁移的公式,,efb81691-c29d-4833-863e-bedd1ad58468,"输入: Tagt-集中迁移因子(REAL), Css-土壤中放射性铯的污染量(REAL) | 输出: Csf-食物产品的入射性铯污染量(REAL)",,Steady-State Migration Factor Model--Formula For The Migration Of Radiocesium From Soil To Food Products
895,2ebdfa1a8e3343b1c788a30514b47abb,稳态迁移因子模型--集中迁移因子随时间衰减的预测公式,,2b2c2126-803c-4c30-991c-b5cf9221931d,"输入: A1-在时刻0时的集中迁移因子(REAL), A2-经验参数(REAL), Tag0-经验参数(REAL), t-快衰变部分的一阶衰变常数的经验值(REAL), k1-慢衰变部分的一阶衰变常数的经验值(REAL), k2-时间(REAL) | 输出: Tagt-在时刻t时的集中迁移因子(REAL)",,Steady-State Migration Factor Model - Prediction Formula For The Decay Of Concentrated Migration Factors Over Time
896,e4d19e6abe9d69a0e81ef9a13d311eda,空气动力学阻力,,72fbf21d-c685-4ad1-b32d-60369ee1639b,输入: U2-2m高处风速(REAL) | 输出: double-空气动力学阻力(REAL),,Aerodynamic Drag
897,02d3f5e93c342a2b98650ed45918fe60,空气饱和差法模型,,b71a6147-2e63-4368-ac32-faebc5a11615,"输入: t-月平均温度(REAL), f-月平均相对湿度(REAL) | 输出: E0-蒸散力(REAL)",,Air Saturation Difference Method Model
898,354e540a1617fdc974add603310a4646,空间分解模型--目标属性,,01d99a7c-cb7d-4bac-bba6-ad7665a18b16,"输入: e[]-参数(REAL_ARRAY), d[]-参数(REAL_ARRAY), Kmin-参数(REAL), Kmax-参数(REAL), k-k参数(INT) | 输出: double-返回值(REAL)",,Spatial Decomposition Model--Target Attributes
899,58452dc057af93d18632b0b8175c6448,空间方案综合评价模型,,1b3993fd-9cc9-48f3-b962-20722f6bac83,"输入: m-评价指标个数(REAL), a-指标权重值(REAL), b-指标权重值(REAL), c-指标权重值(REAL), d-指标权重值(REAL), k-指标权重值(REAL), fy-指标满意度(REAL), fm-指标满意度(REAL), fp-指标满意度(REAL), fe-指标满意度(REAL), fq-参数(REAL) | 输出: F-方案综合满意度值(REAL)",,Comprehensive Evaluation Model Of Space Plan
900,d306aacb9e5ff0823bbd0b76137f0040,空间组合结构分析模型,,86a040d8-4e58-4e62-a8e0-d6d253f0f63e,"输入: Lk-第K个图斑共同组成的新图斑的周长(REAL), Lt-第T个图斑共同组成的新图斑的周长(REAL), Ln-第N个图斑共同组成的新图斑的周长(REAL) | 输出: double-空间纵使结构分析结果(1为镶嵌，0为不接触，其它为邻接)(REAL)",,Spatial Combination Structure Analysis Model
901,99f7cdd1bdba8db2008cf1d3ae073895,突变型个体的自交率,,2d30eaa1-c831-4213-9d2a-e3727e40dec9,"输入: d-种群内野生型(REAL), e-相对竞争能力(REAL), o-两类个体生产的花粉落在自身花柱上的比例(REAL), om-两类个体生产的花粉落在自身花柱上的比例(REAL), n-未知参数(REAL) | 输出: double-突变型个体的自交率(REAL)",,Selfing Rate Of Mutant Individuals
902,b6ffb5bd65ac4d7cfd0a0062d8f8611c,立地中的消光率,,cbf9efec-03da-4a62-842b-c3a1cd674ad5,"输入: I_0-草地表面的平均光强度(REAL), k_g-草的消光系数(REAL), l_g-表面上测得的叶面积指数(REAL), k_l-豆类的消光系数(REAL), l_l-表面上测得的叶面积指数(REAL) | 输出: I-相应高度上的平均光强度(REAL)",,Extinction Rate In Site
903,c6771f5a43d5e75e41b23f7640959a14,立方比例植被指数,,94ea96f1-a300-4a63-876d-c864da58da45,"输入: TM5-TM5反射率(REAL), TM4-TM4反射率(REAL) | 输出: CRVI-立方比例植被指数(REAL)",,Cubic Scale Vegetation Index
904,b04582968a5128c62db1d81459d03f34,等温净蒸发,,f66d92dd-54ff-443d-a36b-60f545aaf3cb,"输入: a-漫反射系数(REAL), S-平均日太阳辐射的水分当量(REAL), Ln-等温净长波辐射的水分当量(REAL) | 输出: double-等温净蒸发(REAL)",,Isothermal Net Evaporation
905,04602241fa606d5d792d40bf229a3823,等面积纬度和等量纬度与地理纬度的关系式--等量纬度与椭球面纬度的关系,,9da98954-a606-4c0e-be0e-5bcd60307ee2,"输入: phi-椭球面纬度(REAL), e-椭球面的离心率(REAL) | 输出: beta-和椭球面纬度phi相当的等量纬度(REAL)",,The Relationship Between Equal Area Latitude And Equal Latitude And Geographical Latitude - The Relationship Between Equal Latitude And Ellipsoidal Latitude
906,7f1662c098927196e776b3546b567554,等面积纬度和等量纬度与地理纬度的关系式--等面积纬度与椭球面纬度的关系,,a9f96b89-e280-4840-8f16-56839246ecc0,"输入: phi-椭球面纬度(REAL), e-椭球面的离心率(REAL), alpha-椭球面的长半径(REAL), r1-等面积球面的半径(REAL) | 输出: beta-和椭球面纬度phi相当的等面积纬度(REAL)",,The Relationship Between Equal Area Latitude And Equal Latitude And Geographical Latitude - The Relationship Between Equal Area Latitude And Ellipsoidal Latitude
907,3dc642fe2e3574b0b0650205769a4e6f,简单几何形体的高程面积曲线--半旋转椭圆体及半球体的高程面积曲线,,c5f06143-b17e-4bf5-bdc0-996331c2942b,"输入: H-高程带的高差(REAL), K-等高距增长系数(REAL), S1-作为高程带界限的等高线所围的面积（0≤S≤πR^2）(REAL) | 输出: Y-旋转抛物线体的高程面积曲线(REAL)",,Elevation-Area Curves Of Simple Geometric Shapes--Elevation-Area Curves Of Semi-Rotated Ellipsoids And Hemispheres
908,ec457566c4ea4d292bba3ace37867a75,简单几何形体的高程面积曲线--圆锥体的高程面积曲线,,aa810552-0036-4d09-8d7f-b0be548d57a7,"输入: H-高程带的高差(REAL), K-等高距增长系数(REAL), S1-作为高程带界限的等高线所围的面积（0≤S≤πR^2）(REAL) | 输出: Y-圆锥体的高程面积曲线(REAL)",,Elevation-Area Curve Of Simple Geometric Shapes--Elevation-Area Curve Of Cone
909,f86ad1fb3738632295b7394e46e59f8e,简单几何形体的高程面积曲线--旋转抛物线体的高程面积曲线,,aea123b2-ef03-45ea-b315-84298ab443ac,"输入: H-高程带的高差(REAL), P-从图上量得的面积数值(REAL), S1-作为高程带界限的等高线所围的面积（0≤S≤πR^2）(REAL) | 输出: Y-旋转抛物线体的高程面积曲线(REAL)",,Elevation-Area Curve Of Simple Geometric Shapes--Elevation-Area Curve Of Rotating Parabola
910,d7a5af318a45877637fb2cf69fc94014,类分离指标模型,,8d5343a6-57a9-4292-ae99-e54908e9d288,"输入: mjuT-灰度均值(REAL), OmegaK-类直方图(REAL), mjuK-类均值(REAL) | 输出: SigmaB-类分离指标(REAL)",,Class Separation Indicator Model
911,ba0801c6d0d9647bf5969bc600f7ec8c,类群的丰富度和均匀度模型,,1ef5db99-c19e-4a4e-9b18-6199f63840ca,"输入: H-Shannon多样性指数(REAL), S-类群数(INT) | 输出: J-类群的丰富度和均匀度(REAL)",,Taxa Richness And Evenness Models
912,ce82c2beb66e06fa157268acb60392f0,粗略分辨率和精细分辨率数据的组合使用,,9821c5fd-3ce7-4037-80f1-5748fe38dc02,"输入: f-（N-n）个元素在每个类型中的数目的列矢量（即相应每个覆盖类型AVHRR像元的数目）(REAL_ARRAY), n-参考样本中单元的数目（即TM的像元数）(REAL_ARRAY), ni-参考及分类数据集合中单元的组合数（即AVHRR与TM像元数的和）(REAL_ARRAY), N-表示参考数据集（TM数据，行）(REAL), k-表示分类数据集（AVHRR数据，列）(INT), j-覆盖类型数，即是对所有i求和而得(INT) | 输出: pi-单一覆盖类型所占比例的估计值的矢量(REAL)",,Combined Use Of Coarse And Fine Resolution Data
913,42d9eb0391142a8b407964674be9dfce,系统信噪比模型,,257be0c5-8774-4031-b88a-6caf464aa8d5,"输入: c1-参数(REAL), A0-光学系统有效的通光面积(REAL), alphabeta-瞬时视场的立体角(REAL), epslon-像元的平均发射率(REAL), taoa-大气的光谱透过率(REAL), tao0-光学系统的光谱透过率(REAL), Dmax-对应的波长(REAL), T-参数(REAL), c2-参数(REAL), lemdamax-探测器的比探测率的峰值(REAL), Ad-参数(REAL), detaf-参数(REAL), theta-像元法线与像元和光学系统中心的连线之间的夹角(REAL), lemda2-参数(REAL), l-参数(INT), lemda1-参数(REAL) | 输出: double-系统信噪比(REAL)",,System Signal-To-Noise Ratio Model
914,1583a36a859b51bdfdac66f28e4abf26,系统动力学模型的回归模型群,,a2d0a21d-9c72-444a-8573-7b151daefebc,"输入: C0-回归系数0(REAL), C1-回归系数1(REAL), C2-回归系数2(REAL), C3-回归系数3(REAL), K-资本投入量(REAL), L_-劳动力投入量(REAL), E-残差修正(REAL) | 输出: double-系统动力学模型的回归模型群(REAL)",,Regression Model Group Of System Dynamics Models
915,a99648a0eaea8ce8c32099fda379639a,系统各分室元素状态方程,,7e01042a-49c9-40fa-a705-3836398e1c72,"输入: U0j-外界进入系统的元素量(REAL), F[]-分室i流入分室j的流通量(REAL_ARRAY), Fj[]-分室j流入分室i的流通量(REAL_ARRAY), Vi0-系统流出的元素量(REAL), j-分室号(INT), n-分室数(INT) | 输出: dxi_dt-营养元素关于时间的变化率(REAL)",,State Equations Of Elements In Each Compartment Of The System
916,c63809c662270feb3e92e82e82c1fa53,系统效率计算公式,,0f63c8b2-d0ca-4ddb-a7fe-ba11351f45dc,"输入: eg-几何因子(REAL), ea-大气传输因子(REAL), es-光谱因子(REAL), eq-光化学效率(REAL), ei-中途拦截效率(REAL), ed-扩散效率(REAL), er-呼吸作用因子(REAL) | 输出: double-系统效率(REAL)",,System Efficiency Calculation Formula
917,130d195cc3bb09f2e2c26aa382ed641a,系统状态模型,,29b7e3a5-3170-401b-bf74-3d37714f2146,"输入: Uj[]-营养元素从分室i流入分室j的流通率(REAL_ARRAY), Umj-营养元素从分室m流入分室j的流通率(REAL), Vj-从该部分流出的流通率(REAL), n-分室数(INT) | 输出: dXj_dt-系统状态(REAL)",,System State Model
918,393d37bbc8bd4a42ba3c083aea1dd223,系统的福利度量,,35a070c0-e30a-48cb-8913-ca4e303cfaac,"输入: y-居民收入(REAL), ui-系统中每位居民在行政管理上的赋税(REAL), ri-系统单位距离单位交通量的成本(REAL), di-平均旅行距离(REAL), p-价格指数(REAL), a-单位时间的价值(REAL), ti-平均旅行时间(REAL) | 输出: double-系统的福利度量(REAL)",,System Welfare Measure
919,6c58fa64c0befcb3e5bd050a9077403f,索雷森(Sorensen)定量相似指数,,a9a87cfe-3f53-4127-95ad-a9ebbc7ea35e,"输入: Nj-两个地方共同分类中每一类的最低个体数的总和(INT), Na-位置a的个体总数(INT), Nb-位置b的个体总数(INT) | 输出: CN-索雷森(Sorensen)定量相似指数(REAL)",,Sorensen Quantitative Similarity Index
920,4a8cb571e369702ee97652357d93a221,累积平均增产率,,62ac3bc5-dd25-4ad7-bda1-03b279923af9,"输入: X-[in](REAL_ARRAY), n-时间年数(INT) | 输出: R3-累积平均增产率(REAL)",,Cumulative Average Yield Increase Rate
921,225ab92f13b68801a0e457fbced1f41c,约束性回归模型,,f8c76a21-bc52-4afe-aaba-fb4c3e620cb1,"输入: pp-线性回归系数(REAL), qq-线性回归系数(REAL), kk-线性回归系数(REAL), Ti-AVHRR波段4的卫星亮度温度(REAL), Tj-AVHRR波段5的卫星亮度温度(REAL) | 输出: TS2-地表温度的回归估计值(REAL)",,Constrained Regression Model
922,7c23e960c908a76de0d6f602e984346a,纹理特征模型,,eac5fbe5-8709-4dac-94ca-3675d2eb2464,"输入: V-[in](REAL_ARRAY), V1-窗口中的亮温平均值(REAL), i-窗口(REAL) | 输出: S4-返回值(REAL)",,Texture Feature Model
923,8448bcf8b26539eeb47cb30b82116bfc,线性最小二乘平滑法,,c2b0d652-638f-49ad-af8e-3858c0e77649,"输入: sLamda-参数(REAL), nLamda-参数(REAL) | 输出: rLamda-光谱观测值(REAL)",,Linear Least Squares Smoothing Method
924,01441514c4b45ca304b6f0dfdfae78a9,细分光谱特征参量松毛虫害判别模式,,5ee31770-de0a-4215-a7f8-dd4547e6c5f3,"输入: fi[5]-判别函数(REAL_ARRAY), fa-最大值(REAL), ii-第ii类(INT) | 输出: Pi-样品属于第i类的后验概率(REAL)",,Discrimination Model Of Pine Caterpillar Pests Based On Subdivided Spectral Characteristic Parameters
925,16896be3d0b3462148c2aebec15764eb,经济净现值计算公式,,7f6fba5b-7ab7-472d-9223-48ba9d43f482,"输入: C_i-现金流入量(REAL_ARRAY), C_o-现金流出量(REAL_ARRAY), i_c-社会折现率(REAL_ARRAY), t-第t年(REAL) | 输出: double-经济净现值(REAL)",,Economic Net Present Value Calculation Formula
926,65650f7054e911432d04eb2ecb3f8118,经济承载量测算模型,,99cd8524-4d19-407b-8c36-5949a0991cea,"输入: i-经济要素的个数(INT), Ss-经济要素的日供给量(REAL_ARRAY), Dd-经济要素的人均日需求量(REAL_ARRAY) | 输出: double-经济承载量(REAL)",,Economic Carrying Capacity Calculation Model
927,b7fc1cc615232063d3fc6fd801aa7081,经济补偿模型,,bcee4150-70ba-46c4-9288-bb6ec8049b50,"输入: Vj-单位面积上由第j类植被所调节的径流量(REAL), Sok-单位面积上由第k类土壤所调节的径流量(REAL), Sll-单位面积上由第l类坡面所调节的径流量(REAL), Ai-该地块面积(REAL), B-土地所有者从单位径流量产生的电力中所获得的收益(REAL) | 输出: CPi-该地块的土地所有者获得的经济补偿(REAL)",,Economic Compensation Model
928,e075d4f2f200a45f6b4146d615dc7825,经济资源综合指数,,c36456eb-14d0-4495-8a10-31c91ba1b1d5,"输入: x1-经济总规模(REAL), x2-资产存量(REAL), x3-资金供给能力(REAL), x4-技术水平(REAL), x5-工业化水平(REAL) | 输出: double-经济资源综合指数(REAL)",,Economic Resources Comprehensive Index
929,f327747447f88e0c1d18526c92b62075,经验数据拟合的目标函数修正数,,467340a0-4d1d-4658-9d02-adef64815830,"输入: rr[]-给定的扫描角度及太阳角度的直接反射率(REAL_ARRAY), rjm-几何类比模型的估计值(REAL), n-样本数(INT), x[]-参数值(REAL_ARRAY), xkb-参数极限值(REAL), p-限制条件的数目(INT), wk-惩罚权重(REAL) | 输出: double-经验数据拟合的目标函数修正数(REAL)",,Objective Function Correction Number For Empirical Data Fitting
930,c2ad9b7411e2ceaf66c38042589e1ff3,结构变动因素对能源消费增长的影响模型,,633a1bbe-bca1-48fc-b6c4-add5acbc4254,"输入: P-总产值(REAL), a-单个工业占总产值的比重(REAL_ARRAY), e_io-能源利用率(REAL_ARRAY), n-n(REAL) | 输出: double-结构变动因素对能源消费增长的影响(REAL)",,Model Of The Impact Of Structural Change Factors On Energy Consumption Growth
931,32037b1ad8a1fafbd8d93ce9ef9399ad,给定物种的年吸收营养需要模型,,3cbf9502-57d5-4a77-b326-6e62f58ab7f1,"输入: Gapi-物种i的可能生长率(REAL), Cei-物种i的新的生物量的平均营养成分浓度(REAL), Cii-物种i从内部循环中获取的年净营养成分(REAL), Cui-物种i通过树冠直接从降水或透过植被的降水中吸收的营养成分(REAL), Li-总的叶面年营养成分溶淋率(REAL) | 输出: Udi-给定物种的年吸收营养需要量(REAL)",,Model Of Annual Absorbed Nutrient Requirements For A Given Species
932,db1fdf2166b91e2deb85a62dacb53367,绝对湿度模型,,676bbda8-80a1-439c-af73-d9c70a6eb57a,"输入: ea-水汽压力(REAL), Mm-水的分子质量(REAL), R-普适气体常数(REAL), T-绝对温度(REAL) | 输出: X-绝对湿度(REAL)",,Absolute Humidity Model
933,78dcf7237dd5da736c8e194d85b589f1,绝对灾级,,f730a809-e38c-44d7-8403-f34727356641,"输入: N-指标实际的灾情统计(REAL_ARRAY), n-指标个数(INT) | 输出: double-绝对灾级(REAL)",,Absolute Disaster Level
934,6dd68969362a9ae662a2c93a5814520d,绝对距离模型,,9c68f30b-3705-439c-9215-9fe32c7c008a,"输入: xk-固定样品(REAL), xj-任意给定的样品(REAL) | 输出: Djk-绝对距离(REAL)",,Absolute Distance Model
935,d2295f720b7d08706d42a24ee83d1c41,综合信噪比Snr模型,,41bc3789-cd0d-4c74-a322-e6b286ae2d7a,"输入: Pr-激光脉冲信号功率(REAL), q-参数(REAL), Pb-噪声功率(REAL), R0-参数(REAL), id-参数(REAL), F-APD的额外噪声因子(REAL), B-探测器带宽(REAL), iA-参数(REAL), M-参数(REAL) | 输出: double-综合信噪比(REAL)",,Comprehensive Signal-To-Noise Ratio Snr Model
936,cc9cdf66719e4da2bc7e13ef4608ecb1,综合信息矿产预测模型,,9596a86f-066e-47ec-987e-c3c314b5cddd,"输入: W-变量Vi的权(REAL_ARRAY), V-变量(REAL_ARRAY), n-总数(INT) | 输出: double-综合信息矿产预测(REAL)",,Comprehensive Information Mineral Prediction Model
937,8fd4873d8a0775e81a17b812a6c7a964,综合修正指数的隶属度函数,,4fc0cd01-d34f-42fc-adff-c1fff4166b96,输入: x-x(REAL) | 输出: double-综合修正指数的隶属度函数(REAL),,Membership Function Of Comprehensive Correction Index
938,fb308c105692c82dd7f8b1878a7f4c77,综合经济效果静态指标,,b1cf5ec3-12af-4971-b46b-84273ee68ddf,"输入: n-第n段分摊(REAL), A-实际使用在的段的输水工程投资(REAL_ARRAY), Wtotal-第i段至最终端的总供水量(REAL), Wn-第n段的供水量(REAL) | 输出: double-综合经济效果静态指标(REAL)",,Comprehensive Economic Effect Static Indicators
939,86a46000d87c17f315d3f991db56ea11,综合草害指数模型,,b49c39d8-17cf-46e7-832f-930dea2c62e9,"输入: s[]-草害等级校方数(REAL_ARRAY), v[]-草害等级代表值(REAL_ARRAY), n-调查该类型群落的总样方数(REAL), l-最高危害级(REAL) | 输出: I-综合草害指数(REAL)",,Comprehensive Weed Damage Index Model
940,9646d401a0f96fb4a132ea94547d5999,绿度值Idv与叶面积指数Ila的关系式,,2905de59-d089-40f0-9080-92941fe4309f,"输入: a2-回归参数(REAL), b2-回归参数(REAL), Ila-叶面积指数(REAL) | 输出: Idv-绿度值(REAL)",,The Relationship Between Greenness Value Idv And Leaf Area Index Ila
941,c6a725b228d8c889ba0ee5d069f347cb,绿度公式,,9a2d4f99-426c-4d3b-877b-04638596a85e,"输入: rouv1-通道一植被光谱量反射率(REAL), roul1-通道一土壤光谱量反射率(REAL), rouv2-通道二植被光谱量反射率(REAL), roul2-通道二土壤光谱量反射率(REAL), S-叶面覆盖度(REAL), tauv-植被光谱透过度(REAL) | 输出: double-绿度(REAL)",,Greenness Formula
942,d2f84b6cda6b9d7f41933602078c21eb,绿度模式一,,c821af56-b26b-45cc-a51a-954f8e6c2f4e,"输入: MSS7--0.81—1.1μ的平均反射率(REAL), MSS5-0.6—0.7μ的平均发生率(REAL) | 输出: re-绿度值(NODE)",,Greenness Mode One
943,7ff5f3ec0db70069b44513e1e46e9d19,绿度模式二,,7731622e-9e1a-4f9b-a622-3566cdab16f8,"输入: TM4-0.76—0.96μ的平均反射率(REAL), TM2-0.52—0.60μ的平均反射率(REAL) | 输出: re-绿度值(NODE)",,Greenness Mode Two
944,0194f6c10509dc945170c360492ca4ee,绿色植物叶片的潜热通量,,7136d0d8-696d-436f-a949-20b2611aa627,"输入: aPT-Prietley-Taylor系数(REAL), fg-绿色叶片的比例(REAL), del-温度饱和水蒸气压曲线的斜率(REAL), r_-湿度计常数(REAL), Rnc-植物冠层的净辐射(REAL) | 输出: double-绿色植物叶片的潜热通量(REAL)",,Latent Heat Flux Of Green Plant Leaves
945,57b5d9336b8da4f618d79eb1de243441,羊草种群地上部分生物量模型--羊草种群地上部分生物量的增长速率,,84f27e2c-8906-4451-b748-ac2f3406a559,"输入: Wi_-ti_时刻的生物量(REAL), Wi-ti时刻的生物量(REAL), ti_-时刻(REAL), ti-时刻(REAL) | 输出: default_N-G(REAL)",,Aboveground Biomass Model Of Leymus Chinensis Population--Growth Rate Of Aboveground Biomass Of Leymus Chinensis Population
946,cfb526fd6486dbe8a97836f7df4fdb3b,羊草种群地上部分生物量模型--羊草种群地上部分生物量的季节动态,,ca0e1171-404f-444e-8bda-be0f0f234dad,"输入: Bss-该生境条件下可达到的生物量极大值(REAL), e-自然对数的底(REAL), a-常数(REAL), k-生长常数(REAL), t-生长发育天数（自返青之日起）(REAL) | 输出: Bt-某时刻的生物量(REAL)",,Aboveground Biomass Model Of Leymus Chinensis Population--Seasonal Dynamics Of Aboveground Biomass Of Leymus Chinensis Population
947,54eb42ab23c29868c6491a5a362be178,羊草群落优势度模型,,34c4b76c-eafc-4968-bfd5-fc31e162b4e4,"输入: Ym-理论上优势度充许变化的最大值(REAL), X1-盐度(REAL), X2-土壤非毛管孔隙度(REAL), C-可生存的最低本底优势度(REAL), A-参数(REAL), a-参数(REAL), b-参数(REAL), d-参数(REAL) | 输出: double-羊草群落优势度模型(REAL)",,Leymus Chinensis Community Dominance Model
948,5f802f7b39468f9d3930fd447bff0825,群落之间的相似性指数I模型,,8de6bf88-0cda-4ba6-81ee-fd09f1bbb21d,"输入: a-A生境的种类数(REAL), b-B生境的种类数(REAL), c-A，B两生境共同的种类数(REAL) | 输出: double-群落之间的相似性指数(REAL)",,Similarity Index I Model Between Communities
949,4a5ce8847398493578abba8552926a66,群落均匀度R模型,,1499bc7a-4a7e-4638-9b1b-4002f228b43b,"输入: P[]-第i个物种的比例(REAL_ARRAY), S-第i个物种相应的物种总数(REAL), n-物种数(INT) | 输出: R-群落均匀度(REAL)",,Community Evenness R Model
950,0aa7f1360744a442a2ce95475efda027,群落垂直空间盖度分布波动度模型,,ce4579f4-f26d-4d02-a460-e8bd7231222b,"输入: HCfR[]-高度级数(REAL_ARRAY), CfR-N到N+1级盖度波动速率(REAL), K-参数(INT) | 输出: CCFR-群落垂直空间盖度分布波动度(REAL)",,Fluctuation Model Of Community Vertical Spatial Coverage Distribution
951,a944cc9b1b6d6a19d70d218307d2a688,群落整体失稳率V模型,,9cdf8797-7344-4743-9593-f72c0a0ba97d,"输入: NO1-第1高度级种群个体数(INT), NOk-第k高度级种群个体数(INT), NO[]-第n高度级种群个体数(INT_ARRAY), K-高度级数(INT) | 输出: V-群落整体失稳率(REAL)",,Overall Community Instability Rate V Model
952,251e29b6f9d82a3d1c57fbe013d64271,群落日蒸腾强度,,6d0b9a57-ef99-4035-add7-e76b39e17889,"输入: T[]-i植物种日蒸腾强度(REAL_ARRAY), P[]-i植物种生物量比率(REAL_ARRAY), N-植物种总数(INT) | 输出: Ts-群落日蒸腾强度(REAL)",,Community Daily Transpiration Intensity
953,1777a8e33484ef51c55e04753174067b,群落相似系数,,cdc55768-8457-463f-9699-e13af4160fec,"输入: a-A底质的种数(REAL), b-B底质的种数(REAL), c-A,B底质共有种的数量(REAL) | 输出: double-群落相似系数(REAL)",,Community Similarity Coefficient
954,867831a8ad798467758c5a2c7d2959f3,群落系数-面积曲线模型1,,28ef6b4b-8c65-457e-b110-62b158c754e5,"输入: Cc-群落系数(REAL), a-待定参数(REAL), b-待定参数(REAL) | 输出: A-面积(REAL)",,Community Coefficient-Area Curve Model 1
955,054b74a3ff91f6ff0286b8a41311bb4f,群落系数-面积曲线模型2,,d0e19ca3-1864-4e82-991a-a1cc854f6321,"输入: Cc-群落系数(REAL), a-待定参数(REAL), b-待定参数(REAL) | 输出: A-面积(REAL)",,Community Coefficient-Area Curve Model 2
956,5bc8fafbcbdf723d024b0fbe27ca99f0,群落系数-面积曲线模型3,,c2e614c7-8eea-470e-97fa-21913d8d892c,"输入: Cc-群落系数(REAL), a-待定参数(REAL), b-待定参数(REAL) | 输出: A-面积(REAL)",,Community Coefficient-Area Curve Model 3
957,437d56b39eeea9dab027e6c926b60e3c,群落系数-面积曲线模型4,,ab6ee3d8-9130-4003-a5b7-940f7e831815,"输入: Cc-群落系数(REAL), a-待定参数(REAL), b-待定参数(REAL) | 输出: A-面积(REAL)",,Community Coefficient-Area Curve Model 4
958,3484721bbc9e2293cfd4a88829c01a33,群落系数-面积曲线模型5,,93a3c0cd-b6be-42d3-8afd-4d22aa6c3c2f,"输入: Cc-群落系数(REAL), a-待定参数(REAL), b-待定参数(REAL) | 输出: A-面积(REAL)",,Community Coefficient-Area Curve Model 5
959,04aee4c89fbfe4c04b6e21551f2a6939,群落系数CC,,116f441e-c1df-4fca-abd2-ea669c7d1c49,"输入: nc-两群落的共有种数(REAL), n1-群落1拥有的种数(REAL), n2-群落2拥有的种数(REAL) | 输出: double-群落系数CC(REAL)",,Community Coefficient CC
960,e4e7f34aeef64c23c5f2c40f8476edd2,群落蒸发速率E,,1e099d23-2c93-48ed-aa3d-6c31421ba3b0,"输入: W1[]-未封石蜡土柱重量的日变化(REAL_ARRAY), W2[]-封石蜡土柱重量的日变化(REAL_ARRAY), S-土柱地表面积(REAL), n-该期内测定的日数(INT) | 输出: double-群落蒸散速率(REAL)",,Community Evaporation Rate E
961,0de62b65372cadcc29295ef315173adf,群落蒸散耗水量Erm模型,,6d98a481-f744-4f27-9193-c330bce764d8,"输入: ET-晴天条件下群落的蒸散速率(REAL), D-月份内的晴天日数(INT), d-月份内的阴天日数(INT), r-月份内的雨天日数(INT), a-阴天与晴天条件下蒸散速率的比值(REAL) | 输出: Erm-群落月蒸散耗水量(REAL)",,Community Evapotranspiration Water Consumption Erm Model
962,a2c35669b84bc113fe013255d453e0b5,群落蒸腾耗水量Trm模型,,14bc47b7-8544-4cba-a52b-6f383cd37c76,"输入: Tr-晴天条件下群落的蒸腾速率(REAL), D-月份内的晴天日数(INT), d-月份内的阴天日数(INT), r-月份内的雨天日数(INT), a-阴天与晴天条件下蒸腾速率的比值(REAL) | 输出: Trm-群落月蒸腾耗水量(REAL)",,Community Transpiration Water Consumption Trm Model
963,dddf7e304f52dc2eed5af54d87c37c4b,群落间的相似性指数I模型,,5158b812-9659-4edb-990b-f95a812a5f48,"输入: a[]-物种个体数在a群落中的比例(REAL_ARRAY), b[]-物种个体数在b群落中的比例(REAL_ARRAY), s-a,b两群落中的相对种数(REAL) | 输出: Is-相似指数(REAL)",,Similarity Index I Model Between Communities
964,7fb3bbf9518dcd3233e37a25f786cec3,群落阶段蒸腾耗水量WT,,d38adeae-3010-4afa-97b2-1d73b0d6a166,"输入: T[]-第i日的群落日蒸腾强度(REAL_ARRAY), G[]-第i日的群落绿色生物量(REAL_ARRAY), N-总天数(INT) | 输出: WT-群落阶段蒸腾耗水量(mm)(REAL)",,Transpiration Water Consumption WT In Community Stage
965,95fb977c338d40503adb151c7d8cc50b,耕地生态背景质量指数,,b0043e01-19ee-4b1a-a6f2-5eaee190a33c,"输入: Q-[in](REAL_ARRAY), A-[in](REAL_ARRAY), n-生态级数(REAL), S-行政单元的面积(REAL) | 输出: QI-耕地生态背景质量指数(REAL)",,Cultivated Land Ecological Background Quality Index
966,34491bad013369bb08af29b0fae5aaf5,联合空间相关性,,257953a6-8fbf-4de2-bf80-a4a239ae3693,"输入: h-距离(INT), Z-[in](REAL_ARRAY), Z2-[in](REAL_ARRAY), n-距离为n的样品数(REAL) | 输出: gam12-联合空间相关性(REAL)",,Joint Spatial Correlation
967,68dd883ed0c5f57d6b3ab7de27e615fb,聚块性指数PI模型,,49598a9a-6517-4402-85de-7e6634da603c,"输入: mx-平均拥挤度(REAL), m-群落格局拥挤度(REAL) | 输出: PIi-聚块性指数(REAL)",,Clumping Index PI Model
968,6a6a8fd6bafb0a065c25926948ec820a,胁迫相关植被指数,,e266e4dd-44be-4ede-b0ab-d21270ad8e52,"输入: TM5-TM5反射率(REAL), TM4-TM4反射率(REAL), TM3-TM3反射率(REAL) | 输出: STVI-胁迫相关植被指数(REAL)",,Stress Related Vegetation Index
969,1d530c8c8910f28af01719c2ed7c89c9,胶带内热量平衡模型,,70e217cc-d436-4735-b614-278daede7d49,"输入: P-感热(REAL), LE-潜热(REAL), Qs-土壤热通量(REAL) | 输出: double-胶带内热量(REAL)",,Heat Balance Model In Tape
970,759f65b64ffff4ca9f0c9aaa4226a884,胶带内辐射平衡模型,,99e0de9e-106b-4616-9f31-532638bc72c1,"输入: A-胶带地表反射率(REAL), Q-胶带内太阳总辐射(REAL), F-地面有效辐射(REAL) | 输出: double-胶带内辐射量(REAL)",,Radiation Equilibrium Model Within Tape
971,c22399821a07d6a62c24f2df48de47f1,能量品质因数Q,,c0b530f5-9201-4d2a-870d-b641f2699164,"输入: k-常量(REAL), Is-单位能量所含的结构信息量(REAL), Ie-单位能量所含的效用信息量(REAL) | 输出: double-能量品质因数Q(REAL)",,Energy Quality Factor Q
972,0dd4db635d12c26ba5982230a60faca9,能量平衡方程,,eaf7b7e9-6de0-42a7-8910-7896d85c139c,"输入: Eximpi-外界输入能量(REAL), Exi[]-其他成分向i成分流入的能量流率(REAL_ARRAY), Ex[]-从j成分向其他成分流出的能量流率(REAL_ARRAY), Exdissj-j成分能量耗散率(REAL), M-向i成分流入的其他成分数(INT), N-由j成分流入的其他成分数(INT) | 输出: dExi_dt-生态网络中某种成分的生物能关于时间的变化率(REAL)",,Energy Balance Equation
973,51f06bf8a7b77096649f89863d860292,能量收支方程,,a564b6ec-81cc-4f9f-b1c7-41300b78e09a,"输入: R-湖面反射的辐射能(REAL), E-水体蒸发耗能(REAL), T-水体增温耗能(REAL), A-水体与大气之间热量交换过程中的能量损失(REAL), B-水体与湖底间热量交换过程中的能量损失(REAL), P-水生植物光合作用耗能(REAL), I-融冰耗能(REAL) | 输出: QSR-湖体接受的总辐射能(REAL)",,Energy Budget Equation
974,6a77aa10ed6792c552ff17c21f42583d,能量的最小耗散率模型,,5de157f7-c4a5-4581-9f38-7541eecf3135,"输入: Exdiss[]-i成分能量耗散率(REAL_ARRAY), Ex[]-生态网络中i成分的生物能(REAL_ARRAY), n-成分数(INT) | 输出: Exdissmin-能量的最小耗散率(REAL)",,Minimum Dissipation Rate Model Of Energy
975,d6a26cf8b064fd0e972086ea6cf80cc4,腐殖质变化模型,,cece943b-37d0-4c76-8e67-96d080f58de2,"输入: Pr-直接被微生物分解的根中氮的死亡比例(REAL), dr-参数(REAL), G-草地(REAL), IO-每年从降雨中输入的有机氮(REAL), dO-每年腐殖质的分解率(REAL), O-腐殖质(REAL) | 输出: dO_dt-腐殖质随时间变化率(REAL)",,Humic Substance Change Model
976,9ebbb9d763991c8ff4886bf08bba23d6,自回归和非线性回归并联混合回归模型--拟合残差平方和函数模型,,915d7f5b-c6de-4787-b29b-7f75c7a37813,"输入: p-自回归的阶数(INT), n-参数(INT), yt-夜光藻自身增长的种群密度(REAL), a-a[i]为自回归系数(REAL_ARRAY), y-参数(REAL_ARRAY), ut-控制变量(REAL) | 输出: Sab-拟合残差平方和(REAL)",,Autoregressive And Nonlinear Regression Parallel Mixed Regression Model - Fitting Residual Sum Of Squares Function Model
977,84a8192a05d81c10e740db919a10538c,自然致灾因子多度,,a8f7329b-3ea4-4478-857b-e50f6eca2355,"输入: n-某县域自然致灾因子数(REAL), N-全国自然致灾因子数(REAL) | 输出: double-自然致灾因子多度(REAL)",,The Abundance Of Natural Disaster Factors
978,3950e8ebd45b4673905f01f92ffaaecb,自然资源人均拥有量综合指数,,d89eea31-e175-463a-8d15-ee1b609006d3,"输入: x1-某自然资源人均拥有量指数(REAL), x2-某自然资源人均拥有量指数(REAL), x3-某自然资源人均拥有量指数(REAL), x4-某自然资源人均拥有量指数(REAL) | 输出: double-自然资源人均拥有量综合指数(REAL)",,Comprehensive Index Of Per Capita Possession Of Natural Resources
979,cb4c01d6b0ac67bf83515befc2fc1375,范力农定理,,8fcf29d9-36f9-4e87-8c9f-94c77a284fc6,"输入: R[]-市区中心小区居民数(REAL_ARRAY), d[]-每个小区小心到理想中心点的距离(REAL_ARRAY), n-市区中心小区个数(INT) | 输出: double-范力农铜心(REAL)",,Fan Linong's Theorem
980,77ccf07a17947b62a589c6a1ed647845,草地变化模型,,f3f4f0cc-a43c-4757-8c1c-6716b2ab25d3,"输入: u-每年没单位G和N的草吸收的矿化氮的滤去率(REAL), N-土壤矿化氮的含量(REAL), G-草地(REAL), a-每年每单位G上根瘤菌对空气中氮的同化作用(REAL), bs-每单位G的嫩芽的枯萎率(REAL), ds-指与芽死亡率相对应的植物死亡率(REAL), dr-参数(REAL), c-草食动物每年对草的消耗率(REAL) | 输出: dG_dt-草地关于时间的变化率(REAL)",,Grassland Change Model
981,4c44149ccf74dd820bdca0fa7771fc28,草的均衡生物量模型,,99d6431c-0dce-4b19-a0ed-265671b12071,"输入: Sn-生态系统中氮的净输入量(REAL), lnN-矿化氮的滤去值(REAL), mp-植物的碎石产出率(REAL), betap-氮沿种植路径损失的部分(REAL), betah-氮沿两条路径所损失的部分(REAL), c-草食动物每年对草的消耗率(REAL) | 输出: G-草的均衡生物量(REAL)",,Equilibrium Biomass Model Of Grass
982,db1d5481671205f792b8552e49cf5778,菲律宾蛤仔的种群动态模型--壳长生长模型,,6e27697e-e110-4404-9fef-63276648d7ee,"输入: L1-为Lt的最大值(REAL), k-为曲率(REAL), tm-为m个月龄(REAL), t0-为理论起始月龄(REAL), e-参数(REAL) | 输出: Lt-壳长(REAL)",,Population Dynamics Model Of Philippine Clam-Shell Length Growth Model
983,2b58242517ed890080773de8894c39c5,菲律宾蛤仔的种群动态模型--生长速度模型,,651304e1-21af-4c8a-a9a9-2b1354882582,"输入: tm-为m个月龄(REAL), e-参数(REAL) | 输出: dLdt-生长速度(REAL)",,Population Dynamics Model Of Philippine Clam - Growth Rate Model
984,730b95fe9de615f0874bfba7fcde4bc3,营养动力学基本方程,,0d67b990-a363-4e44-b2a0-f542d1a60663,"输入: Y-资源利用者密度(REAL), X-资源密度(REAL), Kx-米氏常数(REAL), Ux-资源利用者增值速度参数(REAL) | 输出: double-营养动力学方程(REAL)",,Basic Equations Of Nutritional Kinetics
985,5bd98ce224cbf24215b68c63ed2a6def,落叶分解率计算公式,,ff373f9c-3f75-44e9-a631-5bcb70f1b8ed,"输入: OMp-原生的、专设的样本的无灰有机质数量(REAL), Sp-样品放置时的质量(REAL), Sr-样品回收时的质量(REAL), Cp-空瓶放置时的质量(REAL), OMr-回收的样本的无灰有机质数量(REAL) | 输出: FallenLeavesDissociateRate-落叶分解率(REAL)",,Formula For Calculating The Decomposition Rate Of Fallen Leaves
986,1672eec2ed56e505e43dba4b0853cd67,落叶质量损失模型,,cb7d31ee-6e27-44ed-a031-8c8fc814ab7f,"输入: Wc-落叶残存量(干重)(REAL), Wm-落叶分解前埋入量(干重)(REAL) | 输出: Q-落叶质量损失(REAL)",,Fallen Leaf Mass Loss Model
987,9cc7345366800c9dc97bb1e013ba756f,蒸发率的遥测模型,,96b4dda7-977a-4ba4-a2cb-918c1cc32f6c,"输入: Rn-净辐射通量密度(REAL), G-土壤热量通量密度(REAL), H-县热通量密度(REAL) | 输出: LE-潜热通量密度(REAL)",,Telemetry Model Of Evaporation Rate
988,69617f9a63a4c1ce10f8b998ff052381,蒸发的Penman方程,,ade06acb-dab3-45ab-95e3-058f42e80ace,"输入: B163-枯枝落叶层表面的空气动力学导率(REAL), S1X25-枯枝落叶层温度处的水汽压(REAL), S1Z5Z3X25-枯枝落叶层露点处的水汽密度(REAL), B155-饱和空气的定压热容量(REAL), B154-饱和空气的密度(REAL), B159-单位转换因子(REAL), B157-水分汽化的潜热(REAL), B158-湿度计常数(REAL) | 输出: G14-枯枝落叶层的潜在蒸发率(REAL)",,Penman Equation For Evaporation
989,866ab9bdee9817998147f38b8f762a7e,蒸发通量,,5c14009d-f27a-4e08-8aa2-4fc470fdfce7,"输入: LEr-蒸发通量的参照值(REAL), asr-表面漫反射系数的参照值(REAL), Rs-入射太阳辐射(REAL), as-表面漫反射系数(REAL), sig-Stefan_Boltzmann常数(REAL), Eps-表面反射率(REAL), c-植被指数的函数(REAL), Ts-表面温度(REAL), Rho-空气密度(REAL), Cp-定压热容量(REAL), rah-热传导的体积阻力(REAL), Cr-植被指数函数的参照值(REAL), Tsr-表面温度的参照值(REAL), rahr-热传导的体积阻力的参照值(REAL) | 输出: LE-蒸发通量(REAL)",,Evaporation Flux
990,65bc37afa4d63a92ac43a430244f7cc9,蒸发量方程,,24a1c0ba-d483-4737-95fc-d0c8131adff3,"输入: Rni-等温净蒸发(REAL), p-空气的密度(REAL), cp-空气的热容量(REAL), D-水蒸气压力差(REAL), c-未知参数(REAL), re-热传导的有效阻力(REAL), del-相应于温度的饱和水蒸气压的微分(REAL), r_-湿度计的常数(REAL), rs-表面阻力(REAL), rh-空气动力学阻力(REAL) | 输出: double-蒸发量(REAL)",,Evaporation Equation
991,039905d68e6172ff053f3e9be71fabde,蒸腾强度模型,,331f2a3f-1649-46f6-aaab-a121e4e9f9cf,"输入: a1-t1时刻容器中水汽(REAL), a2-t2时刻容器中水汽(REAL), t1-时刻t1(REAL), t2-时刻t2(REAL), L-蒸腾仪叶夹面积(REAL) | 输出: double-蒸腾强度(REAL)",,Transpiration Intensity Model
992,2575f35deb12cf36cf4dc78300638afa,蒸腾系数与Iv直接关系式,,dc3937bb-aa7f-4676-bb99-6282b5316b69,"输入: Iv-植被指数(REAL), Ivmax-最大植被指数(REAL), Ivmin-最小植被指数(REAL), eta-eta(REAL) | 输出: Tc-蒸腾系数(REAL)",,The Direct Relationship Between Transpiration Coefficient And Iv
993,a9b45f247d9a5ca4e40dd24f6197d44e,蒸腾速率E模型,,b312e48c-78e3-4a1a-9a1d-128190a3f35b,"输入: rhoc-叶室中水汽密度(REAL), rhoa-干空气流的水汽密度(REAL), F-体系干空气流量(REAL), A-被测叶面积(REAL) | 输出: E-蒸腾速率(REAL)",,Transpiration Rate E Model
994,1b27fffec809dd556e29b815f7611361,薄云成像一般模型,,4dc8983c-5550-4784-b57a-2ea0621e646b,"输入: a-太阳光在大气传输过程中的衰减系数(REAL), L-太阳光强度(REAL), rxy-地面景物反射率(REAL), txy-云层的透射率(REAL) | 输出: double-扫描仪接收到的图像(REAL)",,General Model Of Thin Cloud Imaging
995,2fafbf4f61e52ae33de4fbe8270151c9,薄云成像简化模型,,d6f4faed-9887-4947-b6c1-e5033e5c1338,"输入: ixy-地面的反射完全相同，且为全反射时扫描仪上得到的图像(REAL), rxy-云层的透射率(REAL) | 输出: double-扫描仪接收到的图像(REAL)",,Simplified Model Of Thin Cloud Imaging
996,3d23c21c3e996a4f84ba4d199f53530a,藏系绵羊种群结构及其最优出栏方案模型--藏羊种群的性别年龄结构状态模型,,ababa333-d5ab-4d68-a611-fd50a9d00849,"输入: A-为状态转移矩阵(REAL), Nt-为整个羊群状态(REAL), BUt-为人为控制量(REAL) | 输出: Nt1-结果(REAL)",,Tibetan Sheep Population Structure And Its Optimal Slaughter Plan Model--Sex And Age Structure State Model Of Tibetan Sheep Population
997,353a938bdeaeb7842a1cbdd9a103d1d7,藏系绵羊种群结构及其最优出栏方案模型--计算最优藏羊种群结构及其出栏方案的模型,,8494d89c-b787-4911-9c7a-49e6e845d6d3,"输入: c-为第i组羊只的出栏收益的系数(REAL_ARRAY), d-为第i组羊只的存栏羊只带来的收益的系数(REAL_ARRAY), U-参数(REAL_ARRAY), N-参数(REAL_ARRAY), m-总的组数(INT) | 输出: MaxZ-结果(REAL)",,Tibetan Sheep Population Structure And Its Optimal Slaughter Plan Model - A Model For Calculating The Optimal Tibetan Sheep Population Structure And Its Slaughter Plan
998,b7cd000ca14f56a2b5179bc5e72bb873,蚜虫种群密度变化率,,09e51409-9b3c-4566-ac19-1e491df3a6fa,"输入: N-蚜虫种群密度(REAL), R-蚜虫内禀增长率(REAL), K-环境负荷量(REAL), w-由实验室功能反应结果用于田间实验时对捕食作用率的校正系数(REAL), d-考虑干扰反应后引起的校正系数(REAL), a-攻击率(REAL), Th-处理时间(REAL), P-捕食者密度(REAL), m-系数(REAL) | 输出: double-蚜虫种群密度变化率(REAL)",,Aphid Population Density Change Rate
999,0362c58292992bd2b2e90f67288d2719,行政资本计算公式,,7bf902f3-f12c-480e-a32f-ef95d8e41467,"输入: M-行政机关工资总额(REAL), S_c-城镇用地(REAL) | 输出: double-行政资本(REAL)",,Administrative Capital Calculation Formula
1000,fd1fa808667f462f853f167230008d8e,表现出单个叶片吸收和散射性质，以及呈现出各向同性散射性质的光厚介质特征的无限反射率,,9c707641-eedf-44cb-8590-c619cae5b290,输入: alpha-系数(REAL) | 输出: double-经验线性法反演地物反射率(REAL),,"Exhibits Single Blade Absorption And Scattering Properties, As Well As Infinite Reflectivity Characteristic Of Optically Thick Media Exhibiting Isotropic Scattering Properties"
1001,c1ad8e0462dc2d2460f47cd310561551,表现反射率图像获取-辐射能量模型,,6d739745-b764-4651-b593-9eb3ba449489,"输入: Lp-程辐射(REAL), Lg-地面反射辐射能量值(REAL), Tlamta-大气透过率(REAL) | 输出: double-辐射能量(REAL)",,Expressive Reflectance Image Acquisition - Radiant Energy Model
1002,ae0d0235de90acfce194836ead19a49d,表面双向反射率,,b41c8387-31c9-4474-bc89-d55e8a1134fb,"输入: K-AVHRR测量的漫反射率(REAL), M-Is中分子多重散射的比例(REAL), Q0-分子散射相关项的积分(REAL), Q1-气溶胶散射相关项的积分(REAL), phi0-分子散射的相函数(REAL), phi1-气溶胶散射的相函数(REAL), W-卫星天顶角(REAL), theta-太阳天顶角(REAL), m-从太阳到地面再到卫星的总的大气质量(REAL), tau-气溶胶垂直光学厚度(REAL) | 输出: R-表面双向反射率(REAL)",,Surface Bidirectional Reflectivity
1003,4d13275f3027cd51ac5f4ec5aec8ef40,表面反射因子表达式,,9bdbf521-7142-4e02-82bc-5f97187cfa42,"输入: Rhos-转换标准化辐射(REAL), tg-大气层的气体透射率(REAL), Rhoa-外大气层辐射标准化的路径辐射(REAL), T-大气层的双路径散射透射率(REAL), s-大气的球漫反射系数(REAL) | 输出: SurfaceRef-表面反射因子(REAL)",,Surface Reflection Factor Expression
1004,a99c209d5fbdf04e1c4c6827f5cc5774,表面粗糙度,,82f7bf04-803c-4e09-aaec-6ccf4927687d,"输入: r_-光滑地表的反射率(REAL), h-粗糙度参数(REAL), th-入射角(REAL) | 输出: double-表面粗糙度(REAL)",,Surface Roughness
1005,b0ddb3b562f65b43a37631e7d4e7fa54,被测量对象的高度,,bfc75524-0baa-426d-80dc-ce89799bf86e,"输入: H_h-在基线的两端上方的飞行高度(REAL), E-被测对象的基准与基线平均基准的海拔高度差值(REAL), Dp-被测对象的顶部与底部的绝对视差的差值(REAL), P-基线的绝对视差(REAL) | 输出: double-被测量对象的高度(REAL)",,The Height Of The Object Being Measured
1006,a1fc6bcaedc42df6243a6084507beb47,被灾指数,,483e8052-9673-48c0-8ad7-6a11ce1c35ab,"输入: n-某县域自然致灾因子数(INT), S-第i种致灾因子的面积比(REAL_ARRAY) | 输出: double-被灾指数(REAL)",,Disaster Index
1007,25e17ce98397711bbb8d581280e0df78,覆盖度损耗模型,,a0c68965-5ca4-4b89-be40-ac8a5144c130,"输入: C0-初始的覆盖度(REAL), alpha-常数，与现存的家畜的数目和覆盖度自然衰退速率有关(REAL), d-一个覆盖度变化的空间恒定塑速率(REAL), F-一个空间上的可变函数，描述了距水源距离不同条件下，覆盖度衰减的速率(REAL), t-时间(REAL) | 输出: Cxt-在时间t和与水源的距离为x的条件下，从一个初始的覆盖度C0发展到的一个剩余植被覆盖度(REAL)",,Coverage Loss Model
1008,0e82ea167dbb79abfcadc70619da0631,计算大气层顶部的太阳辐射,,4cce0ca5-5cf9-49c2-aa79-48dc94f432b5,"输入: I_0-太阳常数(REAL), R_1-矢径(REAL), Z-天顶角(REAL) | 输出: I_1-大气层顶部的太阳辐射(REAL)",,Calculate Solar Radiation At The Top Of The Atmosphere
1009,678d2e9b23727c1de8f9bd50c2573658,评估者的吻合度,,b5ff07d7-e291-4aa4-bdb3-8cc0ab309862,"输入: ymua-观测值(REAL), ymua_-模型的输出值(REAL) | 输出: emua-吻合度(REAL)",,Inter-Rater Agreement
1010,bf021c1255fae3ea0b4d40b28353b3de,调频三角波的频率,,1a99c4ec-eb93-409e-98aa-6a6218167f3b,"输入: C-电磁波传播速度(REAL), fi-中频频率(REAL), R-半径(INT), detaf-频率变化值(REAL) | 输出: double-调频三角波的频率(REAL)",,Frequency Of FM Triangular Wave
1011,dee49d4b917bcaa382b8d5f8949043da,谐波模型,,63a25acb-10d2-49f9-b2b4-e16f8fefc079,"输入: n-参数(INT), y-参数(REAL_ARRAY), k-相重叠的谐波数(INT), w-参数(REAL), t1-参数(REAL), t-参数(REAL_ARRAY) | 输出: yt-周期(REAL)",,Harmonic Model
1012,faeee328af223ef496fb09f6c2b1069d,谱分析模型,,973cef14-bb31-417c-bd4d-b26bc837740a,"输入: A0-周期变化的平均(REAL), A-各谐波的振幅，标志其所起作用大小(REAL_ARRAY), w-w[k]为谐波频率(REAL_ARRAY), sita-sita[k]为相角(REAL_ARRAY), t-表示t时刻(REAL), p-谐波数(INT) | 输出: Nt-t时刻种群大小(REAL)",,Spectral Analysis Model
1013,693b45b24e33a7a743fcdff9f6ae9519,费用计算公式,,6a4f63b8-8b2f-4232-a719-cfa5d5aa7e38,"输入: Psi-引江输水工程投资转换为固定资产的折算系数(REAL), A-引江输水工程投资(REAL), n1-工业净产值与总产值的比重(REAL), n2-工业固定资产与总产值的比重(REAL) | 输出: double-费用(REAL)",,Cost Calculation Formula
1014,8208f2dc72674ef3557ed2313d7f1bfb,资源开发竞争模型--种群方程,,53e55f73-c4c4-4352-8e3c-41b6713fac67,"输入: ai-输入参数(REAL), yj-参数(REAL), Bi-是密度依赖性损失参数(REAL), aij-表示资源竞争系数(REAL), yi-参数(REAL), i-参数(INT), j-参数(INT), t-参数(INT) | 输出: dyidt-种群(REAL)",,Resource Development Competition Model-Population Equation
1015,ed4f8da1881632d06dbf4371397e563e,资源开发竞争模型--资源动力学,,6a643ecf-2e28-49e4-ba72-80f64c6e1ca5,"输入: I-是R1的输入参数(REAL), R1-资源(REAL), f1-参数(REAL), f2-参数(REAL), x1-参数(REAL), x2-参数(REAL), k-是损失参数(REAL) | 输出: dRdt-结果(REAL)",,Resource Development Competition Model--Resource Dynamics
1016,14dc94ef3ad7079597f0ef6b3374b693,距离向匹配滤波函数模型,,a5bd6924-c772-4f86-be8b-4209b098294d,"输入: f0-载频(REAL), kr-调频斜率(REAL), Tw0-脉冲宽度(REAL), j-相应参数(REAL), t-相应参数(REAL) | 输出: double-距离向匹配滤波函数模型(REAL)",,Distance Matching Filter Function Model
1017,7fd775425d1f36ab05aebf39a540d295,距离最大的带你Gpsi到由Gpsi向缓和曲线作法线与曲线的交点Glambda的距离,,c2eb8ca4-3d62-4d06-933e-0a8270049c21,"输入: pointlambda-pointlambda(VECTOR2), point-point(VECTOR2), psi-psi(REAL), sigmapsi-sigmapsi(REAL) | 输出: double-距离最大的带你Gpsi到由Gpsi向缓和曲线作法线与曲线的交点Glambda的距离(REAL)",,The Largest Distance Takes You From Gpsi To The Intersection Point Glambda Of The Normal Line From Gpsi To The Transition Curve And The Curve
1018,86c5f5e0bf413d5dde380f54d364fd28,距离模糊度模型,,be7f0761-ca25-45fa-b29b-db6b80d8cf04,"输入: N-收到模糊回波噪声的次数(REAL), Saj-SAR在第j个距离门所接收到的模糊回波噪声(REAL_ARRAY), Sj-SAR在第j个距离门所接收到的期望回波信号的功率(REAL_ARRAY) | 输出: double-输出模型(REAL)",,Distance Ambiguity Model
1019,f8f157ce7cc2f221734a610efc47aff5,距离衰减模式,,a31e689e-f63c-4872-8680-218798bb3824,"输入: d_0-中心点所在区域的就业密度(REAL), b-参数(REAL), c-参数(REAL), x-距中心点的距离(REAL) | 输出: double-距中心点x处的街区办公就业密度(REAL)",,Distance Attenuation Mode
1020,bc296ac0fdf254cbb515403a996a72b7,距离衰减法则,,5e865fe7-6b6c-4ac6-8cc6-80d43f4eb86a,"输入: d0-中心人口密度(REAL), b-密度梯度(REAL), x-中心距离(REAL) | 输出: double-衰减距离(REAL)",,Distance Decay Law
1021,157b35b6d54471eeb63d22cb04b51c5a,辐射传输方程,,822373e3-5f89-497c-a0b2-5f046253a271,"输入: B-温度T、波数v时的普朗克函数(REAL), tao-压强P到观测器处P0之间的大气透过率(REAL), Ps-压强(REAL), P0-压强(REAL) | 输出: double-辐射度(REAL)",,Radiative Transfer Equation
1022,15e756aee88661bbddb45ba981d56942,辐射传输模型,,d55d9db2-ae00-4d9f-b403-571c64ca06b9,"输入: type-辐射传输模型类型(INT), S0-辐照在冠层上的辐射(REAL), th0-入射顶角(REAL), L_-向下的累积叶面积(REAL), G0-参数(REAL), I1-由于入射的直射辐照导致的冠层内的漫射辐照(REAL), I2-由于入射的漫射辐照导致的冠层内的漫射辐照(REAL) | 输出: double-辐射传输(REAL)",,Radiative Transfer Model
1023,c1c655d2211ff89205f2955c06c90dcc,辐射测量模型,,674c81c9-9e23-4945-b3e9-697dbed176c8,"输入: T-物理对象的温度(REAL), Tp-下标p表示偏振（p=h表示水平偏振，p=v表示垂直偏振）(REAL), Ts-天空的有效亮度温度(REAL) | 输出: double-近地观测中反射率(REAL)",,Radiation Measurement Model
1024,5d66b89df74de21bcf4f9e325df42c73,辽河三角洲湿地净化的空间模型--去除率,,91449bdd-b594-4dba-b837-35dc62df113a,"输入: waterQuantityPerDay-日水量负荷(REAL), nutrientdensity-养分浓度(REAL), reedArea-苇田面积(REAL), elementType-，P-磷(INT) | 输出: double-去除率(REAL)",,Spatial Model Of Liaohe Delta Wetland Purification-Removal Rate
1025,16466f264b3f08c3ddf75430a727a928,辽河三角洲湿地净化的空间模型--测量点处得磷浓度,,f3daef0d-721b-4756-b657-9380a90bb59c,"输入: C1-参数(REAL), C2-参数(REAL), C3-参数(REAL), C4-参数(REAL), Pinload-泵站处养分输入浓度(REAL), d-灌渠上距泵站与测量点的距离(REAL) | 输出: double-测量点处得磷浓度(REAL)",,Spatial Model Of Wetland Purification In The Liaohe Delta - Phosphorus Concentration At Measurement Points
1026,b9ae153960ef53aa4861e4ec7e9e8cec,近地面雪和冰的辐射系数,,26e92441-4c44-4daa-ab5b-f107e4915cd5,"输入: TB-微波亮度温度(REAL), TA-空气温度(REAL) | 输出: epsilon-近地面雪和冰的辐射系数(REAL)",,Radiation Coefficients Of Near-Surface Snow And Ice
1027,45b8a6fdd302f7803060b821d984f62e,近邻效应,,93469f30-7109-4e23-be24-7aa5cf351731,"输入: In-均一表面上的辐射(REAL), Iu-非均一表面上的辐射(REAL) | 输出: double-近邻(REAL)",,Neighbor Effect
1028,d6a8ef471090768e7a538f4476526050,进入树叶的路径总阻力,,b8bd0ccb-dcc1-4cb7-b5fb-8bb48042b23e,"输入: r_a-空气动力学阻力(REAL), r_b-树叶形状对阻力的影响(REAL), r_s-气孔阻力(REAL), r_c-表皮阻力(REAL) | 输出: r-路径总阻力(REAL)",,The Total Resistance Of The Path Into The Leaf
1029,d89006326adeae8447916c1c7809ba25,透射系数,,5cb82f8a-b1d4-4ee4-a077-233887ffb84a,"输入: tava-透射率(REAL), tav90-透射率(REAL), theta-盘的传输系数(REAL), nn-折射系数(REAL) | 输出: taoalpha-透射系数(REAL)",,Transmission Coefficient
1030,50b8578da40c04a6ecad9d49bed6381d,逻辑斯谛方程,,903fc544-3383-4a8d-9f66-96be6eb7711c,"输入: K-经验系数(REAL), a-半月平均气温(REAL), r-种群增长潜力指数(REAL), t-时间（单位为半月）(REAL) | 输出: double-生物量(REAL)",,Logistic Equation
1031,968130e7b9c86e7a5199df26acb03750,遥感技术的总效益,,9960987a-5a51-4e1d-aa9b-0dab07a7ae46,"输入: Ors-遥感技术的总产出(REAL), Irs-遥感技术的总投入(REAL) | 输出: double-总效益(REAL)",,Overall Benefits Of Remote Sensing Technology
1032,072c1ba0608dd42bc3365f767e87e042,遮蔽修正叶面营养效率函数,,851af231-12b2-46a4-9f3c-f264703af521,"输入: Fn[]-在树冠层中以1/4m为间距分层时第i层叶面营养称分量(REAL_ARRAY), Plsc[]-在第i层的光照水平相关的光合作用光照饱和曲线值(REAL_ARRAY), TNPPt-每年的总的净初级生产力(REAL), SCFNt-在时段t中修正叶营养含量(REAL), n-叶面层数(INT) | 输出: Gap-遮蔽修正叶面营养效率(REAL)",,Shading Corrected Leaf Nutritional Efficiency Function
1033,b7ebf8907dc190fc0113bbde7b8ddeba,遮蔽区域内任意点的方位角的计算,,6967d413-c18f-408f-a024-0dd9c0c138e5,"输入: Wd-点D的方位角(REAL), etai-参数(REAL), Wi-点i的方位角(REAL) | 输出: Wdi-遮蔽物i相对于任意点D的方位角(REAL)",,Calculation Of The Azimuth Angle Of Any Point Within The Shielded Area
1034,aa7f72385663fd613a045d04baf66af1,遮蔽区域内任意点的遮蔽角的计算公式,,4a4fc909-a8cb-4df9-808b-a2ccf05c19e8,"输入: Hi-参数(REAL), hA-参数(REAL), delteh-D点和主测点A地面的高度差(REAL), Yi-参数(REAL) | 输出: Lambda-遮蔽物i对D点的遮蔽角(REAL)",,Calculation Formula For The Occlusion Angle At Any Point Within The Occlusion Area
1035,ae8cb27cf0a1d5cff06f57d33b160a67,采伐后的成熟林蓄积量Y模型,,ce455711-90ff-4e56-9dbe-cbf40af8a619,"输入: X3-成熟林的蓄积量(REAL), MC-未知参数(REAL), YR-年均资源消耗递增率(REAL), t-时间(REAL) | 输出: double-采伐后的成熟林蓄积量(REAL)",,Mature Forest Volume Y Model After Harvesting
1036,44a127f2ecb32cd266f9c5a42f0698c0,采样后第i个像元的辐射灰度的追加值,,0634ec63-afdd-4fbd-accb-1a4e0b4fb497,"输入: K-调整系数(REAL), G0-统计的机下点的像元灰度值(REAL), i-第i个像元(INT), phi-瞬时视场角(REAL) | 输出: double-采样后第i个像元的辐射灰度的追加值(REAL)",,The Additional Value Of The Radiation Grayscale Of The I-Th Pixel After Sampling
1037,d8898e5421617a3223b9de278f9e1b78,重新标准化差异植被指数,,8809f498-d377-4f28-a879-b94ca39a543f,"输入: Rni-近红外波段的目标反射(REAL), Rvi-可见光波段的目标反射(REAL) | 输出: Irdv-重新标准化差异植被指数(REAL)",,Renormalized Difference Vegetation Index
1038,04b2d5b495057dd6ff598a66fa615e63,重要值IVk模型,,a0b85076-8ae8-40f6-bc92-03d4b4716497,"输入: Ck-第k种群在群落中的盖度(REAL), Fk-第k种群在群落中的频度(REAL), Hk-第k种群在群落中的平均高度(REAL), sumCi-该群落中所有s个种群盖度和(REAL), sumFi-该群落中所有s个种群盖度和(REAL), sumHi-该群落中所有s个种群盖度和(REAL) | 输出: IVk-群落第k种群的重要值(REAL)",,Important Value I Vk Model
1039,99335112706ff074f0969d1b5bf2718a,鉴别指数DI模型,,59787151-b7f4-4b34-9935-8e2d34009f7b,"输入: deltaRho-两种作物平均反射率的差(REAL), Tot-合并标准差(REAL), NN-测量总次数(REAL) | 输出: DI-鉴别指数(REAL)",,Discrimination Index DI Model
1040,4e279e669d31c2422ebd64b9ee91ceca,针叶面积S模型,,78bebb1d-2ac3-49ca-a52e-b42e5de6d02e,"输入: l-针叶长度(REAL), d-针叶平坦面宽度(REAL), d1-平坦面垂直的厚度(REAL) | 输出: double-针叶面积(REAL)",,Needle Area S Model
1041,872c444097b936e5e3412942b8c489de,钾循环模型1,,d510e16d-74be-440d-bbbb-74e96729c126,"输入: x1K-油茶林木和林冠下灌丛中钾含量(REAL), x3K-土壤中钾含量(REAL), u01K-钾施肥量(REAL) | 输出: dxK1_dt-油茶林木和林冠下灌丛中钾含量关于时间的变化率(REAL)",,Potassium Cycle Model 1
1042,ec1b75c11021125b2e99b1229527b0cf,钾循环模型2,,290c2e7d-bcff-431f-b63c-14f41fb020f2,"输入: x1K-油茶林木和林冠下灌丛中钾含量(REAL), x2K-枯枝落叶层中钾含量(REAL), u02K-油茶林淋溶水和穿透水中钾含量(REAL) | 输出: dxK2_dt-枯枝落叶层中钾含量关于时间的变化率(REAL)",,Potassium Cycle Model 2
1043,b5e0784ec7c3b20d16192aa5966ad26d,钾循环模型3,,dcf61999-7015-4a68-81e8-45939de69741,"输入: x1K-油茶林木和林冠下灌丛中钾含量(REAL), x2K-枯枝落叶层中钾含量(REAL), x3K-土壤中钾含量(REAL), u03K-土壤渗下水中钾含量(REAL) | 输出: dxP3_dt-土壤中钾含量关于时间的变化率(REAL)",,Potassium Cycle Model 3
1044,e13a7c01fb24810a01b9ef7f83b26c97,长江的径流量与葛洲坝水电站产生的电力的关系模型,,e0b2af68-cfe2-4456-9ba1-bd272fe91ab5,输入: Q-长江的径流量(REAL) | 输出: dHbdQ-葛洲坝水电站产生的电力随长江的径流量的变化(REAL),,Model Of The Relationship Between The Runoff Of The Yangtze River And The Electricity Generated By The Gezhouba Hydropower Station
1045,8181206a8d6d528f88855f4c0b9b8bbb,门司公式,,0550ab5c-7741-44fe-844e-a2866349a3b1,"输入: k-消光系数(REAL), l-相应的累计叶面积指数(REAL) | 输出: double-群体内观测高度上的直射光穿透率(REAL)",,Moji Formula
1046,ea3174860e9005bb20e8259ab0744387,间作值和最大单作值比,,7387159f-31e0-4046-8cd3-289e5baae083,"输入: p1-间作系统中农作物1的货币价值(REAL), p2-间作系统中农作物2的货币价值(REAL), y1-间作系统中农作物1的产量(REAL), y2-间作系统中农作物2的产量(REAL), m1-单作系统中农作物1的产量(REAL) | 输出: Rvt-间作值和最大单作值比(REAL)",,Intercropping Value And Maximum Single Cropping Value Ratio
1047,f8b8283864ffedb60cb1d854e0a09a7b,间距为g时的自相关系数,,26d43154-8e6d-45e9-8d92-1daad920e171,"输入: cg-间距为g时的自协方差(REAL), c0-间距为0时的自协方差(REAL) | 输出: rg-间距为g时的自相关系数(REAL)",,Autocorrelation Coefficient When The Distance Is G
1048,0e7335cb6b0399a434c537b9ac08d1a4,防护林生态系统水量平衡方程,,3faab5b5-8b2e-4853-9e40-90e279872c64,"输入: P-大气垂直降雨量(REAL), Ic-森林植被冠层截留量(REAL), E-森林植被叶片蒸腾量(REAL), T-土壤蒸发量(REAL), Rs-地表径流量(REAL) | 输出: deltaWS-根际区土壤储水变化量(REAL)",,Water Balance Equation Of Shelterbelt Ecosystem
1049,68e6aaf3872e671c3b8d24797ef62727,阴影像元的直射辐射遥感分量模型,,e340dca3-0f2b-4467-9019-a0c8b31c42a6,"输入: DDij-地面水平时卫星像片阴影中像元散射辐射遥感值(REAL), Gij-阴影中像元的天空光照射率(REAL), Fij-像元施舍光地形改正系数(REAL), Lij-当像元地面水平时地面散射与直射光照度比值(REAL) | 输出: double-阴影像元的直射辐射遥感分量(REAL)",,Direct Radiation Remote Sensing Component Model Of Shadow Pixels
1050,9fa1141bde0310a3d891b0234b8e6864,陆地生态系统一年内的径流调节能力,,0773f748-fe65-4b69-9a34-06bd6da4061e,"输入: mu-一个与雨季降雨强度有关的降雨等价值(REAL), C-一棵树所覆盖的单位面积截留的雨水量(REAL), L-落叶层所包含的水量(REAL), G-地下水的保持量(REAL), R-地下水的排出速率(REAL) | 输出: Wyr-陆地生态系统一年内的径流调节能力(REAL)",,Runoff Regulation Capacity Of Terrestrial Ecosystems Within A Year
1051,6b7c3034b665210953567fbe3c42cb33,降雪后伽马射线的计数近似,,91538a9e-5924-4703-944e-944219d01dfd,"输入: T-由于空气中钾或钍导致的衰减系数(REAL), H-飞机高度(REAL), A-水的辐射衰减系数(REAL), Esw-雪层的雪水等价值(REAL), Cg-在地面上每分钟的伽马射线计数(REAL) | 输出: double-在降雪后的条件下飞机上测量到的每分钟后伽马射线的计数(REAL)",,Count Approximation Of Gamma Rays After Snowfall
1052,48d563a30330d2a14949ab8866798f1a,随机不等概抽取一阶样本单元模型,,ae839eab-d210-4868-bbd4-8ea178503510,"输入: t-可靠性指标(REAL), E-相对误差(REAL) | 输出: double-一阶样本单元(REAL)",,Random Unequal Sampling Of First-Order Sample Unit Model
1053,0d79fce9d7671f9673218edf141664fa,随机数学模型,,dbada58c-66af-4c1f-9b2a-00c9b77cd246,"输入: a-为内禀增长率(REAL), Xt-参数(REAL), N-为时间t时种群的个体数(REAL) | 输出: N1-是N对时间t的导数(REAL)",,Stochastic Mathematical Model
1054,c4a8e06aeaefacedafef9b599da958fd,集镇的服务范围计算公式,,97a932ad-99c8-4a6e-8626-0de6e9cc4947,"输入: x[]-各种商品的销售额(REAL_ARRAY), y[]-全县各集镇同种商品的销售额(REAL_ARRAY), s-全县面积(REAL), a[]-商品权重，总和为1(REAL_ARRAY), n-商品个数(INT) | 输出: double-集镇服务范围(REAL)",,Calculation Formula For Service Scope Of Market Towns
1055,33dd4b200e8df94dbde5d76be3f0b039,雪后伽马射线的计数率,,ef529f1f-e8b7-457f-ae53-55cb94e3fc21,"输入: T-由于空气中钾或钍导致的衰减系数(REAL), H-飞机高度(REAL), A-水的辐射衰减系数(REAL), G-地面上绿色生物量的权重(REAL), P-1g绿色生物量中钾含量与20cm3表层土中钾含量比值(REAL), Cg-在地面上每分钟的伽马射线计数(REAL), Esw-雪层的雪水等价值(REAL) | 输出: double-雪后伽马射线的计数率(REAL)",,Count Rate Of Gamma Rays After Snow
1056,790b908df7f30af1e064e58864911593,雪水等价值的研究,,f8aaaaae-fc07-46e5-a190-585d1fbf337a,"输入: T-由于空气中钾或钍导致的衰减系数(REAL), H-飞机高度(REAL), Cg-在地面上每分钟的伽马射线计数(REAL) | 输出: double-降雪前飞机测量到的伽马射线每分钟的计数(REAL)",,Study On The Value Of Snow And Water
1057,21697bd9120146838483a833b596f27c,雪水等价的平均值,,36f230c9-da45-4799-9ffe-45ad97073614,"输入: sig-沿飞机线路的雪水等价的方差(REAL), a-生物量系数(REAL), Uw-水中单位钾或钍的衰减系数(REAL), d-在飞行线上的雪水等价关系的任意变量(REAL), Ua-空气中钾或钍的衰减系数(REAL), h-飞机下的空气质量(REAL), Ng-地面在1秒钟内发射的超过本底值的计数(REAL) | 输出: double-雪水等价的平均值(REAL)",,Average Snow Water Equivalent
1058,42073d1e7f9c92cbd43477818136fdcd,雪测量时的平均计数,,b7690c65-f9eb-49e6-91c2-7c3c24a64780,"输入: a-生物量系数(REAL), Uw-水中单位钾或钍的衰减系数(REAL), d-在飞行线上的雪水等价关系的任意变量(REAL), Ua-空气中钾或钍的衰减系数(REAL), h-飞机下的空气质量(REAL), Ng-地面在1秒钟内发射的超过本底值的计数(REAL) | 输出: double-雪测量时的平均计数(REAL)",,Average Count During Snow Measurement
1059,d6d65c5f97c7d27c2953af7f8749abcd,雪深反演,,7ff1c533-a24b-4fc1-8e54-5994f6d5974a,"输入: T18H-18GHz水平极化条件下的亮度温度(REAL), T37H-37GHz水平极化条件下的亮度温度(REAL) | 输出: double-雪深(REAL)",,Snow Depth Inversion
1060,624be745a889bcca25e7199dd3488ee2,雪线高度模型,,54be4e82-5821-470f-b8a6-9d8a25e9d8d4,"输入: Hm-低值等高线高程(REAL), Hn-高值等高线高程(REAL), d1-所求点到低值等高线的距离(REAL), d-两根等高线间距(REAL) | 输出: double-所求点的高程(REAL)",,Snowline Height Model
1061,d6e435002f683684977837492939249b,雷达图像大范围校正模型,,24353ad8-3071-4a07-99fe-f0dac45fa07e,"输入: pi-像元i在剖面线上的初始值(REAL), Mg-从行扫描得到的图像的平均辐射斜率(REAL), i-像元在剖面线上的位置(REAL) | 输出: pi1-像元i在剖面线上的最终值(REAL)",,Radar Image Large-Scale Correction Model
1062,28a2fe7f4412b33ea82469fff8254974,雷达波截面积,,35d7a8c9-ad6e-42e4-8465-e0a2997d98ca,"输入: C-具有光学厚度的植被覆盖的后向散射系数(REAL), G-干燥土壤的后向散射(REAL), D-单位农作物水分的衰减系数(REAL), W-单位土壤表面上的农作物水量(REAL), th-入射角(REAL), m-表层土中体积水分含量(REAL), K-单位体积水分含量表层土的水分系数(REAL) | 输出: double-雷达波截面积(REAL)",,Radar Wave Cross-Section Area
1063,c876d538dfa94e1960447a40824c2c18,雷达高度计回波能量模型,,c281871f-9e87-46f8-acdc-818441003689,"输入: pt-平坦海绵的冲激响应(REAL), qt-海面散射单元的高度密度函数(REAL), st-雷达系统对点目标的响应(REAL) | 输出: double-雷达高度计回波能量(REAL)",,Radar Altimeter Echo Energy Model
1064,e8ae15ad1fe3ee462c98075cce574242,雷达高度计平均功率回波波形,,8bd1d604-9325-4239-98b3-c740fcbaf4d7,"输入: Pt-平坦海面的冲激响应(REAL), Qt-海洋表面散射元的高度概率密度(REAL), St-雷达系统点目标的响应(INT) | 输出: double-雷达高度计平均功率回波波形(REAL)",,Radar Altimeter Average Power Echo Waveform
1065,a132a74795e6e39017b7ad58b04575a6,雷达高度计平均回波信号模型,,783fec1d-d43a-4b70-bb9a-5bbbc2d08e45,"输入: Pfst-平均的平坦表面的冲激响应(REAL), Qt-反射点的高度概率密度函数(REAL), Ppt-雷达系统点目标的冲激响应(REAL) | 输出: double-接收回波的平均功率(REAL)",,Radar Altimeter Average Echo Signal Model
1066,d477d3ef9334d3c402148a940c42860b,露水形成的最大速率,,c20cac6e-6f2b-43fe-9f17-8d7f16e36a74,"输入: ss-饱和水蒸气压曲线在气温和露点之间区域的斜率的平均值(REAL), gamma-温度计常数(REAL), Rn-净辐射(REAL), Lambda-水分气化/凝结的潜热(REAL) | 输出: Ep-露水形成的最大速率(REAL)",,Maximum Rate Of Dew Formation
1067,caf290e8deb21b3f785b8d0679691419,非本地鸟类种群丰度的预测方程(NN-R),,86d69fe2-4225-4ab6-8e7c-6e6957a28c55,"输入: Hden-房屋密度(REAL), Pctp-土地的铺面面积(REAL), Uoe-城市中的外来植被(REAL), Usv-丘陵桑罗伦植被(REAL) | 输出: NNR-非本地鸟类种群丰度(REAL)",,Prediction Equation For Non-Native Bird Population Abundance (nn-R)
1068,2ae410eb7f003c173d35fa3a7cd84eb2,非约束性回归模型,,6256a9ec-e506-425e-aa71-21c808094409,"输入: b0-线性回归系数(REAL), c0-线性回归系数(REAL), d0-线性回归系数(REAL), Ti-AVHRR波段4的卫星亮度温度(REAL), Tj-AVHRR波段5的卫星亮度温度(REAL) | 输出: TS1-地表温度的回归估计值(REAL)",,Unconstrained Regression Model
1069,0f90c70b662d91a0a52f9b32b3aa996d,非饱和土壤水扩散率,,f93f2914-5d86-4fc8-a079-213cc2f9cc42,"输入: deltalanmda-距离变化(REAL), deltasi-容积含水量的变化量(REAL), sumlamda-距离积累(REAL) | 输出: Dsi-非饱和土壤水扩散率(REAL)",,Unsaturated Soil Water Diffusivity
1070,399eb5f098460d0f835334db96e4271e,预测模型,,b71be010-90b5-47a1-8c12-e95d1b7ea649,"输入: Pt-初始年x岁人口实际人口数(REAL), Sx-x岁人口之存活率(REAL) | 输出: double-预测年x+1岁人口数(REAL)",,Predictive Model
1071,37744c06eaa1b5fa6a4d765604bf8758,预订误差的平方和（SSPE）,,da2f9a74-be36-45f7-acda-914a88e0b694,"输入: Obs[]-i点观测值(REAL_ARRAY), Pre[]-i点预测值(REAL_ARRAY), n-观测点的数量(INT) | 输出: SSPE-预订误差的平方和(REAL)",,Sum Of Squared Booking Error (sspe)
1072,3c6dff5e51d82ab2be324bda1509b6c9,频率模型,,ed87eda9-6872-44cb-a010-76295a032995,"输入: s-该种杂草出现的样方数(REAL), n-调查该类型群落的总样方数(REAL) | 输出: F-频率(REAL)",,Frequency Model
1073,06675a500a78b1bb015d7da165c823cb,频率特性模型,,8113f03b-6e0e-4158-b303-24c0e74a3ea9,"输入: H-滤波器的增益(REAL), wRF-射频中间角频率(REAL), Q-品质参数(REAL), w-未知参数(REAL), j-未知参数(REAL) | 输出: double-频率特性(REAL)",,Frequency Characteristic Model
1074,236b53d56c6ac4619043601b9f971d25,频率计算公式,,5770e8ee-e2d6-4fd4-b99d-5f424d713e2b,"输入: L-波长.(REAL), V-波速(REAL) | 输出: double-频率(REAL)",,Frequency Calculation Formula
1075,193c6d91e2d5b7c6be84943e63b20082,飞机在降雪前的测量的平均计数,,933d6520-97c1-4288-ade3-d740017ba451,"输入: Ua-空气中钾或钍的衰减系数(REAL), h-飞机下的空气质量(REAL), Ng-地面在1秒钟内发射的超过本底值的计数(REAL) | 输出: double-飞机在降雪前的测量的平均计数(REAL)",,Average Count Of Aircraft Measurements Before Snowfall
1076,55e3044f660317ce3202c5fbb257493f,饱和水汽压的Teten方程,,aaf8c515-fdc6-4382-9b65-583739709c2a,"输入: B153-O摄氏度时水蒸气压(REAL), B72-系数(REAL), T1-温度(REAL), B18-系数(REAL) | 输出: S1-饱和水汽压(REAL)",,Teten Equation For Saturated Water Vapor Pressure
1077,d174b3266ca41303fe358aecccbe86b4,香农-威廉(Shannon-Wiener)异质性指数,,c232d0c5-58fc-4fe0-98a7-109c29a8b4c2,"输入: S-当前分类的总数(INT), Pj-每个分类的相对比例(REAL) | 输出: H-香农-威廉(Shannon-Wiener)异质性指数(REAL)",,Shannon-Wiener Heterogeneity Index
1078,060ae6161641e5175a88170bd3e67b19,马际的生态效益率模型,,b2c25ea9-31f6-4799-9931-4839d6b14883,"输入: Pr-净次级生产量(REAL), Lf-脱落物量(REAL), R-呼吸量(REAL), Fu-粪尿量(REAL) | 输出: double-摄食量(REAL)",,Maji’s Ecological Efficiency Model
1079,32d92d90a6f426a7f7a8909b674348f9,马陆的年分解量Wn模型,,5934220a-9575-49ae-ba72-0e51fe77b6b8,"输入: D-每月各旬马陆个体数量(REAL), B-马陆平均生物量(REAL), I-每月各旬马陆摄食量(REAL), d-旬天数(REAL) | 输出: double-年分解量(REAL)",,Annual Decomposition Wn Model Of Millipede
1080,f8b2450f32366c4f4fb348a5b1765e70,高光谱植被指数,,8be46add-4a58-4dce-971e-47d9987d485c,"输入: Rs-近红外反射系数曲线的“肩部”(REAL), R0-最小反射系数大致在670nm(REAL), sigma-高斯形状参数(REAL), lambda-波长(REAL), lambda0-最小值对应的波长(REAL) | 输出: RR-冠层总光合作用率(REAL)",,Hyperspectral Vegetation Index
1081,f974bfc168aa70918f6707b9c9a00b57,高度H的变化模型,,3585f11f-0fbf-41b3-9961-b100e99ea340,输入: hgrow-高度增量(INT) | 输出: dH_dt-高度变化率(INT),,Change Model Of Height H
1082,d97359bb4ed027c9dfeb0dddbe83d429,高度噪声模型,,3834b9da-0a77-4066-a426-08d2069c2292,"输入: Ng-形成跟踪门的数目(REAL), rouT-系统点目标分辨率(REAL), rouS-均方值波高(INT), N-独立测量数+(REAL), SNR-响应变量(REAL) | 输出: double-高度噪声(REAL)",,Highly Noisy Model
1083,2352a3e7a672073f7be28dd40b3217c0,高度计海面风速反演的模式函数,,e4030a83-36a1-4e41-bdd9-1feb91a9ec66,"输入: alpha-比例系数(REAL), R-Fresnel反射系数(REAL), ssqure-海面均方斜率(REAL), theta-入射角(REAL) | 输出: double-雷达后向散射截面(REAL)",,Pattern Function For Altimeter Sea Surface Wind Speed Retrieval
1084,cd73a9f33660d0040010d064cd3f4a57,高度计的接收功率,,f8ee4ca8-1703-4009-93bf-8c660856ad70,"输入: Pfs-平坦海面的冲激响应(REAL), qt-海洋表面散射元的高度概率密度函数(REAL), Srt-雷达系统点目标响应(REAL) | 输出: double-平均接收功率(REAL)",,Altimeter Receiving Power
1085,87be5d0ac0d1dcd8728d03e68e926469,高级空间分布模式,,eebd912f-5ebb-4cd3-a9c4-24c94315e7e1,"输入: A-r的变化幅度(REAL), r-参数(REAL), k-指幅度随距离h变化的速度(REAL), w-频率(REAL), b-相位(REAL), h-抽样点间的距离(REAL) | 输出: double-随距离h的相似变化值(REAL)",,Advanced Spatial Distribution Patterns
1086,bdd943a9d194d8a98e468a0787d8ee38,鸟瞰显示的平面二维坐标,,2ca044f2-7d61-4458-9d57-483a4ff040b7,"输入: point-三维点位置(VECTOR3), alpha-投影的方位角(REAL), P-投影的俯仰角(REAL), D-二维投影平面到视点的距离(REAL), l-视点坐标与三维位置坐标系间的原点x轴平移量(REAL), m-视点坐标与三维位置坐标系间的原点y轴平移量(REAL), n-视点坐标与三维位置坐标系间的原点z轴平移量(REAL) | 输出: Point2D-鸟瞰显示的平面二维坐标(VECTOR2)",,Plane 2D Coordinates Displayed From A Bird's Eye View
1087,b1e15a883f60fafa5e90a12bb7f79b86,鸟类对生境的分布系数模型,,abd8aeb8-0293-4444-9034-da601e672a15,"输入: n-鸟类出现的样方数(REAL), N-调查总样方数(REAL), m-鸟类出现的生境数(REAL), M-被调查生境类型数(REAL) | 输出: Adc-鸟类分布系数(REAL)",,Distribution Coefficient Model Of Birds To Habitat
1088,29feb26cfda937feff20bfdea132f1d5,鹿种群的数学模型--公式1,,07bec76d-a537-44b7-ba1c-d0663184b596,"输入: rr-繁殖力(REAL), v4-成年雌鹿的存活率(REAL), Wn-成年雌鹿(REAL) | 输出: Cn_-下一代所有年轻小鹿的密度(REAL)",,Mathematical Model Of Deer Population--Formula 1
1089,c8059be403bcc8d3437e3b86f1dc76d2,鹿种群的数学模型--公式2,,7cccf187-7879-4b25-a5a9-5a1c0691d5e0,"输入: v1-新生鹿的存活率(REAL), Cn-所有年轻小鹿的密度(REAL) | 输出: G1n_-第一年的下一代未成年雌鹿(REAL)",,Mathematical Model Of Deer Population--Formula 2
1090,b1d1b6117e8beb3314f585a9dffde515,鹿种群的数学模型--公式3,,52d59412-c9c7-40bf-888f-484f27751315,"输入: v2-未成年雌鹿的存活率(REAL), G1n-第一年的未成年雌鹿(REAL) | 输出: G2n_-第二年的下一代未成年雌鹿(REAL)",,Mathematical Model Of Deer Population--Formula 3
1091,4641617d0f932fc3edba4b4efd18e1c0,鹿种群的数学模型--公式4,,93abe2fb-f8e7-41bb-8ca5-41976c94a68c,"输入: v4-成年雌鹿的存活率(REAL), Wn-成年雌鹿(REAL), v2-未成年雌鹿的存活率(REAL), G2n-第二年的未成年雌鹿(REAL) | 输出: default_N-Wn_(REAL)",,Mathematical Model Of Deer Population--Formula 4
1092,4bbbd795f44771c55d30cd61dfefc31c,鹿种群的数学模型--公式5,,19605b8b-35f1-4114-84f8-8f420a0fbaab,"输入: v1-新生鹿的存活率(REAL), Cn-所有年轻小鹿的密度(REAL) | 输出: B1n_-第一年的下一代未成年雄鹿(REAL)",,Mathematical Model Of Deer Population--Formula 5
1093,77be00841198cd6c9a379d45d1ed048c,鹿种群的数学模型--公式6,,e4e5de4b-b2f8-42ac-a84b-dccd8bcbb614,"输入: v3-未成年雄鹿的存活率(REAL), B1n-第一年的未成年雄鹿(REAL) | 输出: B2n_-第二年的下一代未成年雄鹿(REAL)",,Mathematical Model Of Deer Population--Formula 6
1094,916e3e74fa1fa098e40df90cf359dfbe,鹿种群的数学模型--公式7,,1499ece5-2b28-4e9b-ba2c-34e4bc1ae420,"输入: v5-成年雄鹿的存活率(REAL), Mn-成年雄鹿(REAL), v3-未成年雄鹿的存活率(REAL), B2n-第二年的未成年雄鹿(REAL) | 输出: Mn_-下一代的成年雄鹿(REAL)",,Mathematical Model Of Deer Population--Formula 7
1095,a5aad0f62f00c2ab0c3ef95c3648dd1e,麦田活动层辐射平衡方程,,e1cd6e29-5261-42b3-a4cc-6de0d6727721,"输入: Q-太阳总辐射(REAL), A-反射率(REAL), F-长波有效辐射(REAL) | 输出: B-辐射平衡(REAL)",,Wheat Field Active Layer Radiation Balance Equation
1096,e50ff0f1b6da436c3b4f819f08cddd0d,麦蚜种间竞争模型--麦蚜两个种间的竞争模型1,,c50b4876-e114-4eb6-97ed-036206d586a8,"输入: r1-参数(REAL), N1-参数(REAL), N2-参数(REAL), k1-参数(REAL), a-参数(REAL) | 输出: dN1dt-结果(REAL)",,Interspecific Competition Model Of Wheat Aphids--Competition Model Between Two Species Of Wheat Aphids 1
1097,76f350b2767211b5e00663eebe0e642c,麦蚜种间竞争模型--麦蚜两个种间的竞争模型2,,89c9bed7-a135-4a93-b6f8-a9e1d64fec4b,"输入: r2-参数(REAL), N1-参数(REAL), N2-参数(REAL), k2-参数(REAL), b-参数(REAL) | 输出: dN2dt-结果(REAL)",,Interspecific Competition Model Of Wheat Aphids--Competition Model Between Two Species Of Wheat Aphids 2
1098,5540872a6ea2dcf18b3cafe36932649d,黄山松种群生物量随时间变化的模型,,c7976989-c5ff-446c-9ff1-f2b2f4e738f7,"输入: BK-立地可负载的最大种群生物量(REAL), C-系数(REAL), e-参数(REAL), r1-系数(REAL), A-种群年龄(REAL) | 输出: BT-种群生物量(REAL)",,Model Of Changes In Huangshan Pine Population Biomass Over Time
1099,461baf68c910d4e6e97cf0d7555ea96f,黑体辐射能量LBBj,,78b96520-3a7d-4160-8132-f4ca30ef4737,"输入: C1-第1辐射常数(REAL), Lamdaj-第j辐射波长(REAL), C2-第2辐射常数(REAL), T-黑体温度(REAL) | 输出: LBBj-黑体辐射能量(REAL)",,Black Body Radiation Energy LB Bj
1100,72972981fe20fe5bda0c36615c784e64,鼠的瞬时增长率,,f1790761-95f8-4668-a7a2-eb94e894e23a,"输入: w-个体平均体重(REAL), u-周限增长率(REAL), p-个体年均食量(REAL), R-食物中鼠的比例(REAL), b-常数(REAL) | 输出: double-鼠的瞬时增长率(REAL)",,Mouse Instantaneous Growth Rate
1101,aab05c52545ba1ef9991ca670844d46a,最优化程序,,faf43170-9783-463b-97dc-99895b479a53,"输入: R[]-年收益(REAL_ARRAY), T-周期(REAL) | 输出: Vt-总收益(REAL)",,Optimizer
1102,d445513e9e513c42d8cbc2297f3454e5,有效能量,,b5cdee6d-dcf4-4e8f-a609-089093eff235,"输入: Z2-是以rad为单位的方位(REAL), Z1-是以m为单位的高度(REAL), b10-常数(REAL), b11-常数(REAL), b12-常数(REAL) | 输出: double-有效能量(REAL)",,Effective Energy
1103,dc80560524f8009052ebaeb509275bcd,标准化的捕食比率,,1127ee55-30d2-4d52-83ed-559036451d27,"输入: P-被捕食者类型i在食物构成中相对的出现次数(INT_ARRAY), d-它在环境中相对的出现次数(INT_ARRAY), n-被捕食者类型的总数(INT), i-类型(INT) | 输出: double-标准化的捕食比率(REAL)",,Normalized Prey Ratio
1104,630ece675f31e96a0162f76f9ba8a664,标准的年度存活率,,fdd57039-535f-4263-b784-49c079be3217,输入: Ym-生命周期的年数(REAL) | 输出: double-标准的年度存活率(REAL),,Standardized Annual Survival Rate
1105,500e7c2acccaa76bc335a79beaa0f06f,树冠的排泄率,,4d79e1b9-228a-4878-8ed8-751b6d47a957,"输入: D1-常数(REAL), b-常数(REAL), C-水深(REAL) | 输出: double-树冠的排泄率(REAL)",,Canopy Excretion Rate
1106,d7c278ce36e03c98936335dd96da6712,样本成数,,1d06ef05-c440-4b89-8f5f-d41b1c161a9a,"输入: p-面积最小地类的总体成数(REAL), t-可靠性指标(REAL), E-允许的相对误差(REAL), ni-各地类样本单元数(REAL) | 输出: double-样本成数(REAL)",,Samples Count
1107,27545cf03c635620cd34510932fead84,水域面积,,180376c4-9c48-48a5-8581-f34946da3b53,"输入: s-DEM像元面积(REAL), n-库域DEM象元个数(INT) | 输出: double-水域面积(REAL)",,Water Area
1108,94a5e17f32d750578bd8d925b72c40ae,消光,,e5598b5c-295a-411a-8c45-0f57d73e1f7b,"输入: E0-地外太阳辐照谱(REAL), Tau-垂直气柱大气总光学厚度(REAL), mr-大气质量(REAL), rd-日地距离与日地平均距离之比值(REAL) | 输出: E-参数(REAL)",,Matting
1109,669831a62b51315b3b35f36de927aa64,滞留指数,,48905498-a877-4e8e-990b-3c31687f6e15,"输入: Rt-滞留时间(REAL), n-碳原子为z个的直链烷(REAL), n2-碳原子为z+2个的直链烷(REAL), Z-直链玩数目(INT) | 输出: double-滞留指数(REAL)",,Detention Index
1110,fd2bef276b4da46bbd49036bb10cfc8c,热惯量,,66555721-f11a-4154-ae5a-eb4f5b80f958,"输入: K-热传导率(REAL), C-比热容(REAL), rou-密度(REAL) | 输出: P-热惯量(REAL)",,Thermal Inertia
1111,df5c9be07cc25a5668db6973f00a82a2,狼群动力学,,a805c195-a1fd-4d38-9833-0885d36bddc0,"输入: Tmax-最大的领地大小(REAL), B-有蹄类动物被捕食者的生物量(REAL) | 输出: T-每个儿狼群的均衡领地大小(REAL)",,Wolf Pack Dynamics
1112,acdb4d06e1752a033e5040ed01467c30,生长率,,d3ecd4f5-21ce-4cf1-80bc-1c66aac5111d,"输入: r-生长率(REAL), w-个体重量(REAL), A-感受性(REAL), N-规模等级(REAL), K0-没有遮蔽的条件下植被的最大规模(REAL) | 输出: v-生长率(REAL)",,Growth Rate
1113,e1d62e4af32170774ca7c7f89e19d436,相关系数r,,5257ddb7-0304-4ddf-bbc6-83e5e7a8fe5b,"输入: x-[in](REAL_ARRAY), y-[in](REAL_ARRAY), X-x的均值(REAL), Y-y的均值(REAL), n-样本量(REAL) | 输出: double-相关系数r(REAL)",,Correlation Coefficient R
1114,edcdf33d838dcc157eda8db088f17100,相对总产量RYT,,ecb8730e-7da3-428b-a43c-6d903fb38857,"输入: waa-单作中组分a的重量(REAL), wbb-单作中组分b的重量(REAL), wab-与b一起种植时a的重量(REAL), wba-与a一起种植时b的重量(REAL) | 输出: double-相对总产量RYT(REAL)",,Relative Total Output RYT
1115,1f86394be257db74ce49bbeb669c11b7,相对混合产量RYM,,bd6dd911-12ee-4bd5-b3c9-6e507503f8f6,"输入: waa-单作中组分a的重量(REAL), wbb-单作中组分b的重量(REAL), wab-与b一起种植时a的重量(REAL), wba-与a一起种植时b的重量(REAL) | 输出: double-相对混合产量RYM(REAL)",,Relative Mixed Yield RYM
1116,dff6e17a6f6e8d632ca21991f384136f,种群整体产量,,db2ac7cb-5cfb-454d-8ff4-ad95367b1a36,"输入: A-生物学函数(REAL), B-生物学函数(REAL), D-种群密度(REAL), theta-生物学函数(REAL) | 输出: Y-种群整体产量(REAL)",,Overall Population Yield
1117,c45ba69d0b6f2691768b64895021bdec,种间竞争模型--营养动力学,,8ab75b84-7a07-4087-9e28-a30a481a0571,"输入: a1-种群1中每个个体包含的有限营养数量(REAL), a2-种群2中每个个体包含的有限营养数量(REAL), X1-竞争种群1的规模(REAL), X2-竞争种群2的规模(REAL), Xm1-当所有的有限营养被转换成种群1的生物量之后，种群1的最大规模(REAL) | 输出: C-有限营养浓度(REAL)",,Interspecific Competition Model--Trophic Dynamics
1118,5fb24ee14ea129c63d844922e9751054,突变基因型个体向下一代贡献的基因数,,bdc9f910-ad10-4c62-a7ef-27cdf73c4a5d,"输入: dm-突变性个体交胚珠比例(REAL), d-种群内野生型(REAL) | 输出: double-突变基因型个体向下一代贡献的基因数(REAL)",,The Number Of Genes Contributed By An Individual With A Mutant Genotype To The Next Generation
1119,932cf31f2ff957c26d8f7194963b1621,竞争关系强度,,5d5fe591-f133-4298-8f2c-803e1803a8b4,"输入: alpha-竞争系数(REAL), w[]-个体生物量(REAL_ARRAY), n-个体数量(INT) | 输出: R-竞争关系强度(REAL)",,Intensity Of Competitive Relationship
1120,ceda1215e4ec262c0340464549ee16da,竞争平衡指数,,0722900f-2e74-4d08-8a47-384736edaa55,"输入: waa-单作中组分a的重量(REAL), wbb-单作中组分b的重量(REAL), wab-与b一起种植时a的重量(REAL), wba-与a一起种植时b的重量(REAL) | 输出: double-竞争平衡指数(REAL)",,Competitive Balance Index
1121,f4776a2ed5082bd2ac2f882f9dddb1c6,竞争强度,,25a851e7-f608-4e4a-8e4e-90052c7d555d,"输入: waa-单作中组分a的重量(REAL), wbb-单作中组分b的重量(REAL), wab-与b一起种植时a的重量(REAL), wba-与a一起种植时b的重量(REAL) | 输出: double-竞争强度(REAL)",,Competitive Intensity
1122,def6a58cf2081b698e1404dd4fa56fae,繁殖产量,,c34aa578-c605-423c-97a3-9034222d0661,"输入: Rmax-相同非生物条件下没有相邻群体时的繁殖产量(REAL), p-相邻种群的数量(INT), s-物种的数量(INT), D[]-相邻物种的影响(REAL_ARRAY), C[]-物种的影响(REAL_ARRAY), N[]-某个相邻群体中物种的个体数量(REAL_ARRAY) | 输出: R-个体繁殖产量(REAL)",,Reproductive Yield
1123,6a875a2f7bd8de207bf29394a8442edc,繁殖鸟的窝暖数,,10f60bf3-075d-4cbb-b960-e20eb25caba3,"输入: Cr-密度依赖变量的窝暖数大小(REAL), Nr-繁殖者的等级(REAL), Cn-一个平均值为C1、标准差为Sc的正态分布(REAL), B1-平均值为B1的正态分布的随机数(REAL), Q-通常条件下的一个波动因素(REAL) | 输出: double-繁殖成功可以通过繁殖鸟的窝暖数来调节(REAL)",,Breeding Bird Nest Number
1124,b834b12a4e36a0e456cb6c667411bc15,统计数据分析和分级方法（t检验）,,73a29128-a648-4d65-9d91-c54e94a621fc,"输入: P-全国平均标化率(REAL), Pi-各县标化率(REAL), SP-全国平均标化率的标准误(REAL), SPi-各县标化率的标准误(REAL) | 输出: t-时间(REAL)",,Statistical Data Analysis And Classification Methods (t-Test)
1125,770e26aaf0408945812ac67b809653ad,群落多样性指数H模型,,bad03eb0-ad38-4173-bd91-0d7788143ef1,"输入: s-所有种类数(INT), p[]-个体数百分比(REAL_ARRAY) | 输出: double-群落多样性指数(REAL)",,Community Diversity Index H Model
1126,22b0693e170367a9c7e1085f9cc1b902,蒸散发量,,10529aae-cde2-4f51-9929-5d8c8cfd2ffb,"输入: RTP-平衡温度条件下的净辐射(REAL), R1-干湿表常数(REAL), P-本站大气压(REAL), Ps-海平面大气压(REAL), dP-饱和水汽压曲线在平衡温度TP下的斜率(REAL) | 输出: double-蒸散发量(REAL)",,Evapotranspiration
1127,eb5b82601769dbfa21f56ba2aaf263d5,评价指标,,6721ef04-dea6-4962-8551-2b9749ca4579,"输入: Pk-单因子评分(REAL_ARRAY), k-因子个数(INT) | 输出: double-评价指标(REAL)",,Evaluation Index
1128,67ddf6985d56367ae9db03504a5993e4,资源利用者动态,,0a7619b3-4a5e-4d67-a6be-212e2c8b908b,"输入: Uy-参数(REAL), X-资源密度(REAL), Y-资源利用者密度(REAL), Kx-米氏常数(REAL), V-自然死亡率参数(REAL) | 输出: double-资源利用者动态(REAL)",,Resource User Dynamics
1129,b03eade17c21a90906b5191bedc8bfc6,资源动态,,5d7baadc-d445-490e-a098-ad222d3c2b25,"输入: Uc-种群增殖速度参数(REAL), X-资源密度(REAL), Xm-环境容纳量(REAL), Y-资源利用者密度(REAL), Kx-米氏常数(REAL), Ux-资源利用者增值速度参数(REAL), Xm_-新的参数，其数值为Xm+K/a(REAL) | 输出: double-资源动态(REAL)",,Resource Dynamics
1130,edb7d5578fb04b015eddcab94c16316f,降水量,,d0fea054-4887-4f41-a4f0-5c61eb7d47a7,"输入: Es-地面蒸发量(REAL), Ec-植物蒸发量(REAL), R-地表径流量(REAL), D-深层渗漏量(REAL) | 输出: P-降水量(REAL)",,Precipitation
1131,251e53209dd17bb71559f2a9366c82a3,雪水等价,,46d14dad-e016-4d83-9510-f8d3a349402c,"输入: a-生物量系数(REAL), Uw-水中单位钾或钍的衰减系数(REAL), d-在飞行线上的雪水等价关系的任意变量(REAL), Ua-空气中钾或钍的衰减系数(REAL), h-飞机下的空气质量(REAL), Ng-地面在1秒钟内发射的超过本底值的计数(REAL) | 输出: double-雪水等价(REAL)",,Snow Water Equivalent
1132,e099dd012c8ce0bc5f6663fb0a5427fa,食物交叠度,,9faef05d-0eee-480c-b421-0078fb61e21e,"输入: X-食草动物X从植物群丛i中取食总量的比率(REAL_ARRAY), Y-食草动物Y从植物群丛i中取食总量的比率(REAL_ARRAY), S-植物群丛的总数(INT) | 输出: double-食物交叠度(REAL)",,Food Overlap
1133,de3596ed9ecc3e9c95f58837e7a06a8a,鸟类群落指(BCI),,a75aded9-e97e-4384-be61-4183e201fe91,"输入: R-森林覆盖率(REAL), V-景观多样性(REAL), H-森林平均高度(REAL), P-平均坡度(REAL) | 输出: double-鸟类群落指数(REAL)",,Bird Community Index (BCI)
1134,05bccc3163a591cb1039a1bbe494133a,蒸散发模型,,d49e7de3-4f1c-4f19-bfe4-229f22d79594,"输入: RA-太阳日辐射量(REAL), AB-反射率(REAL), d-平均气温条件下饱和气压曲线的斜率(REAL) | 输出: double-潜在蒸发速率(REAL)",,Evapotranspiration Model
1135,13c8d7d2695b25bf76d967ce658cae97,降水量P模型,,8fe93fad-7f3a-4870-80ad-4c03dcd63b0a,"输入: Q-河川径流总量(REAL), EW-河川及其相联系的湖泊、沼泽等水面蒸发量(REAL), G1-河流出口地下断面潜流水量(REAL), G2-较深部地下水向外流域的流出量(REAL), EG-河谷、盆地潜水蒸发量(REAL), E1-汇水山坡土壤蒸发量(REAL), E2-森林植被蒸腾量(REAL), E3-河谷盆地土壤蒸发量(REAL) | 输出: P-降雨量(REAL)",,Precipitation P Model
1136,775cd6f5628b2f3cf73b2e0e352db88f,潜水蒸发量E模型,,f00836d3-acdb-4d51-9d4e-f68ceda6ece3,"输入: a-潜水蒸发系数(REAL), P-水面蒸发量(REAL) | 输出: double-潜水蒸发量(REAL)",,Submersible Evaporation E Model
1137,8c4094661d4df7cfe7a9b9e9d73a16fb,蒸发力E模型,,75c4fa2f-e002-4f85-a574-3913c0fbfeeb,"输入: R-农田辐射净值(REAL), delta-饱和水汽压对温度的比值(REAL), r-干湿球表常数(REAL), L-蒸发潜热(REAL), Ea-空气干燥力(REAL) | 输出: EvaporationCapacity-E(REAL)",,Evaporation Force E Model
1138,1a4ea6da38ec8c9ff139391a05980dc3,自然资源综合优势度,,2727d8e2-0a25-4c73-a081-b397df43739e,"输入: m-较大区域系统所属的同级比较地区数(REAL), n-自然资源种类数(REAL), d-各种自然资源量在统计比较地区中的位次(REAL_ARRAY) | 输出: double-自然资源综合优势度(REAL)",,Comprehensive Advantages Of Natural Resources
1139,9e3b9317ab54fe989e338438a99e9b8c,水汽压指数,,5ec37891-83a4-452c-bd84-7fc8385867c3,"输入: eh-山麓h处水汽压(REAL), h-山麓高度(REAL), c-随地区和季节而变化的参数(REAL), z-任意海拔高度(REAL) | 输出: double-水汽压指数(REAL)",,Vapor Pressure Index
1140,4c17acfc548a14421ca2436e1404cc90,球状模型,,1a3746bc-1577-46c4-94d5-fbd0a3c37f28,"输入: h-距离(REAL), a-相关距离(REAL), C0-块金值(REAL), C-基台值(REAL) | 输出: double-土壤水分的实际变异(REAL)",,Spherical Model
1141,579b026924f9a076c564ace7b9b1fe7e,逻辑斯蒂方程模型,,e300592e-fd80-4226-95aa-f761976e440f,"输入: r1-内禀增长率(REAL), S1-林木的基面积(REAL), k-为一定环境条件下种群基面积的最大容积量(REAL) | 输出: dsdt-结果(REAL)",,Logistic Equation Model
1142,9f1f3547a1269ea98ca93143f50ac0ad,湿润系数计算,,c1b0ea11-863a-458e-8488-4e9911004e83,"输入: R-年降水量（mm)(REAL), Z-年蒸发度(mm)(REAL) | 输出: double-湿润系数(REAL)",,Wetting Coefficient Calculation
1143,ec83c6904c6b314c79888b6e953ca2b6,测距点的三维坐标模型,,9dfe909c-4b7e-4897-8286-271bedb02c3e,"输入: l-激光测距数据(REAL), thet-激光束偏角(REAL), r1-飞机的横滚角(REAL), p-俯仰角(REAL), Z0-扫描中心点WGS-84坐标(REAL) | 输出: Z-测距点的三维Z坐标(REAL)",,Three-Dimensional Coordinate Model Of Ranging Points
1144,10827fcd71daae1dfb0a0a937814d3a2,冠层叶片的散射——圆盘的散射振幅模型,,7a322a0e-f75f-4ed2-9573-7c4c4d78fb33,"输入: k-k(REAL), v-v(REAL), epsilons-epsilons(REAL), aT-极化张量分量(REAL), aN-极化张量分量(REAL), thets-thets(REAL), theti-theti(REAL), phis-phis(REAL), phii-phii(REAL), gamma-gamma(REAL), belta-belta(REAL) | 输出: fvv-冠层叶片的散射(REAL)",,Scattering From Canopy Leaves Disk Scattering Amplitude Model
1145,7768a12cac0eff439fcd7ebfdf510bf9,所有表面温度数据都与长波辐射的测量值有关,,be1bacb5-1ae0-4568-938a-53bae365eb6d,"输入: epsilons-稀疏植被的反射系数(REAL), epsilona-大气发射系数(REAL), sigma-Boltzmann常数(REAL), Ta-温度(REAL), Ts-温度(REAL) | 输出: Rl-长波辐射(REAL)",,All Surface Temperature Data Are Related To Measurements Of Longwave Radiation
1146,25e854d435548edf0a2ee78ae179f051,陆地面积的蒸腾率,,36faaeda-87c8-4bd2-ba58-b7a01c013654,"输入: rou-rou(REAL), Ila-叶面积指数(REAL), Qs-树的汁液流量(REAL), l-叶面积(REAL) | 输出: rouEV-陆地面积的蒸腾率(REAL)",,Transpiration Rate From Land Area
1147,e5c95f7129d4b8afd2dcbd5f03a8804b,稀疏植物的瞬时蒸腾率,,bc2a3939-dabc-44cd-8fa6-ed186e91475f,"输入: Rn-植被吸收的净辐射(REAL), Hv-冠层内叶片(REAL) | 输出: rouEV-稀疏植物的瞬时蒸腾率(REAL)",,Instantaneous Transpiration Rate Of Sparse Plants
1148,b3da2f8ab025488359e84db7e99b0c7c,土壤与植被的复合温度,,34a883e0-83d7-4a4c-8a24-31545a12dea8,"输入: fv-植被覆盖比例(REAL), Tv-植被的温度(REAL), Tsoil-土壤的温度(REAL) | 输出: Ts-土壤与植被的复合温度(REAL)",,Composite Temperature Of Soil And Vegetation
1149,c51cb5655b37131cbc43383533431b5e,影像灰度场的fBm模型,,7ac64bc1-c4e0-4ce8-9399-30939b772aee,"输入: rou-面的反射率(REAL), lambda-辐照度(REAL), N-N(REAL), L1-入射光的入射方向(REAL) | 输出: I-影像灰度场的fBm(REAL)",,F Bm Model Of Image Grayscale Field
1150,102c3e50272b22a91795615c389416f2,混合光谱反射率,,4d6e24ce-f194-4305-a828-7a7a5fd69d7d,"输入:  a-第k类地物在第i个像元所占的面积百分比(REAL_ARRAY),  rou-某类地物的波谱特征(REAL_ARRAY), n-某地物类型(INT) | 输出: rouij-混合光谱反射率(REAL)",,Mixed Spectral Reflectance
1151,66eff84656b1e08b8957046cdd9eb164,空间频谱-相关方法进行配准的相关系数,,3661ba3e-4093-4319-a97d-514013858673,"输入:  X-X(REAL_ARRAY),  Y-Y(REAL_ARRAY), N-N(INT) | 输出: Rxy-空间频谱-相关方法进行配准的相关系数(REAL)",,Correlation Coefficient For Registration Using Spatial Spectrum-Correlation Method
1152,4941f16805defed2e1c3208d55ddfa63,TM影像的纠正公式,,9eddc04f-adcb-494d-a3a2-1b28e2c223e5,"输入: L0-路径辐射项，是大气直接散射太阳辐射进入传感器的部分(REAL), rou-傅里叶变换(REAL), rou1-傅里叶的逆变换(REAL), Lg-没有大气效应的地面辐射昌(REAL), M-二维空间频率域的大气光学调制函数(REAL) | 输出: L-TM影像的纠正公式(REAL)",,Correction Formula For TM Images
1153,38a9cd5e79ea9eea75b190076d272391,土壤背景二轴纠正的植被指数TWVI模型,,ae12e9ac-4882-427a-883b-023b98d07d14,"输入: RNIR-红外波段反射率(REAL), Rred-红波段反射率(REAL), delta-土壤背景第二轴的偏距D造成遥感数据的偏移量(REAL), L-L(REAL) | 输出: TWVI-壤背景二轴纠正的植被指数(REAL)",,Soil Background Two-Axis Corrected Vegetation Index TWVI Model
1154,781e747785a4ecc096b876d0ca152007,散射场模型,,eb9a92ee-b14c-4bf9-a93f-cd12c0d740a4,"输入: Svv-Svv(REAL), Svh-Svh(REAL), Shv-Shv(REAL), Shh-Shh(REAL), Evi-Evi(REAL), Ehi-Ehi(REAL) | 输出: Es-散射场(NODE)",,Scattered Field Model
1155,7c9f09c6125d0cc33bf0b11590a5f0b8,土地利用分类的多元回归分析,,3af8535e-5122-40a5-9ecf-5c90191fac9b,"输入: a0-需要通过回归分析进行估计的未知常数(REAL), a1-需要通过回归分析进行估计的未知常数(REAL), e19V-通过半经验发射模型得到的像元的总的发射率(REAL), a2-需要通过回归分析进行估计的未知常数(REAL), e19H-通过半经验发射模型得到的像元的总的发射率(REAL), a3-需要通过回归分析进行估计的未知常数(REAL), e22V-通过半经验发射模型得到的像元的总的发射率(REAL), a4-需要通过回归分析进行估计的未知常数(REAL), e37V-通过半经验发射模型得到的像元的总的发射率(REAL), a5-需要通过回归分析进行估计的未知常数(REAL), e37H-通过半经验发射模型得到的像元的总的发射率(REAL), a6-需要通过回归分析进行估计的未知常数(REAL), e85V-通过半经验发射模型得到的像元的总的发射率(REAL), a7-需要通过回归分析进行估计的未知常数(REAL), e85H-通过半经验发射模型得到的像元的总的发射率(REAL) | 输出: wi-从参考数据区获取的在单个像元内土地利用类型i所占比例(REAL)",,Multiple Regression Analysis For Land Use Classification
1156,197597584ca53c9af56cc11782e75b41,亮度温度的模型g基于基本的发射传输,,8b76e653-2508-4ecb-bc0b-e28d468e96bd,"输入: ei-ei(REAL), ti-大气透射率(REAL), alpha1-与大气透射率有关的大气剖面因子(REAL), alpha2-与大气透射率有关的大气剖面因子(REAL), Tphys-Tphys(REAL) | 输出: g-亮度温度(REAL)",,The Model G Of Brightness Temperature Is Based On The Basic Emission Transmission
1157,9da9f9d56d456177c90c537fa5756860,二进小波变换模型,,a258c503-e8bb-430d-bfef-a96e65853b08,"输入: s-s(REAL), f-函数的微分(REAL) | 输出: W-返回值(REAL)",,Binary Wavelet Transform Model
1158,920dda653623c6d6728b86ac50e6e5df,灰度变化的平流方程,,d1244d42-14be-4f7d-87f7-df00feb096c7,"输入: gt-gt(REAL), v-v(REAL), g-g(REAL) | 输出: dgt-灰度变化的平流方程(REAL)",,Advection Equation Of Gray Scale Change
1159,be7d87b0a437d02119499a093513c18c,图形图像局部配准纠正,,0ac5ec25-f42a-4f2e-9af0-0873fb4bcd62,"输入: R0-R0(REAL), R1-R1(REAL), R2-R2(REAL) | 输出: k-图形图像局部配准纠正(REAL)",,Local Registration Correction Of Graphics And Images
1160,9d60b7789ee722ea365a4557772daf2f,平坦区域遥感影像的纠正模型,,4eaba6d8-d85c-49d7-a326-47cc3d3bb8f1,"输入: a0-a0(REAL), a1-a1(REAL), a2-a2(REAL), a3-a3(REAL), a4-a4(REAL), a5-X(REAL), b0-Y(REAL), b1-参数(REAL), b2-参数(REAL), b3-参数(REAL), b4-参数(REAL), b5-参数(REAL), X-参数(REAL), Y1-参数(REAL) | 输出: xy-坐标(NODE)",,Correction Model For Remote Sensing Images In Flat Areas
1161,dbd85e9ac7fb2ec3a551a15154fccfcd,似然函数,,0f2431ee-8442-4c37-a7a2-8e0725555164,输入: bel-信任函数(REAL) | 输出: PL-似然函数(REAL),,Likelihood Function
1162,b4a92ccb4c38ca921c2bb4e31d0a7b39,信任函数,,7adcf463-76f5-4cd2-ae1e-4a52664f70a9,"输入:  m-m(REAL_ARRAY), A-A(INT) | 输出: bel-信任函数(REAL)",,Trust Function
1163,9f2e4a5abe084cbb962e37256baf7402,几何因子的估计,,b9d51421-126a-4ef8-aebc-7b035e7b743c,"输入: G-G(REAL), Le-树冠的平均有效叶面积指数(REAL), thet-顶角(REAL) | 输出: p-顶角thet处的间隙比例(REAL)",,Estimation Of Geometric Factors
1164,998e9ab352e515be608c5941fa64f4d3,树冠因子,,afcd855f-f045-45f8-a188-e00188e79f23,"输入: Ts-Ts(REAL), Tv-Tv(REAL), Cs-观察方向上的树冠覆盖率(REAL), Cv-日照方向上的树冠覆盖率(REAL) | 输出: C-树冠因子(REAL)",,Canopy Factor
1165,f6ba457d79d65895f56b37163d106a1e,地面因子,,f960b56c-0280-42fb-81fd-1b1a76950707,"输入: Fcd-同时处在日照和观察方向上的树冠的面积(REAL), Ts-Ts(REAL), Tv-Tv(REAL), Fcs-日照方向上是空隙而在观察方向上是在树冠下面的区域(REAL), Fod-在日照方向上是在树冠下面而在观察方向上是空隙的区域(REAL), Tos-Tos(REAL) | 输出: G-地面因子(REAL)",,Ground Factor
1166,0e45dd789fe93c979ee8b607d662b74c,观察方向及日照方向上的穿过树冠的透射率,,89d3e572-ede6-40b2-ae07-2e23a69bbc0d,"输入: Gv-整个观察区域与观察顶角正交的面积所占比例(REAL), Gs-整个观察区域与太阳顶角正交的面积所占比例(REAL), Le-树冠的平均有效叶面积指数(REAL), thetv-观察顶角(REAL), thets-日照顶角(REAL) | 输出: Tvs-观察方向及日照方向上的穿过树冠的透射率(NODE)",,Transmittance Through Canopy In Viewing Direction And Sunlight Direction
1167,f37b66129fc80863d179483051e0a9ff,观察方向及日照方向上的树冠覆盖率,,c699ddc2-abf7-4c92-a3e0-5617db0aceb3,"输入: n-像元中树的密度(REAL), A-传感器视场或像元尺度的覆盖区的面积(REAL), thetv-观察顶角(REAL), thets-日照顶角(REAL) | 输出: Cvs-观察方向及日照方向上的树冠覆盖率(NODE)",,Canopy Coverage In Viewing Direction And Sunlight Direction
1168,e5356e5bd140a5eb7c4f4f8d734bce4b,FLIM模型,,a82098db-0ae1-476a-a2e3-28c672f4f61e,"输入: Rc-均匀且无穷厚的森林冠层的反射系数(REAL), C-树冠因子(REAL), Rg-均匀且无穷厚的地面层植被的反射系数(REAL), G-地面因子(REAL) | 输出: R-景观的反射系数(REAL)",,FLIM Model
1169,1dfeba962a2749c7e27de1a789ff8b76,综合相近指数pk模型,,29f90a54-ba68-4a21-a9c7-5fd18631b9e1,"输入:  pij-相近指数(REAL_ARRAY), a-属性的个数(INT) | 输出: pk-综合相近指数(REAL)",,Comprehensive Similarity Index Pk Model
1170,537781965f2d93110d1e02ea26d24de8,相近指数pij模型,,8201a66e-7fcd-4707-af79-bac02e418c6d,"输入:  mi-将要分类的集合中第i个属性具有值s的个体数目(REAL_ARRAY), s-所有比值j在第i个属性(INT), ri-属性值(INT) | 输出: pij-相近指数(REAL)",,Similarity Index Pij Model
1171,19fef9554b512ecb4939ed9621b1a93f,城市用地信息提取,,8e5cc22a-05a7-4f90-ab14-80eeb08944f1,"输入: pikX-迭代第k-1次后像元X属于i类的概率(REAL),  pixr-pixr(REAL_ARRAY),  pjkX-pjkX(REAL_ARRAY),  pjXr-迭代第k-1次后像元X属于j类的概率(REAL_ARRAY), j-j(INT) | 输出: pik1x-迭代第k次后像元X属于i类的概率(REAL)",,Urban Land Information Extraction
1172,19d28051935a524cefdbd9ca4587c206,信号S在不同尺度近似时丢失的信息,,3df8dab3-6a65-4823-aee2-d1cc2767e219,"输入:  g-高通滤波器(REAL_ARRAY),  Sm1-m-1层的信号(REAL_ARRAY), k-k(INT), n-n(INT) | 输出: Cm-信号S在不同尺度近似时丢失的信息(REAL)",,Information Lost When Approximating Signal S At Different Scales
1173,5d66cd1109d5eefa389b55c1d38c935a,信号的多尺度分析,,9131ca2a-9bed-4ef8-9b1b-6d0b67619431,"输入:  h-低通滤波器(REAL_ARRAY),  Sm1-m-1层的信号(REAL_ARRAY), k-k(INT), n-n(INT) | 输出: Sm-m层的信号(REAL)",,Multiscale Analysis Of Signals
1174,5fc3a7b749607d572d3dc70db60cf4fc,相位差图像的信噪比SNR模型,,6f505db5-9430-4e4a-83a4-94e53169ebee,"输入: fmax-fmax(REAL),  fij-fij(REAL_ARRAY), n-n(INT) | 输出: SNR-相位差图像的信噪比(REAL)",,Signal-To-Noise Ratio SNR Model For Phase Difference Images
1175,278fc87cb879a4187e5eca09866642bd,加权融合过程模型,,72913208-3ee5-412f-8e3e-a05ee4df51c2,"输入: A-A(REAL), PiIi-PiIi(REAL), PjIj-PjIj(REAL), B-B(REAL) | 输出: Iij-加权融合(REAL)",,Weighted Fusion Process Model
1176,645d87f868430dbaccc99a0f1b4f3db0,BRDF订正环的收敛性模型,,46f4fbbe-4596-4f40-a76a-7dbf8f5a9206,"输入: epsilon-误差(REAL), tdd1-tdd1(REAL), tdd2-tdd2(REAL), kff-kff(REAL), rouff-地表的半径反射率(REAL), routoa-传输器在大气顶部观察到的反射率(REAL), roudd-阳光进入大气顶部后，向传输器方向的路径散射发射率(REAL), T1-大气的向下传输矩阵(REAL), K1-K1(REAL), T2-大气的向上传输矩阵(REAL) | 输出: epsilon1-BRDF订正环的收敛性(REAL)",,Convergence Model Of BRDF Correction Ring
1177,2b7dc5a1bb9cea6d85d501a16203953e,误差模型,,31118886-7557-419e-92f4-8006c5556f13,"输入: Rdd-二项性反射(REAL), r1-朗伯假定反射率(REAL) | 输出: epsilon-误差(REAL)",,Error Model
1178,e06dd73f5c67e9ba4f4a916de6d96e19,大气订正模型,,4fa87c18-ab05-48b1-976b-20ee64c1de8e,"输入: Rdd-二项性反射(REAL), T1-大气的向下传输矩阵(REAL), I-2(REAL), T2-大气的向上传输矩阵(REAL), deltaR-deltaR(REAL), rouff-地表的半径反射率(REAL), deltaRff-deltaRff(REAL) | 输出: AAM-大气订正(REAL)",,Atmospheric Revised Model
1179,11564114ff4baffd53f0b32f2b9ef151,朗伯假定反射率,,978025ad-4f8a-44eb-a110-b208b2e4fc65,"输入: routoa-传输器在大气顶部观察到的反射率(REAL), roudd-阳光进入大气顶部后，向传输器方向的路径散射发射率(REAL), rouff-地表散射光向上遭遇大气的路径反射(REAL), T1-大气的向下传输矩阵(REAL), T2-大气的向上传输矩阵(REAL) | 输出: r1-朗伯假定反射率(REAL)",,Lambert Assumed Reflectivity
1180,596573ffb3bbd0a9e4ced971a0667a74,考虑地表BRDF的大气订正模型,,8b5cd7ae-c70d-4154-aba5-f8886b363b09,"输入: roudd-阳光进入大气顶部后，向传输器方向的路径散射发射率(REAL), rouff-地表散射光向上遭遇大气的路径反射(REAL), T1-大气的向下传输矩阵(REAL), T2-大气的向上传输矩阵(REAL), I-2(REAL), r1-朗伯假定反射率(REAL) | 输出: routoa-传输器在大气顶部观察到的反射率(REAL)",,Atmospheric Revised Model Considering Surface BRDF
1181,3b155622dfeb23cc2f55d32dee937f80,透过率模型,,a6d4cf1c-1a92-463c-96de-d99b691536ce,"输入: kwa-水汽吸收系数(REAL), w-水汽总量(REAL), mr-标准压力下大气质量(REAL) | 输出: Tauwa-透过率(REAL)",,Transmittance Model
1182,7d0e5ff7b0b2ab014ac09a360b012f75,改良K——均值自适应滤波模型,,8a091b0e-ec41-4431-a6a3-bb77aaf17b62,"输入: Vloc-平滑模板中像元值的方差(INT), Vmin-整个研究区域最小方差值(INT), Vmax-整个研究区域最大方差值(INT), n-n的平方为平滑模板的大小(INT),  DN-平滑模板内各像元的原始灰度值(REAL_ARRAY) | 输出: Ri-平滑处理后的像元灰度值(INT)",,Improved K - Mean Adaptive Filtering Model
1183,64a430d55db1cd086a179bfcf4932a16,Lee自适应滤波模型,,05b0fb65-be43-4c00-aa5d-7600a85713c9,"输入: SD-平滑模板内的噪声标准差(REAL), I-平滑模板中像元值的均值(REAL), U-相乘噪声的均值(REAL), V-平滑模板中像元值的方差(REAL), CP-平滑模板中心点像元灰度值(REAL) | 输出: R-平滑处理后的像元灰度值(REAL)",,Lee Adaptive Filtering Model
1184,c577687fd8ec462ce705c3f5b4067dd9,渍害田土壤温度变化模型,,15c5ef28-6170-408c-b9bb-87eb562490cc,"输入: z-深度(REAL), t-时刻(REAL) | 输出: T-土壤温度(REAL)",,Soil Temperature Change Model Of Stained Fields
1185,77661c22b1f4b0c42e94fed1ed50593a,土壤热惯量Pj与含水量Wj模型,,a11e39a9-b179-41cb-8024-b3bcbe686451,"输入:  Rn-净辐射通量(REAL_ARRAY),  ksi-显热通量比(REAL_ARRAY),  thet-显热通量与净辐射通量的比值(REAL_ARRAY),  eta-eta(REAL_ARRAY),  delta-delta(REAL_ARRAY), t1-时间(INT), t2-时间(INT), T2-时间(REAL), T1-时间(REAL),  LE0-潜热通量(REAL_ARRAY), W-某种土壤的调萎系数(REAL), Wf-某种土壤的田间持水量(REAL), k-待定系数(REAL), u-待定系数(REAL) | 输出: PW-第j像元的土壤热惯量与含水量(NODE)",,Soil Thermal Inertia Pj And Water Content Wj Model
1186,3113843bd5cad618c96c49966e199dce,生物物理参数的反演算法,,41477629-c092-45ab-b954-b33feca7367f,"输入: M-解释性变量(REAL), delta-delta(REAL) | 输出: Y-生物物理参数的反演算法(REAL)",,Inversion Algorithm For Biophysical Parameters
1187,1f253fa2f866bb2526bb2249896d2eb4,SAVR法分维估计值D2模型,,2b77f416-a55e-46a4-91b6-a4b920af26fd,"输入: D2-2方向的分维估计量(REAL), V-V(REAL), r1-r1(REAL), c-c(REAL) | 输出: SAVR-SAVR法分维估计值D2(REAL)",,SAVR Method Fractal Dimension Estimate D2 Model
1188,9280be36c55e23fe679e66e49284f546,Kappa检验统计可转换为标准正交分Z,,09b79d56-0d47-4c0a-9f75-d6ec841d4829,"输入: K-Kappa统计估计值(REAL), sek-Kappa统计的标准误差(REAL) | 输出: Z-Kappa检验统计可转换为标准正交分(REAL)",,The Kappa Test Statistic Can Be Converted To The Standard Orthogonal Score Z
1189,62b4aa89030823ae76f3b78ab5f92f8b,Kappa统计的标准误差,,0abf69b2-915b-4960-9843-da03cd4f8465,"输入: po-总的一致性(REAL), pe-总的期望一致性(REAL),  p1-边界部分(REAL_ARRAY),  p2-边界部分(REAL_ARRAY), k-矩阵的行数(INT), n-n(INT) | 输出: sek-Kappa统计的标准误差(REAL)",,Standard Error Of Kappa Statistic
1190,97ad4e77e37e3a7e0b6ceeb50cdc82b3,Kappa统计估计值,,bb20180f-73e2-4d62-b6f8-25673a9e33bb,"输入: po-总的一致性(REAL), pe-总的期望一致性(REAL) | 输出: K-Kappa统计估计值(REAL)",,Kappa Statistical Estimate
1191,d6b57b782376af510efd36a8bcaaf57b,总的期望一致性,,0a0e3188-0727-4e94-923f-ea72e18569c0,"输入:  p1-边界部分(REAL_ARRAY),  p2-边界部分(REAL_ARRAY), k-矩阵的行数(INT) | 输出: pe-总的期望一致性(REAL)",,Overall Expected Consistency
1192,adfca56adf36d6fd6f64221544c246bf,总的一致性,,a80e6395-1ada-45a5-8312-943686602425,"输入:  pii-误差矩阵的对角元pii(REAL_ARRAY), k-矩阵的行数(INT) | 输出: po-总的一致性(REAL)",,Overall Consistency
1193,5c23c26dc91fc9dd0342a5a984396a79,SFCM算法,,a9044de2-f03d-46ba-b5b2-6e0ccc16cc59,"输入:  ujk-ujk(REAL_ARRAY), uik-uik(REAL), c-c(INT) | 输出: uikb-返回值(REAL)",,SFCM Algorithm
1194,a2f0716ec4e21594168ffaf1d45cc3d3,致密植被覆盖表面,,264a4471-1f4f-441e-b7ad-8a839bfaab98,"输入: R2-土壤和冠层在红外波段的反射率(REAL), R1-土壤和冠层在可见光的反射率(REAL), a-参数(REAL), b-参数(REAL), r2-近红外辐射中当ILa趋于无穷的反射率(REAL), r1-可见光辐射中当ILa趋于无穷的反射率(REAL) | 输出: f-致密植被覆盖表面表面(REAL)",,Dense Vegetation Covers The Surface
1195,59600b37fd63f0eace92ff747780cd02,叶植被指数VL定义,,8b1eee85-50df-4967-a95a-4705d004aa9d,"输入: c2-参数(REAL), Ila-均匀区域上植被覆盖的叶面积指数(REAL) | 输出: VL-叶植被指数(REAL)",,Leaf Vegetation Index VL Definition
1196,f39db5ddf7ed9c64d1aa35ba335f72b0,均匀区域上植被覆盖的叶面积指数,,6fa5bf06-9256-4624-9a33-a703ad17a72c,"输入: r1-可见光辐射中当ILa趋于无穷的反射率(REAL), r2-近红外辐射中当ILa趋于无穷的反射率(REAL), R1-土壤和冠层在可见光的反射率(REAL), R2-土壤和冠层在红外波段的反射率(REAL), a-参数(REAL), b-参数(REAL), c2-参数(REAL) | 输出: Ila-均匀区域上植被覆盖的叶面积指数(REAL)",,Leaf Area Index Of Vegetation Coverage Over A Uniform Area
1197,b24c1bf7485e48e73a6052b1489cf556,概率转换矩阵T,,0382e877-eacb-4268-93b4-81cbf3973050,"输入: R-对角线矩阵(REAL), Ec-修正的误差矩阵(REAL) | 输出: T-概率转换矩阵(REAL)",,Probability Transformation Matrix T
1198,32cadbd668130db5d738b5f48bf921b0,最大似然理论允许对每一个未知像素赋予一个其属于某个类的概率P,,a2ace400-296e-4cc1-943f-48bba677213f,"输入: C-相应类别的方差-协方差矩阵(REAL), M-相应类别的平均矢量(REAL), X-像素对应矢量(REAL), n-测量变量的数目(INT) | 输出: P-最大似然理论允许对每一个未知像素赋予一个其属于某个类的概率(REAL)",,Maximum Likelihood Theory Allows Each Unknown Pixel To Be Assigned A Probability P That It Belongs To A Certain Class
1199,38edd606126158ee140ec9c25b3e5210,来自冠壁的荫蔽部和光照部的辐射,,88a79d33-1ed3-4a9e-ba77-b44d00b54d0e,"输入: deltaw-冠壁的发射率(REAL), L0-地面荫蔽部的普朗克辐射函数(REAL), deltag-地面的发射率(REAL), G1-从地面的荫蔽部到达冠壁荫蔽部的比例形状因子(REAL), G2-从地面的光照部到达冠壁荫蔽部的比例形状因子(REAL), G3-从地面的荫蔽部到达冠壁光照部的比例形状因子(REAL), G4-从地面的光照部到达冠壁光照部的比例形状因子(REAL), F1-表示一个冠壁的辐射到底相邻冠壁的比例的项(REAL) | 输出: L-来自冠壁的荫蔽部和光照部的辐射(NODE)",,Radiation From The Shaded And Illuminated Parts Of The Crown Wall
1200,7152c6671e72bf5a1c95facdfd9d983f,来自地面的荫蔽部和光照部的辐射,,01a70d5d-31e4-49e4-b0ff-efd88eb20333,"输入: deltag-地面的发射率(REAL), L0-地面荫蔽部的普朗克辐射函数(REAL), deltaw-冠壁的发射率(REAL), F1-从冠壁的荫蔽部到达地面荫蔽部的比例形状因子(REAL), F2-从冠壁的光照部到达地面荫蔽部的比例形状因子(REAL), F3-从冠壁的荫蔽部到达地面光照部的比例形状因子(REAL), F4-从冠壁的光照部到达地面光照部的比例形状因子(REAL) | 输出: L-来自地面的荫蔽部和光照部的辐射(NODE)",,Radiation From The Shaded And Illuminated Parts Of The Ground
1201,b3e9be17a51e2d49b02bc4538d6b456a,来自顶部的辐射,,34b1c2b6-4d77-42f2-8931-bb590f248e46,"输入: delta-顶部的发射率(REAL), L0-顶部温度的普朗克辐射函数(REAL) | 输出: Lt-顶部的辐射(REAL)",,Radiation From The Top
1202,8dc412380f3088239d98fe03f9cc7877,传感器的辐射,,741a9f14-5435-4d59-b64f-f2765ec0c4d4,"输入: Lt-顶部的辐射(REAL), Lg1-地面的荫蔽部(REAL), Lg2-地面的光照部(REAL), Lw1-冠壁的荫蔽部(REAL), Lw2-冠壁的光照部(REAL), Pt-顶部所占比例(REAL), Pg1-冠壁的荫蔽部所占比例(REAL), Pg2-地面的荫蔽部所占比例(REAL), Pw1-地面的光照部所占比例(REAL), Pw2-冠壁的光照部所占比例(REAL) | 输出: L-传感器的辐射(REAL)",,Sensor Radiation
1203,88b42305b9ef8b6ca753cdf3e866d5ee,修正的最大似然分类法,,d27fe822-5c66-4a62-b206-ded53d743d3a,"输入: X-数据谱段中考察像素相应的数据矢量(REAL), M-类型i在所有数据谱段上的平均矢量(REAL), C-类型i的方差-协方差矩阵(REAL), Opij-类型i相对于类型j的忽略误差概率(REAL), Cpij-类型i相对于类型j的委托误差概率(REAL) | 输出: F-判别函数(REAL)",,Modified Maximum Likelihood Classification Method
1204,bf82fab7cfbfa4f7c8285a3c13bcea3d,最大似然等效于使判别函数最小化,,f4cd242e-cd80-4dd0-9e25-a34c0f669232,"输入: X-数据谱段中考察像素相应的数据矢量(REAL), M-类型i在所有数据谱段上的平均矢量(REAL), C-类型i的方差-协方差矩阵(REAL), P-某类型中某个元素的修正判别的优先概率(REAL) | 输出: F-判别函数(REAL)",,Maximum Likelihood Is Equivalent To Minimizing The Discriminant Function
1205,0842dd909ee4f3722e5a9a64c7293c62,类型i相对于类型j的忽略误差概率,,4d0f71a2-cccd-4892-b7fd-291d7db6b218,"输入: Eji-Eji(REAL), Eii-Eii(REAL) | 输出: Opji-类型i相对于类型j的忽略误差概率(REAL)",,Neglected Error Probability Of Type I Relative To Type J
1206,a3ef5751ba0faa9c4c2748202097f8b1,类型i相对于类型j的委托误差概率,,4e583183-05c1-45c1-8365-2c5a4a4f64a7,"输入: Eij-Eij(REAL), Eii-Eii(REAL) | 输出: Cpij-类型i相对于类型j的委托误差概率(REAL)",,The Commission Error Probability Of Type I Relative To Type J
1207,50544b81839aec7716395f1153f39c49,最大似然度法的判别函数,,57607ccd-5c28-4ef0-b14d-fbfcfc97db95,"输入: X-数据谱段中考察像素相应的数据矢量(REAL), M-类型i在所有数据谱段上的平均矢量(REAL), C-类型i的方差-协方差矩阵(REAL) | 输出: F-判别函数(REAL)",,Discriminant Function Of Maximum Likelihood Method
1208,756c35bc70c2d87a71f8a1ae3499fc0a,加权绝对灰差和图像的像元dij模型,,fc7a6286-37d1-4f93-b961-0efae256315b,"输入:  a-加权系数(REAL_ARRAY),  f-左图像的像元灰度值(REAL_ARRAY),  g-右图像的像元灰度值(REAL_ARRAY) | 输出: dij-图像的像元(REAL)",,Weighted Absolute Gray Difference And Pixel Dij Model Of Image
1209,c29d9341020b529b8ab5429dc70c24d5,垂直和水平接边的灰差和模型,,7a8a18c5-2da8-4b7f-bb26-3d17510f7560,"输入:  dj-第j列的值(REAL_ARRAY),  dk-第k行的值(REAL_ARRAY), u-取值范围(INT) | 输出: VHk-垂直和水平接边的灰差和(NODE)",,Gray Difference Sum Model Of Vertical And Horizontal Edges
1210,b932d675403d0d5ed6c6cbdc02b37705,权重因子修正,,a0cfb07d-ceb6-4f59-bcec-0ba8c638b189,"输入: aj-标准权重因子(REAL), Sj-像素j的确定性指标(REAL),  a-像素i的邻近的标准权重因子(REAL_ARRAY),  S-像素i的邻近的确定性指标(REAL_ARRAY), n-像素值(INT) | 输出: wij-权重因子(REAL)",,Weight Factor Correction
1211,8373c127719f7ee89761099aea753149,概率松弛方法,,bddd4d23-a6fc-479f-898d-e1cc82f13d6b,"输入: pikc-像素i属于类别C的概率(REAL), qikc-校正因子(REAL),  pikcj-像素i属于类别cj的概率(REAL_ARRAY),  qikcj-校正因子(REAL_ARRAY), m-m个类别(INT) | 输出: pik1c-像素i属于类别c的第k+1次迭代的概率(REAL)",,Probabilistic Relaxation Method
1212,64997454e1b8ec6e43e1c8b1d32bad31,自相关纹理特征抽取,,0875274e-a76d-493f-b2a6-ab31e8f69f3b,"输入:  x-x(REAL_ARRAY), n-n(INT), i-i(INT) | 输出: alpha-自相关系数(REAL)",,Autocorrelation Texture Feature Extraction
1213,323e6cacab37c90058c747f4675237f1,回归模型的假设检验,,71cf3f39-b7b6-4f5d-9b13-07819797ebf5,"输入: S1-剩余平方和(REAL), S2-回归平方和(REAL) | 输出: S-x的总偏差平方和(REAL)",,Hypothesis Testing Of Regression Models
1214,90a27c00e4623602ea76bec000796674,土壤投影亮度模型,,412dfd4a-a52a-4a53-a571-886add56dd5d,"输入: BF-BF(REAL), GF-实验过程中通过PAV的绿度(REAL), G-土壤亮度(REAL), B-植被绿度(REAL), GT-绿度值值域(REAL) | 输出: default_N-PSB(REAL)",,Soil Projected Brightness Model
1215,5aa176c3415005e1ad579c4bdfccac45,植被绿度指数模型,,e0f3b79d-0079-4778-a14a-7f715f8e8e1a,"输入:  R2-KL变换阵的元素(REAL_ARRAY),  X-4个波段的原始光谱值(REAL_ARRAY) | 输出: VGI-植被绿度指数(REAL)",,Vegetation Greenness Index Model
1216,23aa7c4bc8074f3ff5ce7aeb36669a1b,土壤亮度指数模型,,68594455-a1b3-473f-8e22-636330a2ac0a,"输入:  R1-KL变换阵的元素(REAL_ARRAY),  X-4个波段的原始光谱值(REAL_ARRAY) | 输出: SBI-土壤亮度指数(REAL)",,Soil Brightness Index Model
1217,e02a4c837d4a7100e7e308a71a5a60c3,绿色因子的计算模型,,966092a3-c507-4fed-8fbb-4849e86ff415,"输入: rou-土壤的绿色因子(REAL), roum-绿色因子的最大值(REAL), t0-农作物出土时间(REAL), beltae-beltae(REAL), alpha-alpha(REAL), t-t(REAL), belta-belta(REAL) | 输出: rout-绿色因子(REAL)",,Calculation Model Of Green Factor
1218,593186bec6f4694f5ab58b0061d04a7b,全流域径流量R模型,,c3926d76-dbe8-48dc-9505-8b4f4c14cc1b,"输入:  P-实测流域面雨量(REAL_ARRAY),  alpha-径流系数(REAL_ARRAY),  F-产量面积(REAL_ARRAY), i-区域(INT) | 输出: R-全流域径流量(REAL)",,R Model Of Whole Basin Runoff
1219,24339a12691c4a6539c39b5b9e779f77,光谱密度函数,,4b278b11-036a-4029-81a0-74e61e2bafe1,"输入: G-林地光谱密度向量(REAL), CA-林地各光谱密度的协方差矩阵(REAL), CA1-林地各光谱密度的协方差矩阵的逆矩阵(REAL), GA2-林地的四维向量均值(REAL), T-G-GA2的转置矩阵符(REAL), n-光谱密度向量G的维数(INT) | 输出: MG-林地光谱密度向量的概率密度函数(REAL)",,Spectral Density Function
1220,424b68f477aab36194c43e6490fc2a44,最小距离分类的欧几里得距离判别公式,,766b85b9-d781-43d2-b2b1-eb222c394abf,"输入:  Xij-待测像元i的第j波段的密度(REAL_ARRAY),  Xkj-已知类的第j波段的均值(REAL_ARRAY), n-波段数(INT) | 输出: D-待测像元j与已知类k之间的距离(REAL)",,Euclidean Distance Discriminant Formula For Minimum Distance Classification
1221,4d4816acaa97f3a79514560faf83ba83,局部增强公式,,1aade0db-780b-4ca4-9476-35093523dfcf,"输入: S1-期望的标准偏差(REAL), S-局部标准偏差(REAL), M-局部平均值(REAL), M1-期望的平均值(REAL), MAX-最大增益(REAL), A-管理滤波器均值移动的参数(REAL), X-给定点位置的原始像元值(REAL) | 输出: X1-局部增强(REAL)",,Local Enhancement Formula
1222,5ab4312b7235d8d35c4a662d8a23d9f8,灰度扩展公式,,7ffe40db-e615-4658-9e5c-8be0e19b4d18,"输入: X-原始影像密度值(REAL), Xmin-该波段内的原始密度最小值(REAL), Xmax-该波段内的原始密度最大值(REAL) | 输出: X1-线性扩展后的影像密度值(REAL)",,Gray Scale Expansion Formula
1223,b7ed89c7342a2363d59968eff40beb36,光谱参数Ipv模型,,5c56bc7a-f0e7-4a7c-a11b-dda60d345b23,"输入: rouR-红光波段混合光谱反射率(REAL), rouIR-近红外波段混合光谱反射率(REAL), thet-角度(REAL) | 输出: Ipv-光谱参数(REAL)",,Spectral Parameter Ipv Model
1224,2e9181d50251ef88b0b4cc2d7a30a7d3,冬小麦的反射率模型,,5edea8da-beb7-4f3e-8aae-a1fe6369860b,"输入: V1-V1(REAL), V0-V0(REAL), rou0-rou0(REAL) | 输出: rou1-冬小麦的反射率(REAL)",,Reflectance Model For Winter Wheat
1225,84f5e1003e586bb3cfb06afccdd967f2,地理数据年降水量的采集与推求,,08092524-3b02-4da5-8d87-31e152c13cc0,"输入: h-格网单元的高程值(REAL), h0-参考点高程值(REAL), j-各格网单元的纬向排列序数(REAL) | 输出: Fij-年降水量(REAL)",,Collection And Inference Of Annual Precipitation From Geographic Data
1226,d42cc23e337e58a01a3fe5f8c2688461,地理数据积温的采集与推求,,446fb215-8c8f-4cc6-9507-2c45cde87aad,"输入: h-格网单元的高程值(REAL), h0-参考点高程值(REAL), i-各格网单元的经向排列序数(INT) | 输出: Aij-积温(REAL)",,Collection And Inference Of Accumulated Temperature Of Geographical Data
1227,c7bb1f5aaed978eaaaccee7722b6387f,两种信息复合的设计,,eaf5cc05-6c50-4b04-b1ce-c38b9502ec57,"输入: R-遥感信息(REAL), G-地理信息(REAL) | 输出: S-两种信息的复合(REAL)",,The Design Of Combining Two Kinds Of Information
1228,47c63edbbd44e8b28affb84da882b1c8,像元遥感数据的改进模型,,137a16c6-c7b2-452d-aff9-d48e9fd04c7f,"输入: DN-像元遥感数据(REAL), DNA-DNA(REAL), DR-像元Pij邻坡反射辐射的遥感数值(REAL), L-水平地表上天空散射光与直射光强度之比(REAL), F-直射光改正系数(REAL), G-天空光改正系数(REAL) | 输出: DN1-像元遥感数据的改进(REAL)",,Improved Model For Pixel Remote Sensing Data
1229,3aaabf56575cc383b79b75acd91aaa5b,卫星像元地面反射率的反演模型,,7ee0d860-7787-43f9-b020-f4e94f97d4be,"输入: DN-像元遥感数据(REAL), DA-大气程辐射遥感值(REAL), Tau-像元大气光谱透过率(REAL), L-水平地表上天空散射光与直射光强度之比(REAL), K-直射光改正系数(REAL), H-地面光谱辐照度(REAL), G-天空光改正系数(REAL) | 输出: gamma-参数(REAL)",,Inversion Model Of Satellite Pixel Ground Reflectance
1230,c69af86596243299bf2cd1c60a2facf9,变化向量的变化强度模型,,0cd28274-cc56-442f-81f9-12b468e85b8d,"输入:  G-时相t1图像的像元灰级矢量(REAL_ARRAY),  H-时相t2图像的像元灰级矢量(REAL_ARRAY), k-像元个数(INT) | 输出: deltaG-变化向量的变化强度模型(REAL)",,Change Intensity Model Of Change Vector
1231,fdf5d4ea3a5e857dd0d1f5822b134123,线性回归模型,,e6fd51cd-98bd-4d5d-a9a8-df8d37d354c2,输入: Ic-归一化植被指数(REAL) | 输出: Vc-植被覆盖度(REAL),,Linear Regression Model
1232,7c918684e0c79692280a1d26404acf06,小地物间多向散射的函数,,5207a1b2-faa5-4738-91b7-dcb8286ac078,"输入: i-入射角(REAL), w-均值SSA(REAL) | 输出: H-小地物间多向散射的函数(REAL)",,Function Of Multidirectional Scattering Between Small Objects
1233,c3e2b543033bc9d3c0a67edf79361385,二向反射SSA值,,1ba53900-75c5-4ba1-8d8d-2fc203541cf7,"输入: w-均值SSA(REAL), i-入射角(REAL), H-cosi为自变量的小地物间多向散射的函数(REAL), H0-sini为自变量的小地物间多向散射的函数(REAL) | 输出: R-二向反射SSA值(REAL)",,Two-Way Reflection SSA Value
1234,846418e26ea17b09526f32fdc4eb26a4,均值SSA,,492c6619-01f9-470f-9e92-bd6661c4d029,"输入:  w-某端元组分的均值SSA(REAL_ARRAY),  F-j端元组分相关几何横截面(REAL_ARRAY), n-端元组分数目(INT) | 输出: W1-均值SSA(REAL)",,Mean SSA
1235,d047674763f780a50bb87904f5f65268,像元反射值模型,,784929a6-8946-48ce-b707-8b8f22e8c982,"输入:  a-第i波段该像元第j端元组分反射值(REAL_ARRAY),  x-该像元第j端元组分的丰度(REAL_ARRAY), e1-第i光谱波段误差项(REAL), n-像元内段元组分数目(INT) | 输出: r-第i波段像元的反射值(REAL)",,Pixel Reflectance Value Model
1236,578dc3207c16310709cdbaebc42f4c0b,显热通量可以用湍流形式表现,,1215658b-979e-4531-8c0d-3ec566dc67d1,"输入: roucp-空气的体积热容量(REAL), Ta-参考高度处的空气温度(REAL), Tc-蒸发散表面温度(REAL), ra-空气动力学阻抗(REAL) | 输出: H-显热通量(REAL)",,Sensible Heat Flux Can Be Expressed In The Form Of Turbulent Flow
1237,60bb2634ffaf1fd199b15de539ea0f5e,G的计算公式,,4255c296-c0d3-4af0-9465-89e2754505c6,"输入: T0-T0(REAL), alpha-alpha(REAL), Indv-归一化植被指数(REAL), Rn-地表辐射(REAL) | 输出: G-G的值(NODE)",,Calculation Formula Of G
1238,4bfe81cd52933c409010aa239306d433,行星反照率与地表反照率回归方程,,997a05c5-c912-43ae-9e3b-b4d79a8aca4b,输入: alpha-地表反照率(REAL) | 输出: alphap-行星反照率(REAL),,Planetary Albedo And Surface Albedo Regression Equation
1239,c08970d9250985f699c89c9b0d3f69f2,地表的辐射平衡方程,,56637607-3619-4d7a-b354-f6d98a89a3ce,"输入: Q-太阳总辐射(REAL), alpha-地表反射率(REAL), ALR-大气长波辐射(REAL), SLR-地表长波辐射(REAL) | 输出: Rn-地表辐射平衡方程(REAL)",,The Radiation Balance Equation Of The Earth's Surface
1240,fffb7298dd969869c6eb4266dc3e8f3b,日蒸发散量与任一时刻的蒸发散量存在的正弦关系,,7e1305f0-97c2-4ffb-841c-d8fdead634e7,输入: Ne-日蒸发散时数(REAL) | 输出: P-日蒸发散量与任一时刻的蒸发散量的正弦关系(REAL),,The Sinusoidal Relationship Between Daily Evaporation And Evaporation At Any Time
1241,086bc7b0c4de583b8070e9b741b87325,植被覆盖区和裸露土壤区所占比例,,8bcd75ec-956f-44f0-b58a-04f93f590774,"输入: f-像元中植被覆盖度(REAL), Eg-植被覆盖区蒸散量(REAL), E0-裸露土壤蒸发量(REAL) | 输出: E-植被覆盖区和裸露土壤区所占比例(REAL)",,Proportion Of Vegetation Coverage Area And Bare Soil Area
1242,08bac60027b3bb92c95dec3dd5d93d36,地表热量平衡方程表达式,,1fe40b9e-e118-4c68-b855-eff4e1460cb2,"输入: LE-潜热通量(REAL), H-显热通量(REAL), G-土壤热通量(REAL), PH-用于植被光和作用和生物量增加的能量(REAL) | 输出: Rn-净辐射(REAL)",,Surface Heat Balance Equation Expression
1243,afa4223983934403e5c0262a4766b50f,影像的压缩比R模型,,c1cd41f4-099e-491f-aacc-8648a5090ab8,"输入: m-原始影像的大小(REAL), M-压缩影像的大小(REAL) | 输出: R-影像的压缩比(REAL)",,Image Compression Ratio R Model
1244,8bc71b671b2e8edb8f97dadc5b16965b,作物冠层的能量平衡方程,,ebd36582-620f-4cd8-88f4-09ad979af3e9,"输入: Rn-净辐射(REAL), G-冠层下面的土壤热通量(REAL), H-从冠层到空气的显热通量(REAL) | 输出: LE-从冠层到空气的潜热通量(REAL)",,Energy Balance Equation For Crop Canopy
1245,7faa76977ab9ed95ff45d8eee9bba4e0,变权的加权平均值模型,,f3ec105b-18d2-485e-b8aa-038827d81fc9,"输入: RL-当前重叠区内的像元到重叠区最右侧的距离(REAL), RR-当前重叠区内的像元到重叠区最左侧的距离(REAL), gR-重叠区右侧航带像元的灰度值(REAL), gL-重叠区左侧航带像元的灰度值(REAL) | 输出: goverlay-参数(REAL)",,Weighted Average Model With Variable Weights
1246,7d8b87cc9fbeb0f237ada3c78cc77e20,遥感器探测到的光谱反射率R模型,,b3edc036-8e72-432a-bb2e-6f5f0aa68c57,"输入: Rr-Rayleigh散射的贡献(REAL), Ra-气溶胶散射的贡献(REAL), Rw-水面光谱反射率(REAL), td-双程的臭氧透过率(REAL), toz-双程漫透过率(REAL) | 输出: R-光谱反射率(REAL)",,R Model Of Spectral Reflectance Detected By Remote Sensor
1247,e39f62721e907efd86c43c653ad56a09,遥感信息模型,,ba404b8d-2263-4f65-aec1-9d86738931b9,"输入:  a-地理系数(REAL_ARRAY),  P-经过量纲分析的地理相似准则(REAL_ARRAY), n-因子个数(INT) | 输出: Py-过量纲分析的地理相似准则(REAL)",,Remote Sensing Information Model
1248,bc267dddd70ad77218bd903bf16ed072,逻辑斯蒂曲线方程,,be38a422-b481-443d-843a-3e13a54b71d9,"输入: a-系数(REAL), b-回归系数(REAL), x-树冠直径(REAL) | 输出: y-冠高(REAL)",,Logistic Curve Equation
1249,c121444c2aa6c9585f6f854e17159b78,构造遥感数据向量的角度关系模型,,fd944b6e-b62d-4aca-ad9b-22e4483754f3,"输入: xy-两个非零向量xy的夹角(REAL), absx-向量x的值(REAL), absy-向量y的值(REAL) | 输出: phi-角度(REAL)",,Constructing The Angle Relationship Model Of Remote Sensing Data Vectors
1250,237e6779902a8df1ac40dbf10b835065,Kappa系数模型,,0e4617c7-c541-4f10-9bca-94e127c5abeb,"输入: r1-误差矩阵的行数(INT),  x-第i行i列的值(REAL_ARRAY),  x1-第i行的和(REAL_ARRAY),  x2-第i列的和(REAL_ARRAY), N-样点总数(INT) | 输出: K-kappa系数(REAL)",,Kappa Coefficient Model
1251,72c61e14e638f5dd5ff9ebc14f53f5d8,包含土地利用变化波谱信息的差值图像模型,,ed278075-3b26-46ac-ab58-e78b3c438a1d,"输入: Bt1-t1时相N波段遥感图像数据(REAL), Bt2-t2时相N波段遥感图像数据(REAL) | 输出: D-差值图像(REAL)",,Difference Image Model Containing Spectral Information Of Land Use Changes
1252,747aeb0a99ebb45820e217d91cf360ad,近红外光的多重散射,,009a4a05-276d-4b71-8dca-bc78f3a61c35,"输入: w-二倍叶片反射率(REAL), E-太阳辐射通量密度(REAL), i-入射角(REAL), e1-出射角(REAL), alpha-相角(REAL), k-参数(REAL) | 输出: L-近红外光的多重散射(REAL)",,Multiple Scattering Of Near-Infrared Light
1253,aa933f23a71ab86a4cf8006f9929815a,假设叶片的方位随机分布，对可见光的辐射,,09e20e34-1bd8-48c8-bbea-d0a0cae5bf8d,"输入: w-二倍叶片反射率(REAL), E-太阳辐射通量密度(REAL), i-入射角(REAL), e1-出射角(REAL), alpha-相角(REAL), k-参数(REAL) | 输出: L-厚植被冠层的辐射(REAL)",,"Assuming That The Orientation Of The Leaves Is Randomly Distributed, The Radiation Of Visible Light"
1254,e18d7d5ab4d321a82c8092482cfcf974,热点函数，针对冠层表面的互遮蔽性质对S加以修正,,5b72b26f-99e9-46ce-95e8-98ad4a3785aa,"输入: alpha-相角(REAL), h-控制热点宽度的常数(REAL), i-入射角(REAL) | 输出: M-热点函数(REAL)",,Hot Spot Function That Corrects S For The Mutual Shading Properties Of The Canopy Surface
1255,5a4e6fd7e0c74c8e8a84acc4e8bb16bd,阳光照射的叶片的平均辐射,,24b075a0-9fc6-4f6b-9edc-a03ac553c660,"输入: w-二倍叶片反射率(REAL), E-太阳辐射通量密度(REAL), alpha-相角(REAL) | 输出: M-阳光照射的叶片的平均辐射(REAL)",,Average Radiation Of Sunlit Leaves
1256,bbb08ad4f49042dab2259400a9aede5c,冠层中阳光照射的比例,,530bc78e-b67d-4bef-8118-4fbafd951bf4,"输入: i-入射角(REAL), sigmai-在入射方向的叶片投影面积(REAL), sigmae-在出射方向的叶片投影面积(REAL), e1-出射角(REAL) | 输出: S-冠层中阳光照射的比例(REAL)",,Proportion Of Sunlight In The Canopy
1257,0f62c0c7e8ac3aa0be44bcf399e99bfb,厚植被冠层的辐射,,1636c6b3-41ed-4f0d-ac86-d6ff32668bf1,"输入: S-冠层中阳光照射的比例，不包括互遮蔽部分(REAL), M-热点函数，针对冠层表面的互遮蔽性质对S加以修正(REAL), B-阳光照射的叶片的平均辐射(REAL) | 输出: L-厚植被冠层的辐射(REAL)",,Radiation From Thick Vegetation Canopies
1258,88de82cfdae24718784432af4d553662,改进的SFCVQ严肃哦编码,,91d0a3b4-ce40-4de6-80b7-5a3939cd9de0,"输入:  Y1-为Yij为1的实际光谱幅值(REAL_ARRAY),  Y0-为Yij为0的实际光谱幅值(REAL_ARRAY), N1-为Yij为1的个数(INT), N0-为Yij为0的个数(INT), m-个数(REAL), Nbm-个数(REAL) | 输出: E-压缩编码(NODE)",,Improved SFCVQ Serious Encoding
1259,a190f8939598aedeb47c4b17a46f5bdc,压缩比,,1af8ba0e-dbd6-4283-b45d-757a510da425,"输入: Q-光谱波段数(REAL), NN-所分的子块大小(REAL), k-保留的本征值的个数(REAL) | 输出: CR-压缩比(REAL)",,Compression Ratio
1260,e4e5ff2001159d4d0390f4c9d3ad73b8,海面尺度D模型,,81c5d580-282b-4334-a50f-a1c47a07d828,"输入: d-像元尺度(REAL), h-飞机飞行高度(REAL), f-相机焦距(REAL), x-像元距中心像元的距离(REAL), alpha-相机斜角(REAL), beta-像元距中心像元的角度(REAL) | 输出: D-海面尺度(REAL)",,Sea Surface Scale D Model
1261,db987fe22882166ecf3ddbd313fd1fc2,强度比,,ac98b75d-60de-46e2-b3cc-05f09ff11c76,"输入: delta-所统计的像元数量(REAL), epsilon-所统计的像元数量(REAL) | 输出: X-强度比(REAL)",,Intensity Ratio
1262,7ceed03ffcaa66af76081e8946ae12a1,回归校正模型,,b74621fc-05dc-4d13-8298-ab6a491cab14,"输入: AVHRR-AVHRR(REAL), a0-a0(REAL), a1-a1(REAL), a2-a2(REAL), a3-a3(REAL), S-曲线面积(REAL), D-空间分布维数(REAL), d-这个不规则多边形的分形维数(REAL), x1-x1(REAL), x2-x2(REAL), x3-x3(REAL), x-x(REAL), b0-b0(REAL), b1-b1(REAL) | 输出: y-回归校正值(NODE)",,Regression Correction Model
1263,083d5b77bba8f0d52f585a21f1526c0b,曲线面积S与长度L间的关系,,4d66afe4-c7bb-4673-b01b-5c345f774602,"输入: C-C(REAL), d-这个不规则多边形的分形维数(REAL), L-长度(REAL) | 输出: S-曲线面积(REAL)",,The Relationship Between The Curve Area S And The Length L
1264,c512cdd84cd64e8f1c775cb038c212ae,空间分布维数,,6ffd8b60-9d89-4413-9bc8-e0a6ff37f4da,"输入:  p-地类块大小(REAL_ARRAY), n-地类块数量(REAL) | 输出: D-空间分布维数(REAL)",,Spatial Distribution Dimension
1265,e1157f34c370a9c68ee95ac46f833db0,图像DN值与反射率关系模型,,346ecfbb-eb0d-4faa-9645-0da376b2e37d,"输入: R-反射率(REAL), k-待求解的系数(REAL), b-待求解的系数(REAL) | 输出: default_N-DN(REAL)",,Image DN Value And Reflectance Relationship Model
1266,645adb9392ca854223661b8747e371fd,新雪和陈雪温度反演模型,,ce8eab67-a370-4c17-bb89-6d0de625975b,"输入: A0-A0(REAL), P-与下垫面热状况和物理状态相关的参数(REAL), T4-第4通道亮温(REAL), T5-第5通道亮温(REAL), M-与下垫面热状况和物理状态相关的参数(REAL) | 输出: Ts-参数(NODE)",,New Snow And Old Snow Temperature Inversion Model
1267,49c5cf6988a6b6f465ed661ab513725b,Indv与不互易度的相关系数模型,,58aa8db5-f338-475a-9600-00349aab2b55,"输入: Cov-Indv与不互易度的协方差函数(REAL), VarIndv-Indv的方差函数(REAL), VarD-不互易度的方差函数(REAL) | 输出: f-Indv与不互易度的相关系数(REAL)",,Correlation Coefficient Model Between Indv And Disreciprocity
1268,aec391b1f79a662c4b145d901081c298,不互易性对计算Indv的影响,,cc452750-4d62-4f03-bc2c-c0564b45e113,"输入: R41-反射率(REAL), R42-反射率(REAL), R21-反射率(REAL), R22-反射率(REAL) | 输出: Indv-Indv值(REAL)",,The Impact Of Non-Reciprocity On The Calculation Of Indv
1269,1dbb37da60d73ebd221fb4955565f0c9,波段间不互易度的相关性模型,,3a1a1cae-8693-4a9e-8f27-669ad6102ab4,"输入: Covij-协方差函数(REAL), Vari-波段i的方差函数(REAL), Varj-波段j的方差函数(REAL) | 输出: Aij-波段间不互易度的相关性(REAL)",,Correlation Model Of Non-Reciprocity Between Bands
1270,6206a1aa71ba94c1bdb35d626b051de4,遥感数据中的不互易现象,,06853dc6-fa23-475d-a75e-e1901f5bdd20,"输入: R1-某反射率及不互易度的波段的反射率(REAL), R2-某反射率及不互易度的波段的反射率(REAL) | 输出: D-某波段的不互易度(REAL)",,Non-Reciprocity In Remote Sensing Data
1271,aea4b1cc7e7973ac8f0280dd1fb98e80,海水微波辐射亮温值（TB）模型,,0bde9899-3567-4c04-bcfc-96b6a7296a92,"输入: a-系数(REAL), b-系数(REAL), c-系数(REAL), d-海冰厚度(REAL), e1-辐射率(REAL) | 输出: TB-海水微波辐射亮温值(REAL)",,Seawater Microwave Radiation Brightness Temperature (TB) Model
1272,e06b808cf3966c1cfba266991b058ff1,穿透深度模型,,9a2687d1-7201-4d99-b65a-8fc4c7d84f6d,"输入: thetha1-介电常数的实部(REAL), thetha2-介电常数的虚部(REAL), rou-辐射波长(REAL) | 输出: delta-穿透深度(REAL)",,Penetration Depth Model
1273,4cba564ef3505345b7908489a0b70e93,基于生理视觉的静态边界模型,,8806d768-59e5-4f6a-a5cf-985953042c81,"输入:  h-h(REAL_ARRAY), k-方位(INT) | 输出: Oij-静态边界(REAL)",,Static Boundary Model Based On Physiological Vision
1274,138ce4b3f2f95a08fa5bd899f0526f7e,植被Rwc,,f05ab117-0293-485e-a9ed-f3372b5c7874,"输入:  Rwc-植物类型i的叶片Rwc(REAL_ARRAY),  RC-第i类植物的相对覆盖(REAL_ARRAY), C-植被层(REAL), H-平均冠层高度(REAL), n-植物类型(INT) | 输出: RWCVegetation-返回值(REAL)",,Vegetation Rwc
1275,f116f63766e4ce888f9b602066774b68,冠层相对水分含量,,9819a382-e460-4d70-acac-6136c7c8fc4f,"输入:  Rwc-植物类型i的叶片RWC(REAL_ARRAY),  C-第i类植物在多边形中占据的总面积的比例(REAL_ARRAY),  H-植物的高度(REAL_ARRAY), n-植物类型(INT) | 输出: RWCcanopy-冠层相对水分含量(REAL)",,Canopy Relative Moisture Content
1276,8efc28464834bad950f84d796861eb7b,相对水分含量,,a2799399-f1ac-422e-8bd5-a9fd5be40ec4,"输入: FW-植物鲜重(REAL), DW-干重(REAL), TW-水分饱和时的重量(REAL) | 输出: RWC-相对水分含量(REAL)",,Relative Moisture Content
1277,6f48a6d067b668d13acd60d689c5d051,分割量度,,de457488-b648-4d34-8546-2f4e849938ac,"输入: gain-信息增益(REAL), splitinfo-信息增益的标准化(REAL) | 输出: gainratio-分割量度(REAL)",,Split Measure
1278,7df953ed1d3027b88b440dfc3aa1ecb8,对gain进行标准化,,f57dd0ba-21bc-4cbf-9a72-6ab25a0634e5,"输入:  T1-各部分观测数据(REAL_ARRAY), T-T中观测样本的总数目(REAL), n-把T分成n部分(INT) | 输出: splitinfo-信息增益的标准化(REAL)",,Normalize Gain
1279,ba9516c6a38d0320157ccff8c0c4a84c,应用X对T进行分割所得到的信息增益,,26e0ebba-cb86-4c40-b2f5-4a84fe9041f8,"输入: infoT-观测值的类型所需的信息量(REAL), infox-应用X后的信息量(REAL) | 输出: gain-应用X对T进行分割所得到的信息增益(REAL)",,The Information Gain Obtained By Dividing T By X
1280,b3394465ca25d26f4c71d290d261f93c,给定测试方法X，应用X后的信息量,,fe99f7fb-83fd-45b9-b2e3-53dc83801ef9,"输入:  T1-各部分观测数据(REAL_ARRAY), T-T中观测样本的总数目(REAL),  info-各部分信息量(REAL_ARRAY), n-把T分成n部分(INT) | 输出: infox-应用X后的信息量(REAL)",,"Given A Test Method X, The Amount Of Information After Applying X"
1281,22390ad9ead9b84d387cf653f6cc5095,确定T中一个观测值的类型所需的信息量,,d5f60fc1-393a-47e3-8e96-462bdfbf83a6,"输入:  freq-T中属于类型Cj的样本数目(REAL_ARRAY), absT-T中观测样本的总数目(REAL), k-类型(INT) | 输出: infoT-一个观测值的类型所需的信息量(REAL)",,The Amount Of Information Required To Determine The Type Of An Observation In T
1282,e749daa5f5701489bd06c6040697fc0d,标准方向的反射系数,,37653423-b96c-4d29-9f71-ad0339778ead,"输入: theti-入射角(REAL), thete-出射角(REAL), a-冠层表面结构的特征参数(REAL), k-冠层表面结构的特征参数(REAL), theti1-标准入射角(REAL), thete1-标准出射角(REAL), alpha1-标准相位角(REAL), rou-标度因子(REAL), alpha-两倍叶反射系数(REAL), w-参数(REAL) | 输出: rou1-标准方向的反射系数(NODE)",,Reflection Coefficient In Standard Direction
1283,ab1e368f87b14b6c71fd847511ce5e75,冠层对近红外光的二向反射因子,,ec8525d2-c6d4-4c34-9c04-790ad52e9b3f,"输入: w-两倍叶反射系数(REAL), theti-入射角(REAL), thete-出射角(REAL), a-冠层表面结构的特征参数(REAL), k-冠层表面结构的特征参数(REAL), alpha-相角(REAL) | 输出: rounir-冠层对近红外光的二向反射因子(REAL)",,Canopy Bidirectional Reflection Factor For Near-Infrared Light
1284,172baa54e2acb6b34d4f9384deac0a43,冠层对可见光的二向反射因子,,ae8362e0-d2a7-4884-a3a2-12372c611f64,"输入: w-两倍叶反射系数(REAL), theti-入射角(REAL), thete-出射角(REAL), a-冠层表面结构的特征参数(REAL), k-冠层表面结构的特征参数(REAL), alpha-相角(REAL) | 输出: rouvis-冠层对可见光的二向反射因子(REAL)",,Canopy Bidirectional Reflection Factor For Visible Light
1285,3428e75725d63e270c5d3be420270640,多重散射（近红外光）冠层辐射Lnir模拟,,c977bc0e-91dc-4385-8f60-6edcbc5bc551,"输入: w-两倍叶反射系数(REAL), E-直射阳光的辐射通量密度(REAL), theti-入射角(REAL), thete-出射角(REAL), a-冠层表面结构的特征参数(REAL), k-冠层表面结构的特征参数(REAL), alpha-相角(REAL) | 输出: Lnir-多重散射（近红外光）冠层辐射(REAL)",,Multiple Scattering (near-Infrared Light) Canopy Radiation Lnir Simulation
1286,b480bcc5868ccb463767501ddd4f1d1a,单重散射（可见光）冠层的辐射Lvis模拟,,52d2e9d2-b069-41c6-9432-f5fac6ee4a12,"输入: E-直射阳光的辐射通量密度(REAL), alpha-相角(REAL), thet1-入射角(REAL), thet2-出射角(REAL), w-两倍叶反射系数(REAL), a-冠层表面结构的特征参数(REAL), k-冠层表面结构的特征参数(REAL) | 输出: Lvis-单重散射（可见光）冠层的辐射(REAL)",,Lvis Simulation Of Radiation From A Single-Scattered (visible) Canopy
1287,054622f2c944cf691742abeb4b990f06,GOMEUV方法,,e7af3e29-3844-4f46-8901-2df145505ca3,"输入: roua-大气散射的贡献成分(REAL), Rs-地表漫反射率(REAL), s-大气对上行直射辐射的球面漫反射率(REAL), T-沿下行和上行方向穿过大气层的总的透射率（直射成分加上漫射成分）(REAL) | 输出: rou-在无云情况下，垂直均匀的，覆盖在漫反射率为Rs的朗伯表面上的大气层顶部的反射(REAL)",,Gomeuv Method
1288,ba1f2b439f95fbd1e0c905972e8ae37d,路径反射系数随着气溶胶光学厚度呈线性增加关系,,8ede13cb-be4c-4a52-aa84-8630bc0719b7,"输入: rou0-在存在气溶胶时大气的路径反射系数(REAL), c-roua随AOD变化的斜率(REAL), AOD-气溶胶光学厚度(REAL) | 输出: roua-路径反射系数(REAL)",,The Path Reflection Coefficient Increases Linearly With The Aerosol Optical Thickness
1289,3417117149d1cd6e292f40d5ce73f474,前向观察地表反射,,b75f6989-163c-4c22-a59c-f67f3790487a,"输入: k-与波长无关的，仅依赖于太阳/卫星位置的几何关系的前向观测与底角观测的地表反射的比值(REAL), rousn-底角观测到的地表反射(REAL) | 输出: rousf-前向观察地表反射(REAL)",,Looking Forward At Surface Reflections
1290,afbe514db0358601e15b6c42f87dd9d5,ATSR-2双重视角算法,,65c265f8-20a2-4921-9ad4-baf567fdb178,"输入: roua-大气散射的贡献成分(REAL), rous-地表直接反射系数(REAL), Rs-地表漫反射率(REAL), T-沿下行和上行方向穿过大气层的总的透射率（直射成分加上漫射成分）(REAL), s-大气对上行直射辐射的球面漫反射率(REAL) | 输出: rou-卫星传感器观测到的大气顶部的反射系数(REAL)",,Atsr-2 Dual View Algorithm
1291,5db5cb45ef5997b7f4f27a6553dd5b8e,气溶胶的尺度分布,,0e90c266-ae40-435e-aac7-15c68c1db6d0,"输入: A-变化幅度(REAL), f-膨胀因子(REAL), r1-粒子的半级(REAL), r0-模半径(REAL) | 输出: dndr-返回值(REAL)",,Aerosol Scale Distribution
1292,0e41299affc9ca43cb3da262f5b45eec,基于分数布朗几何的粗糙表面模型,,c2c299b6-dd9c-453f-8317-d49f825e0715,"输入: hx-在位置x处的土壤表面的高度(REAL), hx1-位置x+1处的土壤表面高度(REAL), E-平均值(REAL), H-称为hurst指数，其变化范围为0-1，其与分形维数D的联系为H=2-D(REAL), x2-位置x的变化(REAL) | 输出: E2-整个土壤剖面测量值(REAL)",,Rough Surface Model Based On Fractional Brownian Geometry
1293,4595136ca048e6d9d82218d5b339b0d6,荫蔽土壤的反射系数,,b2514ad7-6aef-4e8e-a8cc-9c293cda94a9,"输入: rou-阳光照射下土壤的反射系数(REAL), fi-阳光照射土壤的相对面积(REAL), Ila-参数，表示为每一单层叶片的叶面积指数的函数(REAL), k-与结构有关的正的参数(REAL), kappa-称为不透明云子的参数(REAL), tau-参数(REAL) | 输出: Rss-部分荫蔽土壤的反射系数(REAL)",,Reflection Coefficient Of Shaded Soil
1294,409ddeddb93fd66a5d1e3c5c181f8712,调制传递函数T(L)模型,,69cf5cf6-0036-4346-9eb2-21edf012c351,"输入:  F-线扩展函数(REAL_ARRAY), N-N(INT), i-参数(REAL), L-参数(REAL) | 输出: T-调制传递函数(REAL)",,Modulation Transfer Function T(L) Model
1295,1c9a4a44e12a14937c88dfa384621535,土壤线的数学表达式,,044e6d85-8b21-495a-8f6e-4ee7d2473d03,"输入: rouIR-近红外反射率(REAL), a-常数(REAL), b-常数(REAL) | 输出: rouR-红外反射率(REAL)",,Mathematical Expression Of Soil Line
1296,0a412ae3e8c81d4635443f01d4388d52,空隙度指数法,,e6b49df7-5651-498a-ae2a-082c31396e3d,"输入: S-景观组分在滑箱中出现的频数(INT),  N-以r(INT_ARRAY),  n-所研究景观组分占据S个格子的滑箱个数(INT_ARRAY), r1-滑箱大小(INT) | 输出: lambda-空隙度指数(REAL)",,Void Index Method
1297,0781038012bfabb172dbadc4ec468768,信息熵法,,fb8bbd21-0c1e-4195-893c-9ea93fb0a810,"输入: n-观察到的异质性次数(INT), N-样段数(INT) | 输出: I-异质性信息熵(REAL)",,Information Entropy Method
1298,e06cebcff8232e85013fc637966d589a,表面反射系数,,ee2db52c-9ca3-4af8-a406-e0a5f532757c,"输入: rouint-rouint(REAL), S-Rayleigh和气溶胶漫反射(REAL) | 输出: rous-表面反射系数(REAL)",,Surface Reflection Coefficient
1299,8b740211a0a8a94f6c1d5669564cf010,较大像元的Ila的计算模型,,e8dbabdb-a723-4f37-8ddc-eb431a0de9fc,"输入:  L-每个小像元的Ila值(REAL_ARRAY), n-像元的个数(INT) | 输出: L1-每个小像元的Ila值(REAL)",,Calculation Model Of Ila For Larger Pixels
1300,3853806b631efcd66341e78eed8ccafb,地表粗糙度影响的消除模型,,d8b5376d-3292-4734-b0cd-c723c8f6cbc2,"输入: thet-入射角(REAL), k-波数(REAL), lambda-波长(REAL), h-地表粗糙度的变量(REAL), epsilon-epsilon(REAL) | 输出: sigma-SAR的极化量(NODE)",,Elimination Model Of The Influence Of Surface Roughness
1301,1de9b9df7f85a586ab3c43f7abd1abfc,总初级净第一生成力,,cf58044f-ba5e-4e49-b36f-b5a98e1d0aa8,"输入: GPP-总初级生产力(REAL), Ra-自养呼吸(REAL) | 输出: NPP-总初级净第一生产力(REAL)",,Total Primary Net Primary Production Force
1302,b609444e4d79eb8a30cf59d9d5e4de5d,自养呼吸,,d508ec43-124d-4228-af61-1ddff67330b0,"输入: W-地面生物量(REAL), Ta-周围环境温度(REAL), Tc-空气的长期气候平均温度气候(REAL) | 输出: Ra-自养呼吸(REAL)",,Autotrophic Respiration
1303,36647186a4a220e0a3924c7dc0e05377,总初级生生成力,,07fb4c6b-d5bf-4cd7-a337-a4a539d09184,"输入: APAR-日吸收可用于光和作用的辐射(REAL), epsilong-epsilong(REAL) | 输出: GPP-总初级生产力(REAL)",,Total Junior Student Productivity
1304,0b88be2b9443a0ba774291300808d8b4,地面生物量,,65ba69ba-85e5-42fe-a762-d41bef451fa3,输入: roumin-年最小可见光通道反射率(REAL) | 输出: W-地面生物量(REAL),,Ground Biomass
1305,05352b7fd601052607f4af790483ca2d,日吸收可用于光和作用的辐射,,ec1582fd-099f-41f6-b563-29ee20177918,"输入: Fpar-光和作用活动辐射(REAL), PARt-日入射可用于光和作用的辐射(REAL) | 输出: APARt-日吸收可用于光和作用的辐射(REAL)",,Sun Absorbs Radiation Available For Light And Action
1306,b14d6cc8d6c79f0edc1e2e6c41b3f1d3,水蒸气压力差额,,383fb749-b044-4a55-8f1b-357dd04dda3e,"输入: Td-Td(REAL), Ta-周围环境温度(REAL) | 输出: D-水蒸气压力差额(REAL)",,Water Vapor Pressure Difference
1307,054a2b4f02075a9b98b2181849cc8e6c,周围环境温度,,1cfd6e63-028a-4c8d-9bcb-cc2e24509a10,"输入: Indvmax-取定值(REAL), b-对滑动的窗口进行最小方差回归分析所得系数(REAL), a-对滑动的窗口进行最小方差回归分析所得系数(REAL) | 输出: Ta-周围环境温度(REAL)",,Ambient Temperature
1308,4c33dad5548c5fd3643e5ace5a06ebb8,表面温度,,73aa5d9e-7dea-4383-b64d-08c404d2eccf,"输入: T4-AVHRR4通道的亮度温度(REAL), T5-AVHRR5通道的亮度温度(REAL), e1-某通道e的特征值(REAL), e2-某通道e的特征值(REAL) | 输出: Ts-表面辐射温度(REAL)",,Surface Temperature
1309,9492bb0a6ab37bc4392fd43c71a11c4d,F的最终时间序列是常绿和raingreen成分的总和,,bfc019d4-9cea-41fc-92f8-d52cc3f1aa20,"输入: Fe-常绿成分(REAL), Fr-raingreen成分(REAL) | 输出: Ft-某时间的光和作用活动辐射(REAL)",,The Final Time Series Of F Is The Sum Of The Evergreen And Raingreen Components
1310,703f7c4edd820569ffa0857054a131f1,植物可获水分Wpa,,4be809cb-6c98-4f12-9b43-219e62c8761d,"输入: Isw-土壤水分指数(REAL), Cf-土地容量(REAL), Ctw-总的水分容量(REAL), Lw-枯萎值(REAL) | 输出: Wpa-植物可获水分(REAL)",,Water Available To Plants Wpa
1311,4a05ae88a57f1715f712e7e7e553948f,土壤水分W,,a5cbda17-d781-4898-af8a-a88807b5f304,"输入: Wmax-W的最大值(REAL), Wmin-W的最小值(REAL), Isw-土壤水分指数(REAL) | 输出: W-土壤水分(REAL)",,Soil Moisture W
1312,fa8445bb2387f6fd9181ab79fe821773,土壤水分含量,,329c257e-8f9f-4cd7-8698-95acd3d1f483,"输入: sigma-外推到40参考角度的后向散射(REAL), sigmadry-外推到40参考角度的后向散射的最小值(REAL), sigmawet-外推到40参考角度的后向散射的最大值(REAL) | 输出: m-土壤水分含量(REAL)",,Soil Moisture Content
1313,d385d2e63fd6f6cb34371da10fff10d0,土壤水分场的空间及时间的自相关函数rou,,b1c15dcd-5cd2-49bc-b4a5-172906e1eb82,"输入: Zs-土地表面相关变化的标度(REAL), ksi-距离或时间差(REAL), Za-大气胁迫相关变化的标度(REAL), sigmas-土地表面相关变化的方差(REAL), sigmaa-大气胁迫相关变化的方差(REAL) | 输出: rou-土壤水分场的空间及时间的自相关函数(REAL)",,The Spatial And Temporal Autocorrelation Functions Of Soil Moisture Field Rou
1314,d4deaea3baaba23e93ab13c3152ffc44,Lee的滤波算法模型,,cd26d104-17d2-4ee2-b2dd-8b07b15b78ae,"输入: x1-为x的局部均值(REAL), Var-x的局部方差(REAL), sigma-方差(REAL), z-像素灰度值(REAL) | 输出: x2-返回值(REAL)",,Lee's Filtering Algorithm Model
1315,57b956fc4ab62fee5174f39d41dc145c,水色信息的特征量——辐射信噪比Snr模型,,c76776d3-c3e1-4804-a853-635ebe2822aa,"输入: Lw-来自水面出射的辐射率(REAL), Lt-水色扫描仪接收到的总辐射率(REAL) | 输出: Snr-辐射信噪比(REAL)",,Characteristic Quantity Of Water Color Information Radiation Signal-To-Noise Ratio Snr Model
1316,df5fcd588543623db9fc60b19673fa40,到达卫星水色扫描仪的辐射率模型,,0520e812-6624-4a13-a10f-2d14a1a0aaf9,"输入: Lr-大气的瑞利散射的辐射率(REAL), La-气溶胶散射的辐射率(REAL), Lsr-来自海洋太阳反射光的辐射率(REAL), Lw-来自水面出射的辐射率(REAL), Lb-水体底部反射的辐射率(REAL) | 输出: Lt-水色扫描仪接收到的总辐射率(REAL)",,Radiation Rate Models Arriving At Satellite Water Color Scanners
1317,952126f6e67a3af7724dbd163b6fbff1,辐射亮度温度Tvp模型,,8ebc1cb6-412b-46e6-949d-ade1ebd02825,"输入: Ts-地面物理温度(REAL), Ta-大气的物理温度(REAL), etha-大气不透明度(REAL), evp-地面p极化发射率(REAL), rvp-地面p极化反射率(REAL) | 输出: Tvp-辐射亮度温度(REAL)",,Radiant Brightness Temperature Tvp Model
1318,7f7da99f223a79ddf18373a9688db66f,双层热平衡模型,,d86b0bae-c61d-43b7-8d66-28e70da6c6a1,"输入: rou-空气密度(REAL), Cp-空气定压比(REAL), T0-冠层中空气温度(REAL), e0-冠层中水汽压(REAL), Ta-参考高度处的空气温度(REAL), ea-参考高度处的水汽压(REAL), ra-冠层与参考高度处空气热交换阻抗(REAL), Y-Y(REAL) | 输出: L-潜热和显热通量(NODE)",,Two-Layer Thermal Equilibrium Model
1319,2ffa855c80f68f2943846478e7999862,叶面积指数Ila模型,,7283cbbb-fc38-471b-b852-68f9983104c3,"输入: R1-混合光谱(REAL), RL-植物的纯分量光谱(REAL), R-R(REAL), K-植被的消减系数(REAL) | 输出: Ila-叶面积指数(REAL)",,Leaf Area Index Ila Model
1320,594760e3b799b0d66ef214ee77b12d63,生物变量的高光谱估计模型,,f9e791b1-baee-4a8a-b08a-36ff12120504,"输入: R1-混合光谱(REAL), RL-植物的纯分量光谱(REAL) | 输出: Sapar-吸收有效光和辐射面积(REAL)",,Hyperspectral Estimation Model Of Biological Variables
1321,aef662a9073ff5c8545d2f4dd5323f57,TM数字镶嵌图像几何精度e模型,,072b7faa-c404-4ff1-811a-f85922a0be43,"输入:  Sm-第i条线段在图像上的计算长度(REAL_ARRAY),  Sr-其实际长度(REAL_ARRAY), n-线段总数(INT) | 输出: e1-TM数字镶嵌图像几何精度(REAL)",,TM Digital Mosaic Image Geometric Accuracy E-Model
1322,9c84bec4df20a68de351c7877ffacc1e,TM图像数字镶嵌的坐标变换及其精度模型,,d3ca473f-c98d-49da-92ca-ba78f692d9be,"输入: P-图像A的坐标(REAL), L-图像B的坐标(REAL), a0-变换系数(REAL), a1-变换系数(REAL), a2-变换系数(REAL), b0-变换系数(REAL), b1-变换系数(REAL), b2-变换系数(REAL) | 输出: U-变换后的坐标(NODE)",,Coordinate Transformation And Accuracy Model Of TM Image Digital Mosaic
1323,d94c95ba97474aa4af1fd8efe0a091dd,微波信号传输的雷达方程,,079f6ccd-cb40-4756-85c8-9c977d54dce1,"输入: Pt-发射机功率(REAL), Lr-接收系统损耗系数(REAL), Lt-发射系数损耗系数(REAL), Lmr-媒质中接收损耗系数(REAL), Lmt-媒质中发射损耗系数(REAL), rt-发射机与目标间距(REAL), r1-接收机与目标间距(REAL), Gt-目标方向上发射机天线增益(REAL), Gr-目标方向上接收机天线增益(REAL), sigma-雷达散射截面(REAL), Lp-极化损失系数(REAL), lambda-雷达波长(REAL) | 输出: Pr-接收机功率(REAL)",,Radar Equation For Microwave Signal Transmission
1324,608ca7a647267cf7c36f74023c53f0f9,粗糙测量模型,,60ff82b4-798c-4de2-ba90-da7856a30d9e,输入:  m-面积Ai中值(REAL_ARRAY) | 输出: CM-粗糙度(REAL),,Rough Measurement Model
1325,d0d3a976db7715dd8f10109bccb62db8,聚类比率模型,,36681cd0-6219-46f5-97a3-b1fb4b4c6f5a,"输入: mi-类型i的中值(REAL), mj-类型j的中值(REAL), sigmai-类型i的标准偏差(REAL), sigmaj-类型j的标准偏差(REAL) | 输出: Rij-纹理类型i和j的聚类比率(REAL)",,Cluster Ratio Model
1326,7ade029d604f757728836636c35e1c96,土壤侵蚀空间分布模型,,d570180a-ed87-47ea-9d76-1b30c5abdca1,"输入: Csn-样点137Cs含量的变化率(REAL), BD-样品所在区土壤容量(REAL), DI-采样间距(REAL), T-本研究发现137Cs含量最高值的年份与采样时间所在年差值的绝对值(REAL) | 输出: double-样品所在区年平均侵蚀模数(REAL)",,Soil Erosion Spatial Distribution Model
1327,e7a68e282abfc16c1efe658d39ecae78,植被覆盖率,,a51a2d06-b4df-4f8e-a90b-17d3cebd9061,"输入: Pv-植被透光率(REAL), P0-露天透光率(REAL) | 输出: double-植被覆盖率(REAL)",,Vegetation Coverage
1328,e6b728687b6de58045d7ccf950ed39a6,遗传算法与神经网络的结合,,0aaed7a0-8ab2-4b90-a188-c674bc3b93c4,"输入: p-输入层个数(INT), ah-输入层节点(REAL), Vh-输入层到隐含层的连接权重(REAL_ARRAY), theta-隐含层单元的阈值(REAL_ARRAY) | 输出: double-输入层对隐含层的激活值(REAL)",,Combination Of Genetic Algorithm And Neural Network
1329,e191f2e6087b561bd0d6520a1fae161f,面向神经网络权重学习的遗传算法,,33dcfe90-8195-4f5b-a71a-c37d270f61c8,输入: ei-运行后返回误差平方和(REAL) | 输出: double-径流量(REAL),,Genetic Algorithm For Neural Network Weight Learning
1330,7567c2fe85f7de30cae4157c6b25603f,基因多样性模型,,4bf24d28-1030-4100-bebd-7cfc907918df,"输入: p-一个位点第i个等位基因Ai的频率(REAL_ARRAY), n-等位基因数(INT) | 输出: double-基因杂合度(REAL)",,Genetic Diversity Model
1331,622b87738ca9714551d0416a00b59aa6,平衡状态下的等位基因频率,,03e5fe22-e107-498b-aacd-40935f125cc3,"输入: Nii-观测到的AiAi的基因型个数(REAL), Ni-观测到的AiAj的基因个数(REAL_ARRAY), N-分析的样本总数(INT) | 输出: double-一个位点第i个等位基因Ai的频率(REAL)",,Allele Frequency At Equilibrium
1332,9be5a227ab3660f0ef74553485701360,CO2浓度增长对杉木针叶光合特性的影响模型,,0b96097e-6509-4ca8-934f-9b49924380ed,"输入: C1-参数(REAL), C2-参数(REAL), PAR-光合有效辐射强度(REAL) | 输出: double-净光合速率(REAL)",,Model Of The Impact Of Increased CO2 Concentration On Photosynthetic Characteristics Of Fir Needles
1333,ccf58a050a5149a8c9d60b031507e42a,气候变化所引起的河流排水量模型,,81ba15dc-ae5c-440b-86b8-020d72230785,"输入: R1-与原降水率相对应的排水量(REAL), P1-原降水率(REAL), P2-降水频率(REAL), detaT-设计的温度变化(REAL) | 输出: double-气候变化所引起的河流排水量(REAL)",,Modeling River Discharge Due To Climate Change
1334,f8af0f7f9f248965b64cd2b9483497c7,单一污染物的污染指数,,8c9cc4dc-2192-4e1b-ae25-3f2f6b05fd14,"输入: Cm-某一污染物的浓度(REAL), Cb-相对清洁区某一污染物浓度(REAL) | 输出: double-单一污染物的污染指数(REAL)",,Pollution Index Of A Single Pollutant
1335,ba5b3e0bace27807062a92e16e89fd22,生态环境脆弱性目标F的计算方法,,2a61e88c-9661-44fc-88f7-7f7974fc626e,"输入: I1-两个生态系统自身信息量与其联合信息量之差(REAL), I2-两个生态系统总体特征的联合信息量(REAL) | 输出: double-生态环境脆弱性目标(REAL)",,Calculation Method Of Ecological Environment Vulnerability Target F
1336,c461417b9bbef142df14116b2428ee6d,Logistic曲线方程,,6a52180d-36f7-4260-8002-906bd9cc10d9,"输入: k-常数(REAL), a-待定系数(REAL), b-待定系数(REAL), t-温度梯度(REAL) | 输出: double-相对电导率或细胞伤害率(REAL)",,Logistic Curve Equation
1337,ac3cbf5725c216c59d484b9855a4cbbd,相对湿度,,e96f97c4-81a5-496d-8463-0cd1af0fa890,"输入: detae-相关参数(REAL), es-饱和水汽压(REAL) | 输出: double-相对湿度(REAL)",,Relative Humidity
1338,f83ae179175e8d9bc433adf9dd3c9dc1,水汽压,,2290c152-d340-434e-9983-b6d399ab3e97,"输入: T-绝对温度(REAL), a-绝对湿度(REAL) | 输出: double-水汽压(REAL)",,Vapor Pressure
1339,49671453a8b4b7afe32dafcefa50dcd7,绝对湿度,,30931239-63cc-44a4-8a79-c59dd8304631,输入: Em-绿地的蒸腾强度(REAL) | 输出: double-绝对湿度(REAL),,Absolute Humidity
1340,45b34bdb4ef972c09e969677a1d42189,气温下降值计算公式,,167ee9a8-e8e9-478e-b465-c4f815df5dbf,"输入: Q-绿地植物蒸腾使其周围单位体积空气损失的热量(REAL), rouC-空气的容积热容量(REAL) | 输出: double-气温下降值(REAL)",,Temperature Drop Value Calculation Formula
1341,9e20610469eb071da6972da649afca47,蒸发潜热计算公式,,11f34ea6-abc6-4fc5-a1d7-3134902917b5,输入: T-温度(REAL) | 输出: double-蒸发面的温度(REAL),,Latent Heat Of Evaporation Calculation Formula
1342,fcd9fd5a91f163fb348140825b911c4c,n维生态位宽度模型,,c3b7ae06-6281-46cc-b304-e432dddca7f3,"输入: Il2-相应参数(REAL), Imaxj-相应参数(REAL) | 输出: double-n维生态位宽度(REAL)",,N-Dimensional Niche Width Model
1343,4505117e4e5c900f11cae3bbfe547e3e,热度的空气动力学阻力模型,,b27dfd66-1686-41b5-9f59-8031e0a7cc91,"输入: d-以米为单位的典型叶片的参数(REAL), u-以米为单位的每秒空气的流速(REAL), beta-一个可以大幅度变化的调整因子(REAL) | 输出: double-热度的空气动力学阻力(REAL)",,Thermal Aerodynamic Drag Model
1344,f545a2834114b0b0b1e7f34137186963,底栖植物光合作用速率,,fea81dda-0556-4b14-a1c9-e00fcc388b17,"输入: Rl-白瓶中底栖植物的放射性强度(REAL), Rd-黑瓶中底栖植物的放射性强度(REAL), Wc-实验海水中总CO2重量(REAL), R-C14的总强度(REAL), T-培养时间(REAL), Ws-样品干重(REAL) | 输出: double-底栖植物光合作用速率(REAL)",,Benthic Plant Photosynthesis Rate
1345,5f637fe91784a9ee9e3b2359525949da,净第一生产力,,2d838cad-a1e1-4417-abd0-cbc26576d4b5,"输入: bn-生长末期生物量(REAL), a-ti期间结束时凋落物的现存量(REAL_ARRAY), gama-凋落物消失率(REAL_ARRAY), n-期间个数(INT), t-第i期间的长度(REAL_ARRAY) | 输出: double-存储在枯枝落叶中的能量变化率(REAL)",,Net Primary Productivity
1346,76085a508db736f6ca5aa676b997bc67,距火场中心不同距离冷杉木的升温模型,,55cebd81-33cf-4e23-9c25-97af48d02299,"输入: q-受热体吸收的辐射热能(REAL), c-受热体的比热(REAL), phi-枝叶中水分蒸发量比率(REAL), R-水汽化热(REAL), m-冷杉单位面积重量(REAL), tE-数目温度(REAL) | 输出: double-距火场中心不同距离冷杉木的升温(REAL)",,Warming Model Of Fir Trees At Different Distances From The Center Of The Fire
1347,13f25c1e071b09d90c0c628094a2c95c,辐射热强度,,33d80d53-c17d-403a-99a0-dd5c5258bd00,"输入: Q-单位时间释放的总热量(REAL), x-火灾中心距防护对象的距离(REAL), epslon-辐射率(REAL) | 输出: double-辐射热强度(REAL)",,Radiant Heat Intensity
1348,e83278127a6560e3cdbfc49dcd1548fd,环境评价模型,,7b692f9e-fdfc-493d-a61c-c8191fdea409,"输入: x-可测量的环境因子的量(REAL_ARRAY), y-可测量的环境因子的量(REAL_ARRAY), n-环境因子的个数(INT), A-常数(REAL) | 输出: double-污染物的浓度或者是影响健康的指标(REAL)",,Environmental Assessment Model
1349,29efaaa45d0eed52dd990bbc09cd3b0d,常绿阔叶林分类的相似性系数,,8895146c-4211-4581-9142-ca1aa4b5719d,"输入: xi-分类因子(REAL_ARRAY), xj-分类因子(REAL_ARRAY), m-分类因子数目(INT) | 输出: r1-两种林型的相似系数(REAL)",,Similarity Coefficient Of Evergreen Broad-Leaved Forest Classification
1350,80e2d53a54d1728b532418ea9f2b6f21,每年灭杀一定数量的可恢复模型,,571ec4ce-868e-4115-a4f2-c469e33224a8,"输入: r1-内禀增长率(REAL), N-种群数量(INT), K-环境容纳量(REAL), u-每年灭杀的种群数量(INT) | 输出: dNt-种群恢复率(REAL)",,Kill A Certain Number Of Recoverable Models Every Year
1351,f20f112f4d770cb89ede20e021bbe7e3,灭鼠后回复时间模型,,61a74832-4d2b-4536-b660-43290ad5be8e,"输入: N0-灭杀前种群数量(REAL), ttou-自然返回时间(REAL), m-残鼠占种群的百分比(REAL) | 输出: t-灭鼠后回复时间(REAL)",,Recovery Time Model After Rodent Eradication
1352,c28d331662bfa06db2ba74a85abf8b3a,判别系数模型,,96a2995e-fd3c-41fd-85b0-e7d9f8236994,"输入: Wk-指标权重值(REAL), C1k-1区参数(REAL), C2k-2区参数(REAL) | 输出: double-判别系数(REAL)",,Discriminant Coefficient Model
1353,dace0959d337c6b705dfc0d17a54b437,相异性指标模型,,90940c4e-50ac-47e7-b4fc-bf9cc0df6cf2,"输入: nQ-参数(REAL), Dxk-参数(REAL) | 输出: fCQ-返回值(REAL)",,Dissimilarity Index Model
1354,e80e7971bf18bf09cb0aa029fc6da5a0,绝对值差数法,,defa9988-0c0b-4fb2-a34f-3d3939a9677c,"输入: xi-第i分区单位的分区因素值(REAL_ARRAY), xj-第j分区单位的分区因素值(REAL_ARRAY), m-分区因素数(INT), c-适当的正数(REAL) | 输出: r1-相似系数（隶属度）(REAL)",,Absolute Value Difference Method
1355,422000f4068ea50b0a8dc579902485e2,交角余弦法,,cf3c167f-c112-4947-abd8-f1ec137a5536,"输入: xi-第i分区单位的分区因素值(REAL_ARRAY), xj-第j分区单位的分区因素值(REAL_ARRAY), m-分区因素数(INT) | 输出: r1-相似系数（隶属度）(REAL)",,Angle Cosine Method
1356,84f13051722d374f7e10adf68cf2e6d3,对土壤pH值的处理模型,,91358109-1336-42ba-80d4-824f17bd4f91,输入: Vi4-pH实测值(REAL) | 输出: default_N-Ci4(REAL),,Treatment Model For Soil P H
1357,1c1d2b412a60791705167f614a2fefbc,对于水土保持林土壤改良效益成负效应的指标模型,,e975df37-2f81-48bc-9739-1dab564cba6c,"输入: Vmax-指标最大值(REAL), V-指标实测值(REAL), Vmin-指标最小值(REAL) | 输出: C-实测值归一化处理后的相对值(REAL)",,An Indicator Model With Negative Effects On Soil Improvement Benefits In Soil And Water Conservation Forests
1358,73638b921e6e2aad9706b4d8dcfea19b,x米外一颗植物入侵所产生的新植物的潜在数量,,51b5c897-dc8f-480f-b0bb-2e57499934a5,"输入: STR-标准新增植物总数(INT), DBH-胸径(REAL), d-离差(REAL), x-距离(REAL), n-标准化数字(INT) | 输出: R1-潜在数量(REAL)",,The Potential Number Of New Plants Produced By An Invasion Of A Plant X Meters Away
1359,c97c40184f71b6778a5f6b1e12400ddb,种子萌发速率,,c61f66d3-bdad-462c-a960-71eab816b372,"输入: M-试验次数(INT), n-每次试验所记录的萌发种子数(INT_ARRAY), N-用于实验的种子数(INT), D-试验开始到种子萌发的天数(INT_ARRAY) | 输出: Gcr-种子萌发速率(REAL)",,Seed Germination Rate
1360,d13cda57e4ef72e5e1c3b593e1c8702d,林地所接收到的总动能,,3f91f64a-40c2-41ae-8878-92f556216c6a,"输入: Keg-冠滴水动能(REAL), alpha-林冠的郁闭度(REAL), Kep-大气降水的总动能(REAL) | 输出: Kes-林地所接收到的总动能(REAL)",,The Total Kinetic Energy Received By The Forest Land
1361,774e4107306881427f5290718821795f,大气降水终速度,,cac850d3-30b7-4983-8e56-a853927b6985,"输入: D-水底直径(REAL), rgh-水的密度(REAL), K-常数(REAL) | 输出: V-大气降水终速度(REAL)",,Atmospheric Precipitation Terminal Velocity
1362,c780e181f490d19b8b4f6d17a31ffadf,华北落叶松水分评价指数,,b76b7ae1-53e6-45d1-a4aa-403a029c7e77,"输入: Ihmax-华北落叶松数目所在地的湿度指数上限(REAL), Ih-湿度指数(REAL), Ihmin-华北落叶松数目所在地的湿度指数下限(REAL) | 输出: Fthet2-华北落叶松水分评价指数(REAL)",,North China Larch Moisture Evaluation Index
1363,1ce5efd3e222f36bb1f0e7408d25232d,华北落叶松热量评价指数,,b780cfef-e526-4578-b654-519c8c347041,"输入: Dmax-大于0℃年积温范围的上限值(REAL), D-大于0℃年积温值(REAL), Dmin-大于0℃年积温范围的下限值(REAL) | 输出: Fthet1-华北落叶松热量评价指数(REAL)",,Thermal Evaluation Index Of North China Larch
1364,d53f2fa6434258ac4cc58fc848a8e7cc,气候生态指标,,d92b42b6-e45a-4eaa-8cb5-d24a01d36c4e,"输入: n-选择参数，1返回Iw，温暖指数；2返回Ih，湿度指数(INT), T-各月大于0℃的月平均气温(REAL_ARRAY), P-分布点的年降水量(REAL) | 输出: Ih-湿度指数(REAL)",,Climate Ecological Indicators
1365,c0edd4fbd73c2ac8b37093740bfeb354,枯枝落叶积累量,,4380a25f-45f4-46be-b92b-c380c8e31c2e,"输入: P-输入量(REAL), R1-分解速率(REAL), t-时间(REAL), Lo-初始积累量(REAL) | 输出: default_N-参数(REAL)",,Litter Accumulation
1366,07987c0bb1f8d0278925afe4541328ba,投影格网的代表值（V）计算公式,,e94d6b0a-8905-4aff-a4d8-fe01073f07f9,"输入: b-年份的收益(REAL_ARRAY), c-年份的消耗(REAL_ARRAY), n-计划持续的时间(INT), d-贴现率(REAL) | 输出: V-投影格网的代表值(REAL)",,Calculation Formula For The Representative Value (V) Of The Projected Grid
1367,1e5f9c6dbb4685d3f9bc61861544ef2b,香农（Shannon）平坦指数,,9122c0f0-63f8-4851-997c-0a656edc91c8,"输入: H-香农多样性指数(REAL), S-物种数量(REAL) | 输出: E-平坦指数(REAL)",,Shannon Flatness Index
1368,3b97b914777f1ca11353d89bbdeee962,改进的邻体干扰指数模型,,8f3792e1-9977-46b7-a5fc-f39847f84b5b,"输入: S-邻体大小(REAL_ARRAY), d-基株到林提距离(REAL_ARRAY), N-邻体数目(INT), S1-基株的大小(REAL) | 输出: I-邻体干扰指数(REAL)",,Improved Neighbor Interference Index Model
1369,70e5b9ec751b0154354261d6616b34e0,邻体竞争效应——Weiner的邻体干扰模型,,b4fafa84-c46a-4c21-9f94-49731fa2e789,"输入: S-邻体大小(REAL_ARRAY), d-基株到林提距离(REAL_ARRAY), N-邻体数目(INT) | 输出: I-邻体干扰指数(REAL)",,Neighbor Competition Effect Weiner’s Neighbor Interference Model
1370,b5acc6eb888a95b2ef36f64ce758e935,潜热通量的变化beta模型,,5f196771-8c7f-4f87-a8ed-a6276250f373,"输入: P-气压(REAL), T1-两个高度的气温(REAL), T2-两个高度的水汽压(REAL), e1-参数(REAL), e2-参数(REAL) | 输出: beta-潜热通量的变化(REAL)",,Latent Heat Flux Variation Beta Model
1371,7916cc6595af41d34a8d42b29a768234,热通量变化,,6f71ab30-d4da-4e13-9991-0c3e313e28bb,输入: A-0~5，5~10，10~15，15~20，深土层第i层土柱储热量的变化(REAL_ARRAY) | 输出: A-土壤储热量的变化(REAL),,Heat Flux Change
1372,c8a5a704d966bf9b4f8db4f430dc2c45,有效辐射变化I模型,,fce65233-42e1-4b6b-8c8c-2bf605971d72,"输入: I0-碧空条件下的有效辐射(REAL), s-灰体辐射系数(REAL), c-云的订正系数(REAL), n-云量(REAL), sigam-斯蒂芬波尔茨曼常数(REAL), thet-下垫面2米高绝对温度(REAL), thet_u-下垫面温度(REAL) | 输出: I-有效辐射变化(REAL)",,Effective Radiation Change I Model
1373,d81d976923a5bddfbb478fc4dbbc4482,土壤储水量M,,017f4c7f-15ef-47e3-939b-be0a8c0671c4,"输入: Tf-透过林冠的降水量(REAL), Qf-树干径流(REAL), Q1-地表径流(REAL), Q2-地下径流(REAL), E1-地表物理蒸发(REAL), E2-植物蒸腾(REAL), S-乔木跟吸水量(REAL), delt_W1-订正值(REAL) | 输出: delt_M-土壤储水量(REAL)",,Soil Water Storage Capacity M
1374,a0768f1006ef484baea13cff036fc46c,风成沙丘固定程度综合指数,,61decf68-5e6c-49b6-bcdd-eb0525a0541e,"输入: w-变量i的权重(REAL_ARRAY), x-变量i的实测值(REAL_ARRAY) | 输出: double-风成沙丘固定程度综合指数(REAL)",,Comprehensive Index Of Aeolian Dune Fixation Degree
1375,47d19766e0696a5a6d574bca24f43eaa,SCS模型的降雨-径流关系模型,,06f1f723-956f-445e-befd-00d357607d26,"输入: P-一次降雨的降雨总量(REAL), S-流域当时的最大可能滞留量(REAL) | 输出: double-径流量(REAL)",,Rainfall-Runoff Relationship Model Of SCS Model
1376,70fad2f981cabb445a1565e3f167004c,氮在叶绿体捕光叶绿素蛋白复合体的分配系数模型,,b15ad786-0891-473e-8018-3d3666bf7946,"输入: Nc-叶绿素含量(REAL), Cb-结合类囊体膜蛋白的复合体的叶绿素(REAL), Nm-含氮量(REAL) | 输出: double-氮在叶绿体捕光叶绿素蛋白复合体的分配系数(REAL)",,Partition Coefficient Model Of Nitrogen In Chloroplast Light-Harvesting Chlorophyll Protein Complex
1377,92de8b2e69524f0a37d0234d85aad2eb,叶氮在生物力能组分的分配系数模型,,f85d2c21-1063-4a65-9da1-c9c1d09261ff,"输入: Jmax-传输最大电子数(REAL), Ma-单位叶面积干重(REAL), Nm-含氮量(REAL), Jmc-每mol细胞色素每秒传输mol电子数(REAL) | 输出: double-叶氮在生物力能组分的分配系数(REAL)",,Partition Coefficient Model Of Leaf Nitrogen In Biomechanical Energy Components
1378,6e2b0eaec58b547f03f3e15becd7cc40,叶氮在Rubisco的分配系数Pr模型,,df85c22d-a86c-4ddf-a040-28e0439116bd,"输入: Vcr-Rubisco比活(REAL), Ma-单位叶面积干重(REAL), Nm-含氮量(REAL), Vcmax-羧化最大速率(REAL) | 输出: double-叶氮在Rubisco的分配系数(REAL)",,Partition Coefficient Pr Model Of Leaf Nitrogen In Rubisco
1379,50fe409a1260c0b772c705a02964742a,表观量子产率与光能转化效率关系模型,,30315e01-adea-4eef-930c-a911d55ebbb7,"输入: deta-光能转化效率(REAL), Pi-在较低细胞间CO2分压(REAL), tao-不包括光下呼吸的CO2补偿点(REAL) | 输出: double-表观量子产率(REAL)",,Model Of Relationship Between Apparent Quantum Yield And Light Energy Conversion Efficiency
1380,82b6fe34e4e9ae21ccc407f1f03e8b79,在RuBP再生受限制下所达到的光合速率模型,,85bfac9a-3496-415f-8d21-dc228006ae3c,"输入: J-给定光强下的电子传递速率(REAL), Pi-在较低细胞间CO2分压(REAL), Rd-光下呼吸速率(REAL), tao-不包括光下呼吸的CO2补偿点(REAL) | 输出: double-在羧化限制条件下叶片所达到的光合速率(REAL)",,Model Of Photosynthetic Rate Achieved Under Restricted Ru BP Regeneration
1381,0f2e5db5436db02c46c9dd0c013caeae,在羧化限制条件下叶片所达到的光合速率模型,,defa3d88-f709-48bf-bdc8-b85b39461a86,"输入: Vcmax-羧化最大速率(REAL), O-叶绿体羧化部位的O2浓度(REAL), Kc-Rubisco羧化反应的米氏常数(REAL), Ko-Rubisco氧化反应的米氏常数(REAL), Pi-在较低细胞间CO2分压(REAL), Rd-光下呼吸速率(REAL), tao-不包括光下呼吸的CO2补偿点(REAL) | 输出: double-在羧化限制条件下叶片所达到的光合速率(REAL)",,Model Of Photosynthetic Rate Achieved By Leaves Under Carboxylation Limiting Conditions
1382,e13d17aad4b2a0db24bbc8c0c9162523,光补偿点模型,,c662c0af-27d1-45da-b51c-c2f21c925a8a,"输入: Pmax-最大净光合速率(REAL), C0-度量弱光下净光合速率趋近于零的指标(REAL), alpha-表观量子效率(REAL) | 输出: double-光补偿点(REAL)",,Light Compensation Point Model
1383,6123a94b989ab1780339d5f41ce6f91b,硝化作用方程,,fdf9b508-60b2-4dd8-af46-3fcbfcaad3b0,"输入: a-常量(REAL), b-常量(REAL), c-常量(REAL), d-常量(REAL), e-常量(REAL), T-土壤温度(REAL), theta-土壤含水量(REAL) | 输出: double-硝化速率(REAL)",,Nitrification Equation
1384,8857ec80fa0dc0f446bfcf8d60a4f1ea,矿化作用方程,,625461b3-0331-4e72-8f3a-cffb3a92bb17,"输入: a-常量(REAL), b-常量(REAL), c-常量(REAL), d-常量(REAL), e-常量(REAL), T-土壤温度(REAL), theta-土壤含水量(REAL) | 输出: double-矿化速率(REAL)",,Mineralization Equation
1385,d01cfe105e9dd2ccd6e1525941603716,有机氮的净矿化与硝化量,,f86642ab-de90-4256-b0d9-ad38eed5b513,"输入: Wv-土壤容重(REAL), V-一公顷面积0-15cm土层土壤体积(REAL), Rmin-矿化或硝化速率(REAL), t-培育天数(REAL) | 输出: double-有机氮的净矿化与硝化量(REAL)",,Net Mineralization And Nitrification Of Organic Nitrogen
1386,96d7e634e18d3b54dfff1cac65752297,森林地块中物种成分差异性模型,,b08c9584-9b59-4409-8f3e-c2eb14e237ab,"输入: p-在第一参照森林地块中物种i的相对频率(REAL_ARRAY), q-在第二参照森林地块中物种i的相对频率(REAL_ARRAY), S-物种的总数(INT) | 输出: double-一个物种对于一个给定群丛的特异性(REAL)",,Model Of Diversity Of Species Composition In Forest Plots
1387,085bf8b1746b40e3359d3d7550dac814,群丛j中物种i的指数或者指数值,,f5eebb62-1692-4e33-8213-764ca6e5b1f1,"输入: Aij-一个物种对于一个给定群丛的特异性(REAL), Bij-一个物种对于一个给定群丛的确限度(REAL) | 输出: double-群丛j中物种i的指数或者指数值(REAL)",,Index Or Index Value Of Species I In Cluster J
1388,599359ed01499ac844eff78831c713b2,一个物种对于一个给定群丛的确限度,,751e6773-8ff0-485f-b888-d4c4c1f53a9b,"输入: Nsiteij-含有物种j的群丛i的指数或者指数值(REAL), Nsitej-群丛j中的生境总数(REAL) | 输出: double-一个物种对于一个给定群丛的确限度(REAL)",,The Exact Limits Of A Species To A Given Population
1389,b1d6273fcd2f309f63cb53d1246408ea,一个物种对于一个给定群丛的特异性,,041fb4a7-4a6a-4521-b038-1288f976dbcd,"输入: Nsiteij-含有物种j的群丛i的指数或者指数值(REAL), Nsitei-所有群丛中被物种i占据的生境总数(REAL) | 输出: double-一个物种对于一个给定群丛的特异性(REAL)",,The Specificity Of A Species For A Given Colony
1390,98991118d15601ca129df6ceb6f41ec3,差异指数,,0496804a-33c8-4355-895f-287e20e82083,"输入: ak-参数(REAL), ak1-参数(REAL), n-数目(INT) | 输出: double-差异指数(REAL)",,Difference Index
1391,b0f6aaa87d1815dc35bef3a09cfaaff5,湖泊洼地生态环境需水量模型,,cf794d18-6bcf-49ab-bace-c47c8d9fb754,"输入: A-某一湖泊洼地的水面面积(REAL_ARRAY), E-相应的水面蒸发能力(REAL_ARRAY), P-湖泊洼地上的降水量(REAL_ARRAY), n-湖泊洼地数量(INT) | 输出: double-湖泊洼地生态环境需水量(REAL)",,Lake And Depression Ecological Environment Water Demand Model
1392,8fa431257df932dc851384106b25d60c,河流输沙需水量模型,,0e2738dc-578e-49d1-bdcf-ab9ee69e5a7e,"输入: St-多年平均输沙量(REAL), Cmax-多年最大月平均含沙量的平均值(REAL) | 输出: double-河流输沙需水量(REAL)",,River Sediment Transport Water Demand Model
1393,3c0c0a54aa231893c01734d0cdded987,两个指标的标准化处理模型,,a943392e-ad27-414e-a11d-f54de0aa526c,"输入: Xi-某一指标项第i级值(REAL), Yi-某一指标项第i级值(REAL), Xmin-指标项最低阈值(REAL), Xmax-指标项最高阈值(REAL), Ymin-指标项最低阈值(REAL), Ymax-指标项最高阈值(REAL) | 输出: double-某一指数相第i级标准化值(REAL)",,Standardized Processing Model For Two Indicators
1394,c7db3ff0f49b363c10a633160c2bb421,洞群有效储草面积,,b2efae26-6329-4a2d-a961-88fa3d0a221f,"输入: Wt-洞群中储草总重量(REAL), Ws-储草草样重量(REAL), Ns-储草草样中黄嵩总重量(REAL), D-样地非洞群区黄嵩的密度(REAL) | 输出: double-洞群有效储草面积(REAL)",,Effective Grass Storage Area Of ​​the Cave Group
1395,1fd9eb35fa9fceb54070b2c8da56f8c8,依托圆面积公式计算的储草面积,,b88cdf66-0a7c-4f7c-9d49-d045f5988cf6,"输入: R-依洞群大小选择的跑到延伸距离(REAL_ARRAY), n-数量(INT) | 输出: double-依托圆面积公式计算的储草面积(REAL)",,Grass Storage Area Calculated Based On The Circle Area Formula
1396,1c8eeac1906a0d71b86a68c3883ccb6e,多项污染物的综合质量指数模型,,bc5e1771-1c1d-40a4-98b2-eab14ecd6c7e,"输入: Pmax-各项污染物的最大分指数(REAL), Ps-各项污染物的分指数平均值(REAL) | 输出: double-多项污染物的综合质量指数(REAL)",,Comprehensive Quality Index Model For Multiple Pollutants
1397,a3759bd859d00782eeff7fd3169bc174,单项评价因子的分指数模型,,6648d61c-81a6-4377-8774-784a568be1bc,"输入: Ci-第i项污染物的实测浓度(REAL), Csi-第i项污染物的评价标准浓度(REAL) | 输出: double-第i项污染物的分指数(REAL)",,Sub-Exponential Model Of Single Evaluation Factor
1398,04859f705e0f318d1d819795f89bda3d,河流水质现状与评价模型,,a162a4b4-a916-4af9-afad-e69872c523e6,"输入: S-参评总因子数(REAL), C-超标项目数(REAL), X-超标项目(REAL) | 输出: double-污染级别(REAL)",,River Water Quality Status And Evaluation Model
1399,fb223131178ef66ef6781b96df5ae38f,热力学形式的环境质量指标,,b2c0a453-f3d7-4323-bf38-d23880b19817,"输入: R-理想气体常数(REAL), T-环境温度(REAL), C-代表某个环境成分i的浓度(REAL_ARRAY), Ceq-成分i在环境中的热力学平衡态的浓度(REAL_ARRAY), n-环境中考察成分数目(INT) | 输出: double-热力学形式的环境质量指标(REAL)",,Thermodynamic Form Of Environmental Quality Indicators
1400,d228da411fbbd22fddb76bf180813660,复合环境风险指示器,,e29f445c-a5d2-4663-8b84-8ddef6460ada,"输入: R-风险的期望量级或程度(REAL_ARRAY), p-爆发概率(REAL_ARRAY), v-目标群体的易损性(REAL_ARRAY), t-可能的风险减小因子(REAL_ARRAY), n-涉及的风险数量(INT) | 输出: double-复合环境风险指示器(REAL)",,Composite Environmental Risk Indicator
1401,180b0f1def330a318fbe0bd70766927a,有机质的重量损失模型,,54844293-4d8d-4297-8fc8-755dfa4cf89c,"输入: W-年均含水量(REAL), Wmax-使好气性微生物停止活动的某个较高含水量(REAL), Tmax-使所有微生物停止活动的某个较高温度(REAL), T-人工气候箱内的年均空气温度(REAL), Gorg-被分解物的有机物含量(REAL), a-拟合参数(REAL), b-拟合参数(REAL), c-拟合参数(REAL) | 输出: double-有机质的重量损失量(REAL)",,Weight Loss Model For Organic Matter
1402,ae0818b8c5cae2d687ce7511f1da23e4,孢粉总数模型,,bc1b52d8-8d8c-46c2-8b38-4f7ef5481d5f,"输入: S-镜检统计的孢粉数(REAL), N-镜检总行数(REAL), L0-每张镜检片的宽度(REAL), L1-显微镜一个视域的直径(REAL), V0-每个样品的总体积(REAL), V1-镜检所取的体积(REAL), F1-实验室分析所用的纱网面积(REAL), F0-滤网总面积(REAL), E-镜检玻片数(REAL) | 输出: double-孢粉总数(REAL)",,Pollen Count Model
1403,212bbf25cf03dbb5cb5db727dfc616d9,光量子能量模型,,d6ebdda5-b9da-4f75-998f-9bc74f6169bc,输入: Q-太阳总辐射(REAL) | 输出: double-量子通量密度(REAL),,Light Quantum Energy Model
1404,31a7d3673aa0fcaeb7828db7f382c6bf,太阳总辐射模型,,f2947f7d-3acc-4c92-9b1c-e9004a190623,"输入: Qa-大气上界太阳辐射(REAL), a-系数(REAL), b-系数(REAL), n-可能日照时数(REAL), N-实际日照时数(REAL) | 输出: double-太阳总辐射(REAL)",,Total Solar Radiation Model
1405,907c7be3f0895c91f5adf8a2ff50b50d,根冠关系模型,,78033cdc-5f1f-49ee-8379-fdc3192e385f,"输入: a11-未知时变参数(REAL), a12-未知时变参数(REAL), a13-未知时变参数(REAL), a14-未知时变参数(REAL), a15-未知时变参数(REAL), a16-未知时变参数(REAL), Rw-根重(REAL), Sw-冠重(REAL), Wt-根层内土壤有效储水量(REAL) | 输出: double-根冠根重(REAL)",,Root-Crown Relationship Model
1406,04ab14f4884a98909c85e672300f2424,流域内第一性生产的光合潜力分析-光合潜力模型,,b37ce2ca-520f-4aae-9f72-d3c91a721be3,"输入: Q-t1到t2时间内同单位面积冠层上太阳辐射能量的累加值(REAL), EQ-红壤丘陵小流域生物生产能力(REAL), K-系数(REAL) | 输出: double-光合潜力(REAL)",,Photosynthetic Potential Analysis Of Primary Production In The Watershed - Photosynthetic Potential Model
1407,1754cf6e1b20cbd1a7abff098a2260ce,红壤丘陵小流域生物生产能力分析模型,,50d8eb4a-8e35-4116-b747-6cc1801a89a8,"输入: W1-t1测量时刻单位面积上植物干重的有机物质(REAL), W2-t1测量时刻单位面积上植物干重的有机物质(REAL), Q-t1到t2时间内同单位面积冠层上太阳辐射能量的累加值(REAL), K-系数(REAL) | 输出: double-红壤丘陵小流域生物生产能力(REAL)",,Analytical Model Of Biological Production Capacity In Red Soil Hilly Small Watersheds
1408,2f99204c984b34b05076d3cd5e2152aa,农田杂草在除草剂作用下的演变模型,,9cc5959e-6def-4158-a11d-b0900769fd64,"输入: A-修正系数(REAL), On-该种杂草与农田中当前某种优势种杂草的生态位重叠值(REAL), S-该种杂草对目前使用的除草剂的敏感程度(REAL) | 输出: double-某种杂草在除草剂作用下成为新优势杂草的可能性(REAL)",,Evolution Model Of Farmland Weeds Under The Action Of Herbicides
1409,ca86966a9db75ff5808ac16c6fb6400c,生态距离间隔,,0b3a7114-8adf-4d8e-830d-feda9e8987ad,"输入: Di-第i样点与始端样点的生态距离(REAL), Di1-第i-1样点与始端样点的生态距离(REAL) | 输出: double-生态距离间隔(REAL)",,Ecological Distance Interval
1410,45f2fc64069ef2d6394023db925ae471,生态距离模型,,5011a4e4-ef7e-4f6c-833d-cef7d72d65c9,"输入: a-始端样点10个样方间的平均相似系数(REAL), Zi-第i样点与始端样点间的相似系数(REAL) | 输出: double-第i样点与始端样点的生态距离(REAL)",,Ecological Distance Model
1411,cd815a9f6fd55ddb9b6b2582c09de54f,杂草生态位宽度模型,,8da0cd46-602d-4501-af21-fde10b68b8f8,"输入: S-样点数(INT), V-该种杂草在第i样点中的重要值(REAL_ARRAY) | 输出: double-杂草生态位宽度(REAL)",,Weed Niche Width Model
1412,a8e6e164ff3f118031449f8d8da66b35,杂草重要值模型,,24953c85-f77b-4b3e-8aeb-1ae3a1d40956,"输入: A-杂草在第i优势度级的代表值(REAL_ARRAY), B-杂草在第i优势度级出现的样方数(REAL_ARRAY), C-该样点中的样方数(INT) | 输出: double-杂草重要值(REAL)",,Weed Importance Model
1413,592bd11b6df4c339eac50cb8d7d39580,消光系数模型,,416c8649-0b52-43e1-9322-328175048dc6,"输入: taoP-透过率(REAL), L-叶面积指数(REAL) | 输出: double-消光系数(REAL)",,Extinction Coefficient Model
1414,baca6b721f3cbe4c3b57288311d59c74,透过率方程,,93c38868-04cb-4996-957e-d6ddfd64f694,"输入: taoD-冠层对Par散射辐射的透过率(REAL), taoS-冠层对Par直接辐射的透过率(REAL), Spie-到达冠层顶部水平面上的Par散射辐射(INT), D-到达冠层顶部水平面上的直接辐射(REAL) | 输出: double-透过率(REAL)",,Transmittance Equation
1415,48b14e27cc19e5dc1cdd70ab3c97b209,土壤呼吸速率,,cc9087e2-b1b6-432b-b4d1-b701056a5362,"输入: h-容器高(REAL), hpie-插入土层的深度(REAL), c1-测量时间前的CO2浓度(REAL), c2-测量时间后的CO2浓度(REAL), Tpie-地表温度(REAL), t-测量时间(REAL) | 输出: double-土壤呼吸速率(REAL)",,Soil Respiration Rate
1416,9844acd22cb53639a90749d87254f64b,杉木林生物生产力Pnp水热优化模型,,5611e52d-f81f-410d-a2a9-7f4ff351d1d3,"输入: A0-大于0的方程系数(REAL), A1-大于0的方程系数(REAL), A2-大于0的方程系数(REAL), A3-大于0的方程系数(REAL), X-热量因子(REAL), Y-水分因子(REAL), K1-热量的生态阈值(REAL), K2-水分因子的生态阈值(REAL), K3-水分因子的生态阈值(REAL) | 输出: double-杉木林生物生产力(REAL)",,Pnp Hydrothermal Optimization Model Of Chinese Fir Forest Biological Productivity
1417,27f587908b67c5e0b32058eedd8b16b6,林分生物生产力模型,,5911e756-243b-41b7-8946-0ede97c740d1,"输入: b-变量系数(REAL_ARRAY), f-种类差别参数(REAL), X-第i个生态因子(REAL_ARRAY), K-第i生态因子阈值(REAL_ARRAY), a-常数项(REAL), p-森林树种类型数目(INT) | 输出: double-林分生物生产力(REAL)",,Stand Biological Productivity Model
1418,44d884e2e5e6cec18ea217210d1e1e62,原始资料标准化模型,,4429d7b1-6b78-411c-b8be-c4133d7223df,"输入: Xis-相应参数(REAL), Xsmin-第s个因子在各样点的极小值(REAL), Xsmax-第s个因子在各样点的极大值(REAL) | 输出: double-原始资料标准化模型(REAL)",,Raw Data Standardization Model
1419,7327bf978ce1609c1c7c65d2f30eb35a,冠层水分利用效率,,0ffb3afb-29dc-41aa-a97e-a4b01bc417b0,"输入: rou-干空气的密度(REAL), cp-定压比热(REAL), lemta-凝结潜热(INT), gama-湿球系数(REAL), ca-冠层外大气中CO2浓度(REAL), cc-叶绿体内部CO2浓度(REAL), estc-叶-气水汽压梯度(REAL), ra-冠层湍流边界层阻力(REAL), rst-冠层总气孔阻力(REAL), rmt-冠层对CO2扩散的总叶肉阻力(REAL) | 输出: double-冠层水分利用效率(REAL)",,Canopy Water Use Efficiency
1420,ee14cf7edf62ee2d3d5460cbe0ca06f6,羊草地上部生态场的场梯度,,8e81be88-ab47-41f3-a3c2-a2b41dbbf499,"输入: R-表示场源植物作用距离的向量(REAL), k-模型系数(REAL), g-Gaussion参数(REAL), phiR-羊草地上部生态场的生态势(REAL) | 输出: double-羊草地上部生态场的场梯度(REAL)",,Field Gradient Of The Upper Ecological Field In The Sheep Grassland
1421,50328b3d6115b13fe6147716ef3f4edd,羊草地上部生态场的生态势模型,,b9aaec03-cb2c-4b37-82f9-fc49ff860b6d,"输入: R-表示场源植物作用距离的向量(REAL), k-模型系数(REAL), RR-场源植物的相对生长速率(REAL), N-r处的资源利用效力(REAL), f-冠的高度比(REAL), g-Gaussion参数(REAL) | 输出: double-羊草地上部生态场的生态势(REAL)",,Ecological Potential Model Of The Upper Ecological Field Of Sheep Grassland
1422,e93272c2349832ab228239adace4ecd3,农田水分平衡方程,,efd7bb93-f6a9-40cf-a530-28fc6390b203,"输入: P-生育期内大气降水量(REAL), V-日降水量(REAL), Or-地表径流量(REAL), detaW-农田土壤出水变化量(REAL) | 输出: double-农田水分平衡(REAL)",,Farmland Water Balance Equation
1423,14952c0b2a2b7104a50fd3a257bc7f45,浮游生物生物量指数,,a52d12d4-66e9-4ab8-92c2-e41a7d19fcde,"输入: Bp-所统计样本(水域)浮游植物平均生物量(REAL), Bz-所统计样本浮游动物平均生物量(REAL), Bpi-第i样本的浮游植物生物量(REAL), Bzi-第i样本的浮游动物生物量(REAL) | 输出: double-浮游生物生物量指数(REAL)",,Plankton Biomass Index
1424,7f4e6d27e095e86da0b0de83d629f465,绿洲中适宜的农田面积的计算,,a9e5ce2f-70fb-4702-a23e-e20d26f4fd4a,"输入: Hpie-年生态需水量(REAL), Spie-适宜绿洲面积模型(REAL), h-农田生态需水量(REAL) | 输出: double-绿洲中适宜的农田面积(REAL)",,Calculation Of Suitable Farmland Area In Oasis
1425,c9c760aaa1f295bfde29b2dde4ffb6d6,修正后的雪中每天最大运动距离,,04aed79a-0ccb-41ff-be6c-c7c6265af47f,"输入: Mdm-有蹄类的厨师最大每天运动距离(REAL), Y-雪中运动能量消耗的相对增加量(REAL) | 输出: double-修正后的雪中每天最大运动距离(REAL)",,Corrected Maximum Daily Distance In Snow
1426,133e436aa35cb64228304ece7eefe809,通过测量无云天气时记录下来的投射来估算,,072e75d6-b422-44fd-826c-25b2f9aefa34,"输入: Qt-平均投射到树冠下的Rpa(REAL), Q0-平均射入的Rpa总量(REAL), k-相关系数(REAL) | 输出: double-叶片面积指数(REAL)",,Estimated By Measuring Projections Recorded During Cloudless Weather
1427,2be909215f8447a5d99e51917631ddef,基于针形叶的叶面积指数的估算模型,,b0727e18-554d-49bb-90ee-294ff87f570d,"输入: Ifa-树叶面积指数(REAL), R-在每个投影区域内，被测量的投影针形面积(REAL) | 输出: double-叶片面积指数(REAL)",,Estimation Model Of Leaf Area Index Based On Needle-Shaped Leaves
1428,ebee95e8eeee01d6c7236660d7977501,基于五个顶角散射蓝光的同时衰减的树冠、叶片面积指数,,588278ff-df6e-44cb-9888-5142fd322db6,"输入: Ifa-树叶面积指数(REAL), gtheta-树叶向叫theta投影的部分(REAL), theta-夹角(REAL) | 输出: double-叶片面积指数(REAL)",,Crown And Leaf Area Index Based On Simultaneous Attenuation Of Scattered Blue Light At Five Vertex Angles
1429,aee66dde559e0a28af6ea4266832bb5e,生态位重叠系数模型,,b7ea11d6-a008-4d56-a76d-c338fd050640,"输入: detaij-椭圆(椭球)i与椭圆(椭球)j的相交面积或体积(REAL), detaai-椭圆(椭球)i的面积或体积(REAL), detaaj-椭圆(椭球)j的面积或体积(REAL) | 输出: double-生态位重叠系数(REAL)",,Niche Overlap Coefficient Model
1430,2fce1a111f38bac3a94b95fe40b27711,叶面积系数模型,,770434d9-abd8-4241-a8a6-29bca8feff1c,"输入: Ai-ti时刻整株植物的叶面积(REAL), Wi-ti时刻整株植物干重(REAL), L-相应参数(REAL) | 输出: double-叶重比(REAL)",,Leaf Area Coefficient Model
1431,8b681c2685ca2bb5a3fbcc291842f313,叶重比模型,,4ce20d0b-ea52-42b5-8a21-5b6eb6b2fbc2,"输入: Wli-ti时刻整株植物的叶干重(REAL), Wi-ti时刻整株植物干重(REAL) | 输出: double-叶重比(REAL)",,Leaf Weight Ratio Model
1432,aeb9819e6781cd76b3798ace8e760049,叶面积比模型,,fc4e0fd5-8457-4ebd-8671-d9e2b77fd434,"输入: Ai-ti时刻整株植物的叶面积(REAL), Wi-ti时刻整株植物干重(REAL) | 输出: double-叶面积比(REAL)",,Leaf Area Ratio Model
1433,2cfd7bcfd11ac9d0e3847858c8e4ff38,树木基本面积预报模型,,7257e642-f908-4c99-ae44-b19b3aa4f313,"输入: Esd-有效土壤深度(REAL), Ston-剖面上石块的平均百分比体积(REAL), Tasp-转换面(REAL), Slopos-倾斜位置(REAL) | 输出: double-预测的树木基本面积(REAL)",,Tree Basic Area Forecast Model
1434,a6404063b52ccfb445b21ff97933bd04,净生产量模型,,24db0632-9d76-4988-bc73-d207d54a9fd3,"输入: B-生物量(REAL), x-平均叶龄(REAL), lx-lx(x,x+dx)龄级内的存留率(REAL), ln-相应参数(REAL) | 输出: double-一段时间内的净生产量(REAL)",,Net Throughput Model
1435,330221f930278ffdb632b8aa74c230e7,光合作用能力,,111c0532-cd0f-4765-b92d-2403569a13e8,"输入: phi0-入射的光合作用(REAL), epslon0-当前周围二氧化碳浓度下，潜在的PAR利用率(REAL), R-与当前周围二氧化碳浓度相一致的一个引子(REAL), If-光拦截因子(REAL), Evf-表示低氮浓度条件下，比率受限的影响(REAL), w-相应参数(REAL) | 输出: double-光合作用能力(REAL)",,Photosynthetic Capacity
1436,a3302a4afe7494cb35950e8fdcc87b2c,营养物循环和现行的土壤碳流动,,96b0af28-7e36-41fd-8aa3-9ea9a7c35bd5,"输入: Jij-常数(REAL), Kij-常数(REAL), G-植物的碳生产(REAL) | 输出: double-从第j个到第i个土壤池的碳流动(REAL)",,Nutrient Cycling And Ongoing Soil Carbon Flows
1437,d2b55a0132d83e36606c20238a96e903,氮守恒,,2026097b-8325-4d4f-8b4f-3dcdb15b09e8,"输入: Nf-被共生和非共生微生物固定下来的氮总量(REAL), Nr-氮从被动池中释放的常数比率(REAL), Nd-腐烂木头中氮的释放率(REAL), Ne-氮的发散率(REAL), Nb-氮在被动池中的埋葬率(REAL), Nw-植物茎中氮的储藏率(REAL) | 输出: double-大气沉积氮的数量(REAL)",,Nitrogen Conservation
1438,9415956c396a97839efc50ed2977239a,相对湿度对分解效应模型,,6a16d924-1fa1-46b9-aeb6-af19b6db0307,输入: M-相对湿度(REAL) | 输出: double-相对湿度对分解效应(REAL),,Relative Humidity Effect Model On Decomposition
1439,ce63b41acc612f35105033f21d9d2b12,土壤Ph对分解效应模型,,502574ea-0e99-4fbb-9286-4664541076d5,输入: p-土壤Ph(REAL) | 输出: double-土壤Ph对分解效应(REAL),,Soil P H Effect Model On Decomposition
1440,8d868eeaf4f7d2eb96f39bd1e7e51a26,土壤水分对分解效应的模型,,96eb8fec-7531-4587-b132-a478c4597c80,输入: W-土壤含水量(REAL) | 输出: double-土壤水分对分解效应(REAL),,Model Of The Effect Of Soil Moisture On Decomposition
1441,470593335c0933ca3b061c71aa5cd7a3,地表温度对分解效应的模型,,e75cbef1-a549-4680-a418-d90ff0117343,输入: T-地表温度(REAL) | 输出: double-分解速率(REAL),,Model Of The Effect Of Surface Temperature On Decomposition
1442,1f979e78fcfbc9a8b4ce46511a78a3d3,叶-气系统的水流阻力模型,,f8ae3a2f-d824-436a-af8c-c137cbe840be,"输入: T-植物叶片的蒸腾速率(REAL), Phia-大气水势(REAL), Phil-叶水势(REAL) | 输出: double-叶-气系统的水流阻力(REAL)",,Flow Resistance Model Of Leaf-Gas System
1443,814e1142ffc9fe37e0e6e95d68291ca8,植物体的阻力模型,,21f8aefe-4f95-4911-971b-5e1fe4b4d1a4,"输入: T-植物叶片的蒸腾速率(REAL), Phis-土水势(REAL), Phil-叶水势(REAL), Rs-土壤阻力(REAL) | 输出: double-植物体的阻力(REAL)",,Plant Resistance Model
1444,d34101bbe1313c0636001a04e1e9a3dd,土壤阻力模型,,dbb4f4a8-f68c-41d5-a3e4-6c0e7e18d25d,"输入: phim-土壤基质势(REAL), phimo-土壤水分特征曲线上饱和点的进气值(REAL) | 输出: double-土壤阻力(REAL)",,Soil Resistance Model
1445,7c67f98c2ea9a9829ae87b41f1ad2a16,虫口对产量的损失模型,,fd7e01b1-d493-453b-92c5-adaaff97b9d8,"输入: x2-相应参数(REAL), x4-相应参数(REAL) | 输出: double-预测的产量(REAL)",,Yield Loss Model Due To Insect Population
1446,d67b5c3292d4a0e48ef1da0869aa1ecb,产量预测模型,,8bbaeb24-e953-4c28-bc20-74cd3182057f,"输入: x1-相应参数(REAL), x2-相应参数(REAL), x3-相应参数(REAL), x4-相应参数(REAL) | 输出: double-预测的产量(REAL)",,Yield Forecasting Model
1447,dc7a9912979f250acaa8fd07bd49bdec,相对电导率,,b9934b9c-ed9b-4a13-944c-e15a306271c1,"输入: a-处理电导率(REAL), b-对照电导率(REAL), c-最大电导率(REAL) | 输出: double-相对电导率(REAL)",,Relative Conductivity
1448,5e811af9235d601aaa8f76c0da7a078a,BACI取样方案的两种分析模型,,79b26993-90db-4ac1-b7ee-78db48531453,"输入: m-在事前期内受控站点的平均值(REAL), Sij-在第i次调查第j次操作期的影响(REAL), Lk-地点的影响(REAL), E-环境冲激对生态的影响(REAL), epslon-误差(REAL), Pj-操作期的影响(REAL) | 输出: double-第i次调查、第j次操作期、第k个区域中得到的丰度值(REAL)",,Two Analytical Models For BACI Sampling Plans
1449,24e924eb98207e6279732a690e841964,光利用效率模型,,b4711ad6-596b-4720-bd37-1649f42c2815,"输入: C-叶绿素a浓度(REAL), K-海水的总吸收光系数(REAL), Kc-参数(REAL), Ec-能量转换效率(REAL) | 输出: double-光利用效率(REAL)",,Light Utilization Efficiency Model
1450,34a8813f0328707b0f00de1177d3fa87,量子产值模型,,d24b0952-01ab-44c7-829d-c86e3b040491,"输入: Rps-光合储存光能(REAL), Rpuabs-光合利用光(REAL) | 输出: double-量子产值(REAL)",,Quantum Production Value Model
1451,e399e98d857e86c7e981aee5f2f490f0,光合利用光模型,,d7c17bf5-be7f-4e6b-82be-daa7bacff02a,"输入: Rpaabs-水体吸收的光合可用光(REAL), C-叶绿素a浓度(REAL), K-海水的总吸收光系数(REAL), Kc-参数(INT) | 输出: double-光合利用光(REAL)",,Photosynthetic Utilization Light Model
1452,5d50d5f6e4317537db61c1fd26a4f5b0,侧柏、油松混交林混交效益模型,,49fd8fc4-5c6c-472c-aba1-b282ea1183c8,"输入: F1-混交林值(REAL), F2-侧柏纯林值(REAL) | 输出: double-侧柏、油松混交林混交效益(REAL)",,Mixed Benefit Model Of Platycladus Orientalis And Pinus Tabulaeformis Mixed Forest
1453,19a60bb8a0573d547bfaf5039336c509,泥炭样本中的气体流通率,,47931d82-262f-4f29-940c-242a64ed04bc,"输入: D-周围环境的温度、压力和湿度条件下，纯净气体的密度(REAL), V-有效顶部空间的容积(REAL), t-时间间隔(REAL), C-最终的气体摩尔浓度(INT), Ca-最初的气体摩尔浓度(REAL), M-泥炭样本的干量(REAL) | 输出: double-泥炭样本中的气体流通率(REAL)",,Gas Flow Rates In Peat Samples
1454,ef5c0c51defc1124242f300fa08a1ea3,存储在分解者中的能量变化率,,1b34c9e4-60f6-47e6-8851-ff6552e0c7ba,"输入: k1-枯枝落叶转移到分解者的能量速率(REAL), x1t-存储在枯枝落叶中的能量(REAL), k2-分解者因呼吸作用的能量消耗速率(REAL), x2t-存储在分解者中的能量(REAL) | 输出: double-存储在分解者中的能量变化率(REAL)",,Rate Of Change Of Energy Stored In The Decomposer
1455,b6e0986fe3528b97eb2c4b2936421aaa,存储在枯枝落叶中的能量变化率,,12e0d3bf-4769-49dc-9768-cacf910cab76,"输入: k1-枯枝落叶转移到分解者的能量速率(REAL), x1t-存储在枯枝落叶中的能量(REAL), Ut-输入变量(REAL) | 输出: double-存储在枯枝落叶中的能量变化率(REAL)",,Rate Of Change Of Energy Stored In Litter
1456,1f09c437ca1fddd7bd1f51ff93f31f00,各防治措施所挽回的损失模型,,23c50dcc-02af-4376-9c2a-f07ddb0d3eee,"输入: N-油松毛虫幼虫密度(REAL), W-油松针叶重(REAL), Ri-第i种措施防治效果(REAL), S-油松密度(REAL), Wpie-参数(REAL) | 输出: double-各防治措施所挽回的损失(REAL)",,Model Of Losses Recovered By Each Prevention And Control Measure
1457,e8415dc71a18a03b095096f6f0ca0544,从蒸腾面到大气的水流通量模型,,881194de-4470-4355-8f22-bd5d22890abd,"输入: deta-饱和水汽压-温度曲线上的长书斜率(REAL), Ila-叶面积指数(REAL), K-冠层消光系数(REAL), Rno-冠层上方总净辐射(INT), rou-空气密度(REAL), es-空气饱和水汽压(REAL), ea-实际水汽压(REAL), ral-冠层周围空气的水汽扩散阻力(REAL), lemta-温度计常数(REAL), rst-叶气孔阻力(REAL), Cp-空气定压比热(REAL) | 输出: double-SPAC的水分通量(REAL)",,Water Flux Model From The Transpiration Surface To The Atmosphere
1458,292213f879ebbe8aef0aaef91832b80e,SPAC的水分通量模型,,aec24f38-18be-4881-ace8-ac5b738ae6f3,"输入: phis-水土势(REAL), phil-叶水势(REAL), Rs-水从土壤流到根表面的阻力(REAL), Rp-水流到通过植株体的阻力(INT) | 输出: double-SPAC的水分通量(REAL)",,Moisture Flux Model For SPAC
1459,e5ee8d135d6ee669b3715cb7e687be10,地上植物冠层的能量平衡模型,,42890d36-59a8-4e70-a24d-a4eda2d08fea,"输入: Ila-叶面积指数(REAL), K-冠层消光系数(REAL), rou-空气密度(REAL), Cp-空气定压比热(INT), Tl-叶温(REAL), Ta-气温(REAL), es-空气饱和水汽压(REAL), ea-实际水汽压(REAL), lemta-温度计常数(REAL), deta-饱和水汽压-温度曲线上的长书斜率(REAL), rst-叶气孔阻力(REAL), ral-冠层周围空气的水汽扩散阻力(REAL) | 输出: double-冠层上方总净辐射(REAL)",,Energy Balance Model Of Aboveground Plant Canopy
1460,700b24e75d96cad6b34fc6f22f223206,群体潜在蒸腾量,,2919396f-946e-46dc-bf96-e84d43106783,"输入: Q-第i生长阶段内的太阳辐射(REAL_ARRAY), J-第i生长阶段群体太阳能吸收量与叶面积指数的比例关系值(REAL_ARRAY), D-第i生长阶段的生长天数(REAL_ARRAY), n-生长阶段数(INT) | 输出: double-群体潜在蒸腾量(REAL)",,Population Potential Transpiration
1461,dd9677cabd581dba6a08663c025a3f3a,原始森林植被的面积与人口密度之间的关系,,504c84fc-b0d7-41b0-a8c1-48bbf910712b,输入: rou-人口密度(REAL) | 输出: double-n原始森林植被面积(REAL),,The Relationship Between The Area Of ​​primary Forest Vegetation And Population Density
1462,3f1d6fb322ec9c9a88038907f0016528,自然草场的累进减少量,,9c43bbc0-5d4d-4ca1-a8c9-7988b9006217,"输入: P0-总可用面积(REAL), a-模型参数(REAL), t-时间(REAL), tou-时间(REAL), Btou-在tou年份草场的灌丛侵蚀(REAL) | 输出: Bt-在t年份草场的灌丛侵蚀(REAL)",,Progressive Reduction Of Natural Pasture
1463,8ad8ff9a57099b2a01458c65836589b1,人口密度与时间的关系,,0294ca6c-a6e5-4f56-b36c-afa90cc1def0,输入: i-公元纪年(REAL) | 输出: double-人口密度(REAL),,The Relationship Between Population Density And Time
1464,fcac0f25363e23f635fad8dd61012637,n片叶组成的样本总体面积模型,,5095d2e8-87ce-47e9-911d-3d14eeaa6fcc,"输入: d-第i片叶的宽度(REAL_ARRAY), l-第i片叶的长度(REAL_ARRAY), n-叶片的数目(INT) | 输出: double-n片叶组成的样本总体面积(REAL)",,Sample Overall Area Model Composed Of N Leaves
1465,47cedd9868f74907ceedf580eb75fa4f,一片叶的面积模型,,15baa5d5-420d-4619-acb1-90868aa73e32,"输入: d-叶宽(REAL), l-叶长(REAL) | 输出: double-一片叶的面积(REAL)",,Area Model Of A Leaf
1466,9d12b6c8ff53375b3de8ddf70669d1dd,关系系数模型,,dc297e6f-3704-42ed-a76f-63010a6bada4,"输入: detaMin-各时刻间输沙量差的最小值(REAL), detaMax-各时刻间输沙量差的最大值(REAL), detaijt-各时刻间输沙量差(REAL), k-系数(REAL) | 输出: double-关系系数(REAL)",,Relationship Coefficient Model
1467,96c9de922237a0722116b5ebdb381d0f,Morisita指数,,9f922d28-08e8-4a8b-81fb-5e104d1771c3,"输入: N-样本总数(INT), n-第i个样品中动物的数量(REAL_ARRAY), x-总样品中动物数量的总和(REAL) | 输出: double-Morisita指数(REAL)",,Morisita Index
1468,ad183ebade81ea4dc6096523227a3ec3,平均拥挤度模型,,5f07e809-8c47-4b95-bb60-aa493d7c4350,"输入: x-相应参数(REAL_ARRAY), n-样本总数(INT) | 输出: double-扩散指数(REAL)",,Average Crowding Model
1469,7bb85a92af6e7ee6eb96727c9199fd89,扩散指数模型,,6fab36f5-16f0-4bfd-8257-bf7a37ec11a7,"输入: x-相应参数(REAL_ARRAY), n-样本总数(INT) | 输出: double-扩散指数(REAL)",,Diffusion Exponential Model
1470,6f60be13707952b6fd7f2ce4593d9d87,直射光通量,,5c2b6c2d-32d4-4879-ad3a-29226f0201ed,"输入: I0-直射光强度(REAL), alpha-坡度(REAL), beta-坡向(REAL), phi-地理纬度(REAL), w-时角(REAL), deta-太阳赤纬(REAL) | 输出: double-坡度为alpha、坡向为beta坡面上直射光到达量(REAL)",,Direct Luminous Flux
1471,aa1c86ee6209e54aae1c9c6c7de49984,土壤微生物呼吸速率的季节变化与土壤温度季节变化之间的一元回归方程,,460f7b2a-1900-43d4-b246-477c5e1406b4,输入: x1-土壤温度季节变化(REAL) | 输出: double-土壤微生物呼吸速率(REAL),,Univariate Regression Equation Between Seasonal Changes In Soil Microbial Respiration Rate And Seasonal Changes In Soil Temperature
1472,50b79ae3faa7f7ec4bf975fcc584b5fb,ECOTONE的脆弱度指标,,a14dbf6a-3579-444c-bea3-47b419fabacf,"输入: R-实际观测A交B交C的面积(REAL), Er-采用概率所计算的期望面积(REAL), MaxR-最大可观测到的重叠面积(REAL) | 输出: double-脆弱度指标(REAL)",,Ecotone’s Vulnerability Indicator
1473,0b30e8f4fea408d7b5c6681cafff5a3a,生态环境脆弱带的宽度指标模型,,4c6bd9c5-be71-462e-809f-80356c402681,"输入: x1-参数(REAL), rou1-参数(REAL), rou2-参数(REAL), x2-参数(REAL) | 输出: double-事实上的重叠带宽度(REAL)",,Width Index Model Of Ecological Environment Fragile Zone
1474,1dbd53f99128e993df03684b870634e2,降水量模型,,9b4de72b-a0c9-4a66-a414-01c1a7477e53,输入: A-反射率(REAL) | 输出: double-降水量(REAL),,Precipitation Model
1475,99f41a8a12358f0c8c598e876bc2c2b9,空气相对湿度模型,,93076782-efc0-49dc-8d30-20e66e38e2d9,输入: A-反射率(REAL) | 输出: double-空气相对湿度(REAL),,Air Relative Humidity Model
1476,6d84baf71beddcaafa5676e8f169975c,蒸腾的估算模型,,2e031d0d-dd14-4732-b4f2-d0f0d73e5503,"输入: Apie-冠层所接受的净辐射能(REAL), D-空气饱和差(REAL), rST-冠层总气孔阻力(REAL), L-汽化潜热随温度变化的斜率(REAL), deta-饱和水汽压随温度变化的斜率(REAL), rou-干空气的密度(REAL), Cp-干空气的比热(REAL), lemda-干湿球常数(REAL) | 输出: double-蒸腾量(REAL)",,Transpiration Estimation Model
1477,64ab183cd902238c5e32c84d0fc5d21d,某一光强下的光合速率模型,,4c56b412-2a90-42f7-83b5-4da2974383f2,"输入: Id-光强(REAL), A-常数(REAL), B-常数(REAL) | 输出: double-某一光强下的光合速率(REAL)",,Photosynthetic Rate Model Under A Certain Light Intensity
1478,a4ea4d6fcef92857ca3343e75e36c918,水下某深处的辐射强度Id模型,,9d087fe0-3881-4053-9904-91c6f04c9e5c,"输入: I0-水表面的辐射强度(REAL), D-水面下的深度(REAL), K-消光系数(REAL) | 输出: double-水下某深处的辐射强度(REAL)",,Radiation Intensity Id Model At A Certain Depth Underwater
1479,a8d7bf9350c15b52c0a2889e2e96d5b6,有效作用温度模型,,b54ca2e1-3c8f-4718-af26-e383550012fa,"输入: Ta-气温(REAL), re-当量热阻(REAL), pcp-热阻与热传导率之积(REAL), Qa-生物吸收的总辐射(REAL), epslon-相应参数(REAL), rou-相应参数(REAL) | 输出: double-有效作用温度(REAL)",,Effective Temperature Model
1480,938eae3482dd6cd87e04a8cfe6b6526a,热平衡方程,,21f1325a-9b46-4dfc-a3c6-5d092cbc7a6f,"输入: M-生物单位面积的代谢产热量(REAL), lemada-蒸发潜热(REAL), E-单位时间内所失去的水重量(REAL), rhb-身体热阻(REAL), re-当量热阻(REAL), rha-对流热阻(REAL), pcp-热阻与热传导率之积(REAL), T-温度(REAL), epslon-相应参数(REAL), rou-相应参数(REAL) | 输出: double-生物吸收的总辐射(REAL)",,Heat Balance Equation
1481,de5522f817bbe5232fa80b2e302a477d,热阻模型,,88e083ed-655f-4234-b174-7539f893d6b0,"输入: rhb-生物体热阻(REAL), re-生物皮肤外覆盖物热阻(REAL), rv-潜热散失的热阻(REAL) | 输出: double-热阻(REAL)",,Thermal Resistance Model
1482,9ca46b367ef4d22cb2becbac7602096e,种群分布界线的隶属度函数,,553b2f4a-7bbf-47cb-8322-db8387e80e18,"输入: xi-相应参数(REAL), a-由绵羊过渡的综合气候指标共同确定的值(REAL), b-由山羊过渡的综合气候指标共同确定的值(REAL) | 输出: double-种群分布界线的隶属度(REAL)",,Membership Function Of Population Distribution Boundary
1483,12dad8682008e45fe4a9988638b41115,生物与其环境的热平衡,,6e39eb40-58d0-4eeb-9e1a-42e9971bc877,"输入: Rabsorb-吸收的辐射热(REAL), Rdissipate-发射的辐射热(REAL), Hc-对流失热(REAL), Hk-传导传热(REAL), lemtaE-潜热损失(REAL) | 输出: double-代谢产生的热(REAL)",,Thermal Balance Between Organisms And Their Environment
1484,ee13f030cc4a33aab2cb9ec45259a5a7,生物体表面蒸发水分模型,,925ceeba-b5ca-4754-a0fd-9fe34bb61330,"输入: Ps-生物体表流动空气中的水汽分压(REAL), Pa-生物体周围流动空气中的水汽分压(REAL), rv-水汽蒸发时的阻力(REAL) | 输出: double-单位时间内蒸发的水分(REAL)",,Biological Surface Evaporation Water Model
1485,db01dca60e2f447a37196e99e34b1925,绝对温度与水气压的关系模型,,2c8cdcf3-feb6-45ce-998b-96dd00d2a27c,"输入: P-水汽分压(REAL), T-空气的绝对温度(REAL) | 输出: double-绝对温度(REAL)",,Model Of The Relationship Between Absolute Temperature And Water Pressure
1486,17031856f73c08beb8a5f8771bf9c116,传导热传递,,5da63890-b276-4823-a2a6-21ba6a27a393,"输入: hK-传导系数(REAL), A-传导面积(REAL), L-传导厚度(REAL), T1-生物表面温度(REAL), T2-环境基底温度(REAL) | 输出: double-单位时间与面积传导的热量(REAL)",,Conductive Heat Transfer
1487,ee56df2040702735c4b4333cb0c0f49c,对流热传导模型,,f88feabc-2e8e-4d9d-b201-72a2ca5f3873,"输入: hC-对流系数(REAL), A-对流表面面积(REAL), Ts-生物体表面的平均温度(REAL), Ta-生物体周围的空气温度(REAL) | 输出: double-对流热传导总量(REAL)",,Convective Heat Conduction Model
1488,a99cf81c74be1aa379940636ecbb16f7,长波净辐射量模型,,358d1d07-c779-4e83-bf33-a4662bfd4e4e,"输入: epslon1-生物发射率(REAL), epslon2-环境的发射率(REAL), T1-相应的绝对温度(REAL), T2-相应的绝对温度(REAL), rou-常数(REAL) | 输出: double-长波净辐射量(REAL)",,Longwave Net Radiation Model
1489,f04e0e040c4ce8eda2ce504e4373a325,物体吸收的辐射量R模型,,09c53267-2071-44fe-8957-656fb62d647a,"输入: A-表面吸收率(REAL), S-暴露于辐射下的表面积(REAL) | 输出: double-物体吸收的辐射量(REAL)",,The Amount Of Radiation Absorbed By An Object R Model
1490,4e6b2478a317a48e83a626c1a12ab166,发射的辐射能量模型,,6f2fefbe-9fd8-49c4-9c61-2b43049dd660,"输入: epslon-发射率(REAL), rou-常数(REAL), T-辐射体的绝对温度(REAL) | 输出: double-发射的辐射能量(REAL)",,Emitted Radiant Energy Model
1491,edc61a4dd72f9cfdeff66407904a769d,根据年降水量计算的生物生产量,,4b26c9e3-4c52-4d75-af20-621e2a5c9da7,输入: P-年降水量(REAL) | 输出: double-根据年降水量计算的生物生产量(REAL),,Biological Production Based On Annual Precipitation
1492,af5da77e14d17452a9ba1f6656ffc882,根据年均温计算的生物生产量,,541897a1-c3cb-4935-a7b8-bebc2b59a7f6,输入: t-年均温(REAL) | 输出: double-根据年均温计算的生物生产量(REAL),,Biological Production Based On Average Annual Temperature
1493,3577cbaa7e5908a0116962f003b77b03,污染物地表浓度的高斯烟柱模型,,1450debc-6907-4b82-a7d4-9c8b08d8dae5,"输入: Q-污染源强度(REAL), x-水平风向距离(REAL), y-水平横风距离(INT), u-风速(REAL), rouy-横向的离差参数(REAL), rouz-垂直的离差参数(REAL), H-烟柱的有效高度(REAL) | 输出: double-污染物地表浓度(REAL)",,Gaussian Plume Model For Surface Concentration Of Pollutants
1494,b08e844b43ee3f9896cfab926c830216,最大光合作用对施肥的反应,,2462883f-1261-4767-b2e0-3102395d0d13,输入: P-磷施肥率(REAL) | 输出: double-最大光合作用对施肥的反应(REAL),,Maximum Photosynthesis Response To Fertilization
1495,accd0ddb5e69dc60459a0a23d5b07581,沼泽松中碳积累的模拟,,6168cd58-9d8f-4fdf-9790-9232c57e5817,"输入: M1-没有施肥时光合作用的最大比率(REAL), F-施肥相应函数(REAL), k1-限制碳积累的负反馈系数(INT), a1j-不变的线性转换系数(REAL_ARRAY), G2-数量(REAL), n-沼泽松的碳含量(INT), X1-参数(REAL) | 输出: double-沼泽松的碳含量变化率(REAL)",,Modeling Of Carbon Accumulation In Bog Pine
1496,f0f05e28abd0da1cb034fe6cca1e2e5a,植物热值模型,,9d4c12db-924a-40bf-ae49-9f13224ce4ba,"输入: T-校正后的实际温升(REAL), W-内筒水重(REAL), E-水当量(INT), G1-引火丝的热值(REAL), G2-酸的生成热(REAL), M-植物样品重量(REAL), detaW-水的比热校正(REAL) | 输出: double-植物样品的热值(REAL)",,Plant Caloric Value Model
1497,60122d72441ddaf4bb9d0876899a33d6,上行无散射模型,,89c5817c-9070-4f9c-9041-6f50f6c1b606,"输入: Th-该层的透射率(REAL), Ucj-j层上因h方向的短波辐射引起的向上辐射通量(REAL) | 输出: double-j+1层上因h方向的短波辐射引起的向上辐射通量(REAL)",,Upward Scattering-Free Model
1498,15bd03b721c527359997b9f22fe14035,下行无散射模型,,58af75b8-b59d-49c2-a4fb-eefa705f6260,"输入: Th-该层的透射率(REAL), Udj-j层上因h方向的短波辐射引起的向下辐射通量(REAL) | 输出: double-j+1层上因h方向的短波辐射引起的向下辐射通量(REAL)",,Downward Scattering-Free Model
1499,3e26bbfdb22a84a309748f6daa6a166c,冲积平原的输入负载模型,,ffec805b-c908-4d90-8df0-72be85a71f8c,"输入: L-在洪水期i中运移的物质的负载量(REAL_ARRAY), Qt-每年总的流失量(REAL), Q-在洪水期i中流失的体积(REAL_ARRAY), n-洪水期数(INT) | 输出: double-冲积平原的输入负载(REAL)",,Flood Plain Input Load Model
1500,ca15e07b0be614859864fec18e78fd50,辐射日总量模型,,caacfe8a-c7bb-4e8c-815f-0cb7a248b31a,"输入: Salphabeta-直接辐射量(REAL), Dalpha-散射辐射量(REAL) | 输出: double-辐射日总量(REAL)",,Radiation Daily Total Model
1501,aeecfa3ed59d6cac06e99f830efb47b7,散射辐射量模型,,40235843-1635-41fb-9437-59c7cccbe07a,"输入: D-到达水平面上的散射辐射通量(REAL), alpha-坡度(REAL) | 输出: double-散射辐射量(REAL)",,Scattered Radiation Model
1502,88b675caeaaa8b67218e52c1ee115fa6,直接辐射量模型,,3fbd6e93-f095-427b-bec9-df878af3f896,"输入: alpha-坡度(REAL), beta-坡向(REAL), t-太阳时角(REAL), phi-地理纬度(REAL), deta-太阳赤纬(REAL), I0-直射光强度(REAL) | 输出: double-直接辐射量(REAL)",,Direct Radiation Model
1503,a48c2a94fe15d507f0b176b7f394d000,街道绿化减噪模型,,f6aa434f-62b2-4cfb-9a81-7a9a88cfbd8b,"输入: d-噪声源至绿化带的距离(REAL), Z-林带带数(INT), Bm-林带宽度(REAL), Am-林带间距(REAL), beta-林带吸收系数(dB/m)(REAL) | 输出: double-通过林带和一定距离后噪声的衰减值（分贝）(REAL)",,Street Greening And Noise Reduction Model
1504,17ba89f81f253278f5d5e79e8e84b1af,相似系数模型,,f702175b-0964-410e-9f3b-92afcee8b8bd,"输入: djk-距离系数(REAL), M-适当的常数(REAL) | 输出: double-相似系数(REAL)",,Similarity Coefficient Model
1505,ed577fe44b27dec84f04077abcd4141c,斜面太阳辐射强度,,a6cc4f78-797f-47ff-be09-bbe4a5a0ef11,"输入: I0-与太阳光线相垂直于平面上辐射强度(REAL), alpha-坡度(REAL), beta-斜面方位角(REAL), phi-纬度(REAL), deta-太阳赤纬(REAL), W-地球自转角速度(REAL), t-时角(REAL) | 输出: double-斜面太阳辐射强度(REAL)",,Inclined Solar Radiation Intensity
1506,12955ac875528e020594e160936a0fcc,冷却系数,,bab4e4c7-3602-4dab-84e0-e67a188571eb,"输入: F-热传递器的冷却因素(REAL), t2-环境温度(REAL) | 输出: double-冷却系数(REAL)",,Cooling Coefficient
1507,b31932cc617a842d5fea346635b0538f,热传递器的冷却因素,,5a477870-f29d-4ebf-a8d6-bd697137f77c,"输入: C-某物体质量的比热(REAL), P-密度(REAL), V-体积(REAL), S-面积(REAL) | 输出: double-从燃烧中心点到引燃阵列中任意其他点所需的时间(REAL)",,Cooling Factors For Heat Transfer Devices
1508,d9e142ce1ee0e01e7fec43c97c9bf456,从燃烧中心点到引燃阵列中任意其他点所需的时间,,d2d781a3-1ae2-4fd7-8e05-6b68b4e3004a,"输入: C-常数(REAL), M-相应参数(REAL), e-椭圆模板的离心率(REAL), dxy-Y点至X点的距离(REAL), theta-Y方向偏离X方向的角度(REAL) | 输出: double-从燃烧中心点到引燃阵列中任意其他点所需的时间(REAL)",,The Time Required From The Center Point Of Combustion To Any Other Point In The Ignition Array
1509,1a898c5715c680c6c8d8b750c291e3c7,r-K扩散系统,,e8ae7239-aeb4-417a-8447-e446d06087b7,"输入: h1-参数(REAL), detaN1-参数(REAL), N1-参数(REAL), r1-参数(REAL), x-参数(REAL), P1-参数(REAL), a1-参数(REAL), a12-参数(REAL), N2-参数(REAL) | 输出: double-物种S在时间t的密度(REAL)",,R-K Diffusion System
1510,d31293933f4f09b3f99e83cd97e86b1e,土壤中残留农药R模型,,1b9d5869-6476-45ec-ad8b-77f64bcdfc5d,"输入: Q-当年施入土壤的农药(REAL), K-残留系数(REAL), n-施药年数(INT) | 输出: double-土壤中残留农药(REAL)",,R Model Of Pesticide Residues In Soil
1511,1d859da19fd70de4117df718a4f19e86,河流污染的相似系数,,3b668a74-11e8-4b43-b2d6-47da487b1e21,"输入: d1-采样点的指标(REAL), d2-采样点的指标(REAL), rij1-第i和第j采样点在定量指标和定性指标上的相似系数(INT), rij2-第i和第j采样点在定量指标和定性指标上的相似系数(REAL) | 输出: double-河流污染的相似系数(REAL)",,Similarity Coefficient Of River Pollution
1512,3eb2a31339d9f2cf9f1823bea6802a7a,种子散布距离,,e8ed9c2e-a6db-4941-8ca5-b8506b4c3cfe,"输入: V-种子在其弹出路线上平均时间内的平均风速(REAL), H-种子释放出来时的高度(REAL), Vf-种子的降落速度(INT) | 输出: double-种子散布距离(REAL)",,Seed Dispersion Distance
1513,f6fa5a1dddf18b1708bcbaab13638375,模拟氟化物在森林中的沉积,,13afbf9a-7b5a-4b48-abad-1ed9b025995b,"输入: s-氢氟化物的溶解性(REAL), Ca-氢氟化物的大气浓度(REAL), ra-空气动力学边界层阻力(INT), rs-气孔阻力(REAL), ri-内部阻力(INT), rc-表面表皮阻力(REAL) | 输出: double-到叶片表面的氢氟化物的流量密度(REAL)",,Modeling Fluoride Deposition In Forests
1514,1cf00c792b8e9f286c428eacd4abc5aa,物种-区域关系的变化分析方程,,19a58729-e0a1-4682-bbcf-1ab4ad268e5a,"输入: A-面积(REAL), c-正常数(REAL), z-正常数(REAL) | 输出: double-物种数量(REAL)",,Change Analysis Equations For Species-Area Relationships
1515,71c7634683fd2509f3ff42f5218e0a01,物种组成的变化可以通过植物差异系数来定量化,,d1ea8e89-73e8-4dfd-ba69-68ee40516e88,"输入: p1i-样方1中给定物种的重要性(REAL_ARRAY), p2i-样方2中同一物种的重要性(REAL_ARRAY), n-物种数(INT) | 输出: double-植物差异系数(REAL)",,Changes In Species Composition Can Be Quantified By Plant Dissimilarity Coefficients
1516,70d590aaf56a2706a4cffbb846f6978c,道路附近植被覆盖百分比的降低,,6d9b6b02-360f-4c9c-916a-276121a075c7,"输入: C1-样方1中的覆盖百分比(REAL), C2-样方2中的覆盖百分比(REAL) | 输出: double-道路附近植被覆盖百分比的降低(REAL)",,Reduction In Percentage Of Vegetation Cover Near Roads
1517,50b20629ee2eee92bde625cbf3c12ffd,每天的光合作用,,608e20cf-a0cd-4d91-9607-d2539981d101,"输入: SigmaPaRs-一天的总和(REAL), Rd-当平均组织温度为Td时，夜晚呼吸的CO2总量(REAL), Td-温度(REAL), T1-一天里的平均组织温度(REAL) | 输出: double-每天的光合作用(REAL)",,Daily Photosynthesis
1518,bb96b09c299847d5a64b370612ae9ead,净光合作用,,f1becdbb-ad36-4e5f-8efb-97f3b1b4be01,"输入: PaRa-24小时植冠和大气之间的CO2净交换(REAL), Rs-24小时中土壤微生物体使用的CO2总量(REAL) | 输出: double-净光合作用(REAL)",,Net Photosynthesis
1519,a73cac11fa4eb319fb0f365561942f31,植物生产量预测模型,,6bdf496c-40ef-481e-956f-1808340c116d,"输入: A-待定常数(REAL_ARRAY), T0-最佳温度(REAL), F0-最佳施肥量(REAL), W0-最佳水量(REAL), T-温度(REAL), F-施肥量(REAL), W-水量(REAL), n-选择参数(INT) | 输出: X-序参量(REAL)",,Plant Production Prediction Model
1520,851ef60ee8332f3a5de2698c50893a84,贴近度,,b38cf20d-2729-415c-a6b0-584299cd3fe2,"输入: mjuA-A集合元素(REAL), mjuB-B集合元素(REAL) | 输出: AB-几何元素贴近度(REAL)",,Closeness
1521,f157675bc82589c87ac5ca5438d603ca,产出模型,,da7da239-b720-4118-882e-eee66ea8ab8a,"输入: a-直接消耗系数(REAL_ARRAY), n-系统个数(INT), xi-总产出(REAL) | 输出: yi-最终输出(REAL)",,Output Model
1522,aa37f2f78448d9f192b42d12d5d315bf,投入模型,,25ee1da9-6aa2-4a4a-b12d-6f9c1e4d0f32,"输入: b-直接投入系数(REAL_ARRAY), n-系统个数(INT), uj-总投入(REAL) | 输出: zj-系统外输入(REAL)",,Investment Model
1523,5dda2db0b357cefca43f7b8e3dae01e8,模型的收敛,,cdd468c5-5f66-4d7d-97a3-04a38cf79670,"输入: L-年数(INT), xN-第N次运行的平均反应(REAL_ARRAY), xN1-第N-1次运行的平均反应(REAL_ARRAY) | 输出: Rho-收敛度(REAL)",,Model Convergence
1524,17fafadaee655d7f1c41f3a87e0f4c53,指示变量的灵敏度,,7952eae3-6f72-4182-849e-59d0edb70c87,"输入: ppnew-松树基部新的面积密度(REAL), ppold-松树基部老的面积密度(REAL), mjupold-模型的输入参数(REAL), mjupnew-模型的输入参数(REAL), mjuold-模型的输入参数(REAL) | 输出: Gamma-指示变量的灵敏度(REAL)",,Indicates The Sensitivity Of The Variable
1525,a6e8a05522ad0c55a272dddf0a4f8c1f,乱流扩散公式,,e97d223f-2183-4a5d-841a-43391ff8602a,"输入: rho-空气密度(REAL), kw-水汽乱流扩散系数(REAL), q_z-比湿梯度(REAL) | 输出: PhiE-水汽扩散通量(REAL)",,Turbulence Diffusion Formula
1526,c4d40ae40d1d8a58f2452fdd0a7af9f0,风险模型,,e177f2af-5a17-42a8-ad46-51d002fcc84b,"输入: Lamda-风险源对区域生态风险作用的权重值(REAL_ARRAY), Pj-风险小区内j类风险源发生的概率(REAL_ARRAY), Rek-风险小区内生态指数(REAL), Rfk-风险小区内脆弱度指数(REAL), N-生境个数(INT) | 输出: Rk-风险参数(REAL)",,Risk Model
1527,b2d88b184b5869df282563fa36491474,生态指数模型,,9e3bc46b-e8eb-41f0-b6c1-60a499f2d145,"输入: Lamda-各指标权重(REAL_ARRAY), Ui-i类生境的各种指标(REAL_ARRAY), N-生境个数(INT) | 输出: Ei-生态指数(REAL)",,Ecological Index Model
1528,4156fd7e8c79784262e7145bb1e8e910,小橡树死亡可能性对数回归模型,,52fb9504-ff08-4b2a-9f14-73cc026a88c6,"输入: PAI-在一个特定的火灾频率及树径的自然对数(REAL), F-1984到1995年中观测到的火灾指数(REAL), D-树的胸径自然对数(REAL) | 输出: bool-是否相等(INT)",,Logistic Regression Model Of The Probability Of Death Of Small Oak Trees
1529,f22b45ffe8f34f198943812323332623,平均相对增长率,,c6137c1b-a300-467b-80ca-5012cd2f6216,"输入: x1-时间t1的密度或基本面积(REAL), x2-时间t2的密度或基本面积(REAL), t1-参数(REAL), t2-参数(REAL) | 输出: RGR-平均相对增长率(REAL)",,Average Relative Growth Rate
1530,9fdf9412b9bc7e231017498977f46ddf,含蓄水量Iw模型,,3eb910aa-a196-438d-9c6d-ffa430386fd4,"输入: l-各种用地面积(REAL_ARRAY), w-各种含蓄水源量(REAL_ARRAY), L-聚落总面积(REAL), Wmax-顶级植物群落涵蓄水原谅(REAL), k-子系统数量(INT) | 输出: Iw-含蓄水量(REAL)",,Implied Water Capacity Iw Model
1531,1a1d5e033cc30a072289dcee6a355259,土壤侵蚀相对强度,,572332d0-f195-4f79-9393-083e9277ae47,"输入: E-各种土地利用方式所产生侵蚀量(REAL_ARRAY), E_-聚落内各类土壤允许侵蚀量(REAL_ARRAY), k-子系统数量(INT) | 输出: Is-土壤侵蚀相对强度(REAL)",,Relative Intensity Of Soil Erosion
1532,e0571033c952f185c06f5f5d02c03cab,生活用水保证率,,acfc39c2-be77-4e59-9759-c56868e5e2ac,"输入: p-各类人口数量(REAL_ARRAY), d-各类人口保证用水日数(REAL_ARRAY), P-聚落人口数(REAL), k-子系统数量(INT) | 输出: W-生活用水保证率(REAL)",,Domestic Water Guarantee Rate
1533,75afab5ebe933112de0be432cae66794,薪柴攻击能力S模型,,ffa7c04d-f101-4de9-bf8a-87fdafb4c146,"输入: M-聚落薪柴年净生长值(REAL), N-聚落薪柴年热值(REAL), m-各个燃料数量(REAL_ARRAY), n-各个燃料热值(REAL_ARRAY), k-子系统数量(INT) | 输出: S-薪柴攻击能力(REAL)",,Firewood Attack Capability S Model
1534,e04d0e5478c583e24044a0aee8ea6d2d,经济环境指标,,b4b0ad39-6c28-4554-a5fa-5f28794cd952,"输入: N-聚落总收入(REAL), n-各个子系统的收入(REAL_ARRAY), k-子系统数量(INT) | 输出: T-稳定性(REAL)",,Economic Environment Indicators
1535,e8326744c721378c633ee1872759a712,生态脆弱性指数EFI,,a3b69f2b-53a9-4171-b374-f2e81eb80d5b,"输入: C-敏感因子权重(REAL_ARRAY), alpha-实际值(REAL_ARRAY), T-阈值(REAL_ARRAY), n-数目(INT), maxT-最大阈值(REAL), minT-最小阈值(REAL) | 输出: EFI-生态脆弱性指数(REAL)",,Ecological Vulnerability Index EFI
1536,bdebbd38a4b211a7531e2fa227833493,土层抗张强度的增量,,e49e1040-5d78-4040-9b9b-e5490e78a5eb,"输入: FBi-直径组i中给定面积内的所有侧根数(REAL), ARi-i组中侧根的平均横断面积(REAL) | 输出: Ti-直径i组中侧根的平均抗张强度(REAL)",,Increment Of Soil Tensile Strength
1537,54629874ae42a3c03a29e2014c4b3ddf,等量化处理后的生态占用公式,,053b3149-959d-417b-b2ba-8cf26b1b5d48,"输入: A-资源消耗和废物消纳(REAL_ARRAY), Qe-等量化因子(REAL_ARRAY) | 输出: Fe-等量化处理后的生态占用(REAL)",,Ecological Occupation Formula After Equal Quantification
1538,aecfba090a5313957fcebd449de0338b,追踪资源消耗和废物消纳,,ab161000-8a25-461a-8002-c46ca48bf233,"输入: P-生态生产力(REAL_ARRAY), I-资源进口量(REAL_ARRAY), E-资源出口量(REAL_ARRAY), Pe-参数(REAL_ARRAY), n-生态系统数量(INT) | 输出: A-资源消耗和废物消纳(REAL)",,Track Resource Consumption And Waste Consumption
1539,402317e6f57b72179a89620f47418113,草地生态系统服务总价值,,f5a36359-f493-4389-8e58-6ac94b662f91,"输入: A-草地类的面积(REAL_ARRAY), p-草地类各类生态服务单价(REAL_ARRAY) | 输出: V-草地生态系统服务总价值(REAL)",,Total Value Of Grassland Ecosystem Services
1540,3be363c4f1d9d46d7641aec260fb3695,生产量模型,,0f1a2fc8-039e-4544-acce-de65bdae394c,"输入: Nt-t时间时的种群数量(REAL), delt_W-每隔时间个体总增加量(REAL), delt_N-每隔时间个体总增加量(REAL) | 输出: PshrT-生长期的生产量(REAL)",,Throughput Model
1541,1b37760a0f830711d6cce0d851734d3f,存池量模型,,c3f1f63e-0c19-43a0-bf66-b0d10e4d0324,"输入: K-水深逃逸系数(REAL), S-虾池面积(REAL), N-捕到虾的总尾数(INT), D-捕虾网直径(REAL), E-打网数量(INT) | 输出: M-虾池存苗尾数(REAL)",,Inventory Model
1542,2fc9c99d71429180d3728c9d10686fc4,新的结构复杂性指标,,d1811691-ea98-4c84-8c04-b6e1989eff84,"输入: I_sc-测试区三角形数量(REAL), AT-所有三角形的水平投影面积(REAL) | 输出: Isc-新的结构复杂性指标(REAL)",,New Structural Complexity Metric
1543,a9322a86f4813c72e15941f0c8190635,标准误差的计算式,,4cdc8a04-2beb-4008-b115-486ceb932402,"输入: N-测试区树的数量(INT), A-地块面积(REAL), L-地块周长(REAL) | 输出: CEse-标准误差(REAL)",,Standard Error Calculation Formula
1544,5703fba3906c2d18f1bf812c117977c4,至最近点的期望距离,,c82dea43-94a3-4dc3-aafb-16fab76655d1,"输入: N-测试区树的数量(INT), A-地块面积(REAL), L-地块周长(REAL) | 输出: CEexp-至最近点的期望距离(REAL)",,Desired Distance To Nearest Point
1545,0bae9d2a86daf74ddda8678c7f60e956,边缘效应强度模型,,b0394e10-8492-41a9-b6dc-9b7261dbd043,"输入: X-指标数(REAL), Yh-交错区里t0时第h个指标(REAL), Yh_-t0时的值(REAL), yh-相邻的群落t0时第h个指标(REAL_ARRAY), y_h-t0时的值(REAL_ARRAY), m-与边缘相邻的群落数(INT), x-参数(REAL) | 输出: E-边缘效应强度(REAL)",,Edge Effect Strength Model
1546,1dc8f1e0bebaa2c64047e2ad02d6fd97,副食品增长率,,89b33d09-3229-4279-b4f6-894e107f5d9f,"输入: C1-初始年份的耕地面积(REAL), C2-灌溉农田相对于旱地的增产系数(REAL), Ri-参数(REAL), T-时间(REAL), Rf-油料瓜菜果品饲料作物面积的变革(REAL), X2-农业人口物质能量投入(REAL), Rs-科技进步贡献率(REAL), C3-初始年份的科技进步贡献率(REAL), Rd-气候波动和灾害影响(REAL) | 输出: F2-产出副食折能(REAL)",,Non-Staple Food Growth Rate
1547,c2fd9794683009d466688dc65aeacaed,食物增长模型,,956a1507-c1ec-41a3-bdd9-15a27807d43a,"输入: C1-初始年份的耕地面积(REAL), C2-灌溉农田相对于旱地的增产系数(REAL), Ri-参数(REAL), t-时间(REAL), Ra-粮食播种面积的变率(REAL), Rw-灌溉农田面积增加速度(REAL), C3-初始年份的科技进步贡献率(REAL), X1-每0.067hm2耕地上投入的工业能(REAL), Rs-科技进步贡献率(REAL), Rd-气候波动和灾害影响(REAL) | 输出: F1-粮食产量(REAL)",,Food Growth Model
1548,0afe9ba350f69cc2da1d740163a04ed5,绿洲生态需水模型,,2da35c91-8a0d-4670-a081-2188eaf635af,"输入: Eu-单位面积植被需水量(REAL), Apc-植被覆盖面积(REAL) | 输出: V-绿洲生态需水量(REAL)",,Oasis Ecological Water Demand Model
1549,68aca1b589c50fc6ef01e653b2b3c940,中国所有主要森林类型与木材体积的简单线性关系,,49ce0cc4-0b16-4230-a357-4bad5a0b9778,"输入: v-显存木材体积(REAL), a-森林类型常数(REAL), b-森林类型常数(REAL) | 输出: y-现存生物量(REAL)",,Simple Linear Relationship With Wood Volume For All Major Forest Types In China
1550,a906322c9577e6620efde666394502d0,持续性系数,,4863dd42-7ba0-484b-8363-89ed04009d33,"输入: En-第n年的经济效益系数(REAL), E0-基础年的经济效益系数(REAL), n-年数(INT) | 输出: EL-持续性系数(REAL)",,Persistence Coefficient
1551,1a02da0f700a06bd1caec16cf41d50be,系统稳定性,,6220aa04-b415-40bb-a82c-6fddb6369629,"输入: Q-各个年份有用能量产出(REAL_ARRAY), Q_-研究时段有用能量出均值(REAL), n-年数(INT) | 输出: double-系统稳定性(REAL)",,System Stability
1552,68c7e08c94c81d940af7c23ec8839aca,系统抗逆力Pr,,25c2e15c-6496-4469-af5d-c4a59cb7ef80,"输入: Pd-灾年小流域产值(REAL), PN-正常年小流域产值(REAL) | 输出: Pr-系统抗逆力(REAL)",,System Resilience Pr
1553,1a64c53d6cdd0bbf5e3b5a652a9eedc7,效益协调系数Lamda,,598a2697-ab93-4809-a7ff-3d16fb5d161e,"输入: X1-生态效益(REAL), X2-经济效益(REAL), X3-社会效益(REAL) | 输出: Lamda-效益协调系数(REAL)",,Benefit Coordination Coefficient Lamda
1554,f48b04fb1be359ef23b65d3cc6988c29,生态经济系统结构势模型,,f1b57219-04d2-4de3-9f8b-994b0eed2436,"输入: Rc-各个子系统投入产出率(REAL_ARRAY), C-常数(REAL), R_-子系统数(REAL), n-参数(INT) | 输出: H-生态经济系统结构势(REAL)",,Eco-Economic System Structural Potential Model
1555,37e2ced5767faaa9e5bb44e4d58456b8,收入递增率ln模型,,5a0e6ab7-d5c5-4a13-a26f-b45646d3c294,"输入: Xn-第n年的净产值(REAL), X0-基础年的净产值(REAL), n-年数(INT) | 输出: l_n-收入递增率(REAL)",,Income Growth Rate Ln Model
1556,12dd2e438707c41be4bc305a2c30efa6,粮食亩产潜力实现率模型,,94c37be1-c7e9-46f9-a4d8-97ba93646829,"输入: Yc-现有亩产量(REAL), Yp-潜在亩产量(REAL) | 输出: Ry-粮食亩产潜力实现率(REAL)",,Grain Yield Potential Realization Rate Model
1557,75f22ae6c9549de72c8c81921abfb082,样本平均方差的无偏估计,,4a776393-9da7-479a-a10f-d88358f2d5af,"输入: y-种群中所选元素的利益变量(REAL_ARRAY), n-样本中个体数(INT), N-种群中个体数(INT) | 输出: thet-样本平均方差(REAL)",,Unbiased Estimate Of Sample Mean Variance
1558,194d22bf754d90dba57832837a650986,人工神经网络,,eb1ea0f5-3f28-470a-b2f1-0725f80d4676,"输入: Wj-第i节点的连接权重(REAL_ARRAY), Qk_1-k-1层节点i的输出(REAL_ARRAY), N-节点层数(INT) | 输出: NETkj-输出值(REAL)",,Artificial Neural Network
1559,07522d41229cdf119402f428d5eaf4cf,多种群组成的群落演替模型,,bca3b8d4-b4c8-4027-ac47-594981e5a926,"输入: c-种群p[i]的拓植率(REAL_ARRAY), p-种群(REAL_ARRAY), n-种群数(INT), m-死亡率(REAL_ARRAY) | 输出: pnt-种群n变化率(REAL)",,Community Succession Model Composed Of Multiple Populations
1560,dac3cfc40a66d448dbec974217707b1b,两个种群组成,,f355e672-595f-40ca-9750-71d671dfcf94,"输入: c1-种群1的拓植率(REAL), p1-种群1的大小(REAL), c2-种群2的拓植率(REAL), p2-种群2的大小(REAL), m-种群2的死亡率(REAL) | 输出: default_N-p2t(REAL)",,Composed Of Two Populations
1561,84dbccc618d61cd7af5228e8278a59d3,单种群逻辑斯蒂模型,,8980184a-2e28-4028-a783-9442fa19ca76,"输入: c-种群的拓植率(REAL), p-种群的大小(REAL), m-死亡率(REAL) | 输出: dpt-种群变化率(REAL)",,Single Population Logistic Model
1562,22547043ed9316c68673396d2726b482,年时间序列对各养分流失量的边际量分析,,c767d9a9-1aa0-4516-bf5b-2602ab16c590,"输入: delt_y-养分含量变化(REAL), delt_x-时间变化量(REAL) | 输出: Pmp-弹性系数(REAL)",,Marginal Volume Analysis Of Each Nutrient Loss In Annual Time Series
1563,8888e8bcc58c9019ee42ee5e3a366bbc,年时间序列对各养分流失量效应的弹性系数,,4dfc0883-1445-4e1c-8114-2034c2a3e39f,"输入: delt_y-养分含量变化(REAL), delt_x-时间变化量(REAL), x-时间参数(REAL), y-养分含量参数(REAL) | 输出: Pe-弹性系数(REAL)",,Elasticity Coefficient Of The Effect Of Annual Time Series On The Loss Of Various Nutrients
1564,9026ede3a0a6465398747a3d4f4aab57,养分流失量的预测模型,,7aa93c39-de34-4703-859b-1adf7b510102,"输入: A-参数(REAL), B-参数(REAL), X-观测年时间序列(REAL) | 输出: Y-上述各养分的含量(REAL)",,Prediction Model For Nutrient Loss
1565,dbc978eaa16c79c91bb30d3401f32e57,计算用材林采伐总量,,0dc06572-fdb0-4b48-a2e7-111f0b29f913,"输入: CMi-某一测算单元主伐量(REAL), JM-抚育间伐、补充主伐、低产林改造等其他采伐量之和(REAL) | 输出: CCMi-用材林采伐总量(REAL)",,Calculate The Total Amount Of Timber Forest Harvested
1566,7284fe417d50fdcae36a7ef0d5b88a02,土壤水分动态方程,,bd76e787-5311-46d2-989d-105fab6c45bb,"输入: Pt-降水函数(REAL), W-土壤含水量(REAL), WH-土壤最大持水量(REAL), WL-土壤最小持水量(REAL), Lambda_v-入渗系数(REAL), Lambda_s-入渗系数(REAL), C-常数(REAL), gCrWa-潜在渗漏函数(REAL), Ep-潜在蒸腾速率(REAL), It-植被叶面积指数(REAL) | 输出: W_t-土壤水分变化速率(REAL)",,Soil Moisture Dynamic Equation
1567,787de05f376fc6a4bdf6e53173423a37,概率模型,,6370be3b-07a2-462c-baab-435aa7be1f61,"输入: pmk-每个样本概率(REAL_ARRAY), T-样本总数(INT) | 输出: PTmk-总概率(REAL)",,Probabilistic Model
1568,eb639127287c947dbbf726cf765ba2ec,方差模型,,f762ac06-c879-4b44-8e6c-688ab7608d23,"输入: mse-均方误(REAL), avglnm-回归分析中自变量的平均值(REAL), s2b-斜率b的方差(REAL), m-平均密度(REAL), N-观察值总数(INT) | 输出: spt-方差(REAL)",,Variance Model
1569,a81756be8b7d29fd05c781c84b35007c,Pt_m经验关系式,,6f719478-333a-44fa-88db-11e7df1925a6,"输入: Pt-头蚜虫植株比例(REAL), a-参数(REAL), b-参数(REAL), m-平均密度(REAL) | 输出: bool-等式是否成立(INT)",,Pt M Empirical Relationship
1570,76af26d6c33c1a8ffc5a36a83af1d1a1,用于消除过多野草的劳动密度对时间的微分值,,52fd91fd-47bf-4c36-98de-2bb6a704a3da,"输入: thet1-增长率系数(REAL), Bt-野草生物量密度(REAL), Bc-对其他物种无害的Bt临界值(REAL), thet0-时间t用于消除过多野草的劳动密度(REAL), P-衰减率系数(REAL) | 输出: Pt-用于消除过多野草的劳动密度对时间的微分值(REAL)",,Derivative Of Labor Intensity Versus Time For Eliminating Excess Weeds
1571,4621564476ed570bee19b667ee7e74aa,野草生物量密度对时间的微分值,,9c3989da-3c14-458f-a895-793903b2468f,"输入: r1-野草的增长率系数(REAL), B-t时间野草生物量密度(REAL), K1-野草承载力(REAL), alpha-系数(REAL), P-时间t用于消除过多野草的劳动密度(REAL) | 输出: Bt-野草生物量密度对时间的微分值(REAL)",,The Differential Value Of Weed Biomass Density With Respect To Time
1572,acd47190e98f9b8f013c35607aec8b6e,湿地第一组分的生物量密度对时间的微分值,,b9ae17a6-7f2b-4cc5-ac24-2312d4cb7c02,"输入: rB-第一组分的增长系数(REAL), r0-增长率系数(REAL), R1-湿地第一组分的生物量密度(REAL), KB-第一组分承载力(REAL) | 输出: Rt-湿地第一组分的生物量密度对时间的微分值(REAL)",,The Differential Value Of The Biomass Density Of The First Component Of The Wetland With Respect To Time
1573,9bb68d997fa6d6a4fc3f2842c89761b9,线性加权和函数模型,,615d8e51-d8f7-4984-bff7-432309c5635a,"输入: b-权重值(REAL_ARRAY), B1-隶属度值(REAL), n-模式总数(INT) | 输出: U-加权和(REAL)",,Linear Weighted Sum Function Model
1574,c98e9c4b3b64f373e822757eba99587c,河水冲刷的河床宽,,3c8af95c-a399-482a-a038-8a0b4d52697b,"输入: k2-系数(REAL), Q-流量(REAL), rho-密度(REAL), alpha2-正指数(REAL), beta2-负指数(REAL) | 输出: B-河宽(REAL)",,The Width Of The River Bed Washed By The River
1575,7307bfad7a09b35299b27234d32fb178,河水冲刷的水深,,a7440405-c4da-459e-ac6c-6eb2e7606ac9,"输入: k1-系数(REAL), Q-流量(REAL), rho-密度(REAL), alpha1-正指数(REAL), beta1-负指数(REAL) | 输出: H-水深(REAL)",,The Depth Of Water Washed By The River
1576,130c5c8fd614b4fa31a60e46defa5e91,单要素环境质量指数I模型,,e0dd74e1-701c-4275-91b4-c42b55feaea6,"输入: Pi-某污染物的监测值(REAL), P0-某污染物的环境质量指标(REAL) | 输出: I-单要素环境质量指数(REAL)",,Single Factor Environmental Quality Index I Model
1577,0d7f69adf9adc6f48aa8c8b236cbf1ba,生物多样性程度Q模型,,b05d0818-b55b-414d-8144-bcf58e49a930,"输入: D-生物多样性观测值(REAL), M-生物多样性背景值(REAL) | 输出: Q-生物多样性程度(REAL)",,Biodiversity Q Model
1578,32e9b44d968f5a2c13508df171af3159,水土流失成都总和指数Ie模型,,6168c93e-5e5e-4dbd-9d20-e5e93c967678,"输入: W-分指标权重值(REAL_ARRAY), F-分指标的分级量值(REAL_ARRAY) | 输出: Ie-水土流失成都总和指数(REAL)",,Soil And Water Loss Chengdu Sum Index Ie Model
1579,f971a0fde9ad2f771f643971e3773437,样本的演替距离L模型,,bfac947a-9b0d-4d37-939a-750a8d03c837,"输入: Ri0-目标群落种的序号(REAL), Rij-每一样本的排序(REAL), a-给定的距离系数(REAL) | 输出: L-某一种植物种的演替距离(REAL)",,Succession Distance L Model Of Sample
1580,1858e27931aaa4bc7c3f8eaaa5d2acc4,指数模型,,58d43976-bba8-4894-a80f-d8f950d16d6e,"输入: a-各个栖息地的常数(REAL_ARRAY), b-各个栖息地的常数(REAL_ARRAY), A-各个栖息地的面积(REAL_ARRAY), n-栖息地数目(INT) | 输出: S-n块栖息地中的物种数量(REAL)",,Exponential Model
1581,0fe6dc4e3bc8ffb3274849166a771718,含有n块栖息地的幂函数模型,,d0cb492f-f9c5-4095-8202-d39031b7eab0,"输入: A-各个栖息地的面积(REAL_ARRAY), c-各个栖息地的常数(REAL_ARRAY), z-各个栖息地的常数(REAL_ARRAY), n-栖息地数目(INT) | 输出: S-n块栖息地中的物种数量(REAL)",,Power Function Model With N Habitats
1582,0c340b75539d5574c8e9a9855b925293,单位面积林木生长的期望现值,,aa29d244-624f-420d-8179-016c78c2494f,"输入: P-木材价格(REAL), C-采伐成本(REAL), Y-每年最大采伐蓄积量(REAL), T-扩充时间(REAL), I-育林投入(REAL), F-林地等级(REAL), r1-年利率(REAL) | 输出: V-单位面积林木生长的期望现值(REAL)",,Expected Present Value Of Tree Growth Per Unit Area
1583,94f258b8c185496d78a9471964c87755,林业企业采伐更新直接经济效益的数学公式,,7bde4d55-ffbd-459e-a8a1-c6ef38df0250,"输入: S-企业采伐更新的原木或产值或税利等使用价值量或价值量(REAL), L-企业采伐更新的或劳动消耗量与物化劳动消耗量之和(REAL) | 输出: E-企业直接经济效益(REAL)",,Mathematical Formula For Direct Economic Benefits Of Forestry Enterprise Harvesting Renewal
1584,f1eb463ca2511d698e91db9f8456a6fe,每年最大采伐蓄积量,,64e8bbed-997b-42ef-b3c3-9ed0ce537b25,"输入: YT-单位用材林地面积继续积生长函数(REAL), S-经营范围内用材林总面积(REAL), T-轮伐周期(REAL) | 输出: Y-每年最大采伐蓄积量(REAL)",,Maximum Harvesting Volume Per Year
1585,04fb9b03b7d99ab67c41cf1ecadb9d5c,植被净第一性生产力WBINPP模型,,24e00822-abb7-48ef-a283-179b89854ae3,"输入: Ega-生长际的实际蒸散(REAL), Ia-干燥度指数(REAL) | 输出: Pnp-生产力指数(REAL)",,Vegetation Net Primary Productivity Wbinpp Model
1586,d9378501c11ed5d86f37be7edc6e81a1,斑块灭绝的非随机动力学模型,,ee92e9c8-93a4-4abc-8381-548108709b01,输入: B-相对斑块化指数(REAL) | 输出: H-估计渐进灭绝过程的指数(REAL),,A Non-Stochastic Dynamic Model Of Patch Extinction
1587,fbe988e4c873829a35e651aedc81b817,Korcak,,2dfca3f4-abfe-4d8c-8cc7-87f15304f137,"输入: a-面积(REAL), N-面积大于a的岛屿数目(REAL), C-常数(REAL) | 输出: B-相对斑块化指数(REAL)",,Korcak
1588,defe453f9d44c79a25e9012e48ca6715,林分密度N与平均直径D的关系模型,,35fa60a6-4b8d-418c-a29c-c29db1f5f778,"输入: a-参数(REAL), D-平均直径(REAL), b-参数(REAL) | 输出: N-森林密度(REAL)",,Relationship Model Between Stand Density N And Average Diameter D
1589,c90a43c2dc23dad1af9709e2f2d510ce,森林结构变化的相似性百分比,,4594cdca-1739-4e7e-9650-d58a1788d9de,"输入: Mw-与两个相互比较的离地生物共有的物种组成(REAL), Ma-模拟年601~700内平均总基本面积(REAL), Mb-模拟年内平均总基本面积(REAL) | 输出: P-森林结构变化的相似性百分比(REAL)",,Similarity Percentage Of Forest Structure Changes
1590,7d2fecc3fe86e5b59e754691ecb5be60,生态系统的优先恢复指数I,,12b36b4e-7895-4232-af00-279622a9faad,"输入: h-一个参考系统占据的景观的潜在百分比(REAL), a-一个生态系统占据历史面积的百分比(REAL), d-被选择的多边形与参考条件的相异百分比(REAL) | 输出: I-生态系统的优先恢复指数(REAL)",,Ecosystem Restoration Priority Index I
1591,9a2db9c84d4868b9771e3351fe5c1ac3,Sigmoid函数,,fb3ad9e2-b0f8-44ab-b3a8-5c07bb55ee6d,输入: x-参数(REAL) | 输出: f-虫害数(REAL),,Sigmoid Function
1592,d464aaca940b0caafa7c52c9e3fc2c36,加权植被反应率,,0edc819c-9b0a-4dae-b463-fc23a44e2db9,"输入: Rg-高度放牧影响区平均值被反应值(REAL_ARRAY), Rb-基准地区影响区平均值被反应值(REAL_ARRAY), Ag-被每一个初始植被覆盖类型占据的面积(REAL_ARRAY), n-植被覆盖类型的数量(INT) | 输出: R1-加权植被反应率(REAL)",,Weighted Vegetation Response Rate
1593,3ca2ee6b85e063f668b74fee5808e0d2,环境潜在指数,,7b46d926-7cb9-4588-a144-77770ce974eb,"输入: Pu-城市人口百分比(REAL), Nd-文盲人口百分比(REAL), A-各类土地类型权重(REAL_ARRAY), Kl-土地类型系数(REAL_ARRAY), B-各个评价区的面积权重(REAL_ARRAY), Kv-污染系数(REAL_ARRAY), r1-土地类型数(REAL), s-环境污染评价区数(REAL) | 输出: E-环境潜在指数(REAL)",,Environmental Potential Index
1594,a9e66295663eef4f34f351af247fe6dd,退化指数2,,bc144ba8-e831-442d-8233-2bd7dbc5c6a8,"输入: E-指标值(REAL_ARRAY), n-指标数量(INT) | 输出: Vs-退化指数(REAL)",,Degradation Index 2
1595,bfb22d4489a6094cb13bc289665aaf1a,退化指数,,fcf90b9c-31f7-4cb6-afc0-2956a4eb12b3,"输入: A-每个单元覆盖的土地(REAL), B-植被的面积/周长(REAL), C-被覆盖土地的结构规则性量度(REAL), w-不同植被类型的加权值(REAL) | 输出: D-退化指数(REAL)",,Degradation Index
1596,b904337a1f550be88efbe9d64c0b3c9a,种间相遇几率PIE,,dac3a5f3-c805-4db4-a3c9-3ee5b7b44f5e,"输入: N-第i个种的数目(INT), n-种的数目(INT_ARRAY), s-所有种的个体数目(INT) | 输出: PIE-种间相遇几率(REAL)",,Interspecies Encounter Probability PIE
1597,7bb550ec57289f5b070caf8fc9d1bf1b,叶面积函数,,92600d41-577e-404b-88c6-b88b81467071,"输入: C-初始叶面积和D2的比率(REAL), D2t-D2对t的微分(REAL), t-时间(REAL), L-叶面积(REAL) | 输出: Lt-L对t的微分(REAL)",,Leaf Area Function
1598,3572e3350b8309528ffcfbe1df6d8d1c,树冠的光拦截率,,e8dacbee-8306-4b48-b0a1-91ad11e0a68e,"输入: I0-生长季节平均光照强度(REAL), k-消光指数(REAL), Fz-树冠深度(REAL) | 输出: Iz-树冠的光拦截率(REAL)",,Canopy Light Interception Rate
1599,d22d42d89b1f922b5b4f30f302b6862f,DBH和高度相关的生物量,,99b72217-02a1-4e51-8ec4-5bf018fae17f,"输入: b-树干生物量转换因子(REAL), D-胸高直径(REAL), H-树木高度(REAL) | 输出: W-干重(REAL)",,DBH And Highly Correlated Biomass
1600,def1a4903838b0989bf16ced7de30aa6,小树初始叶面积,,62a59f53-d901-48c6-be1c-7db24e274e9e,"输入: C-初始叶面积和胸高直径平方的比值(REAL), D-胸高直径(REAL) | 输出: Li-小树初始叶面积(REAL)",,Initial Leaf Area Of ​​small Tree
1601,2a5be2f2bf197fed4c894c9155eb1b03,小树成材概率,,e7f6ec22-7f87-4b61-94ce-090caa3e3302,"输入: E_-小树成材率(REAL), n-成才小树数量(REAL) | 输出: Pn-小树成材概率(REAL)",,Probability Of Small Trees Becoming Useful
1602,d5b765541526e84a3e26a05aca3f3405,踩踏强度和相对植被覆盖度,,fa71be22-df39-42c3-8276-bded9650e22a,"输入: A-回归参数(REAL), B-回归参数(REAL), C-回归参数(REAL), X-踩踏次数(REAL) | 输出: Y-植被的反应(REAL)",,Trampling Intensity And Relative Vegetation Cover
1603,abce57970b05fd50a8e92751ec25f2a8,渐进性模型和常规形态之间关系,,b62ff104-21ad-4b87-860e-07bb5c21b753,"输入: A-回归参数(REAL), B-回归参数(REAL), C-回归参数(REAL), X-踩踏次数(REAL) | 输出: Y-植被的反应(REAL)",,The Relationship Between Progressive Models And Regular Patterns
1604,957a0ee29e37f49203c92ef8b8f6b810,沙丘生态系统推算出,,b40a2938-976f-4347-b40a-210ebd344bd3,"输入: A-回归参数(REAL), B-回归参数(REAL), C-回归参数(REAL), D-回归参数(REAL), Z-踩踏次数(REAL) | 输出: Y-植被的反应(REAL)",,Sand Dune Ecosystem Deduced
1605,e7eef2421473e60e73f5ea62fd7fc559,环境污染综合指数P,,72998595-3490-41b1-9ad2-d270201fbe0a,"输入: t-年份(REAL), C-大气污染项目实测值或若干年的加权值(REAL_ARRAY), S-污染项目国家颁定环境质量标准(REAL_ARRAY) | 输出: P-环境污染综合指数(REAL)",,Comprehensive Environmental Pollution Index P
1606,0894d76b96b203f479d854f077fc0e30,绿化综合指数Q,,01093acf-3833-4985-a63d-738626c36f10,"输入: t-年份(REAL), D-绿化指标观测值或若干年的加权值(REAL_ARRAY), M-绿化指标的经验值(REAL_ARRAY) | 输出: Q-绿化综合指数(REAL)",,Comprehensive Greening Index Q
1607,dbd05e123228b4477247e18c993fb4a6,易侵蚀系数,,8b6db1cb-cabf-4fa8-bf35-6e910b613c27,"输入: n-与侵蚀有较大影响的因子数(REAL), W-因子影响的权重(REAL_ARRAY), Cj-第j个等级(REAL_ARRAY) | 输出: Q-易侵蚀系数(REAL)",,Erosion Coefficient
1608,a2fb814e12dd39df324ed035527f182e,群落多样性指数H,,a058fe30-1320-45b5-8a34-8546515530ce,"输入: m-群落类型(REAL), P-群落类型所占面积比例(REAL_ARRAY) | 输出: H-群落多样性指数(REAL)",,Community Diversity Index H
1609,576bfc9e6253f1b233fcb48f9267db18,弹性指数的计算公式,,2232f1d2-2b44-46a9-9112-f22703e157fc,"输入: IT-耐力指数(REAL), IS-阻力指数(REAL) | 输出: IL-弹性指数(REAL)",,Calculation Formula Of Elasticity Index
1610,fb6a4942974cc0436e0bf2d3a2aaa05c,牲畜种群密度,,0af3d29e-7502-4016-9e1b-5668cdb21d48,"输入: Q-牲畜种群从圈养进入草原的迁移率(REAL), U-系数(REAL), s0-草原上蹄类的死亡率(REAL), alpha2-放牧期间，对应于牧草的消耗，蹄类的死亡率(REAL), G1-当前牧草生物量(REAL) | 输出: U_t-牲畜种群密度随时间变化量(REAL)",,Livestock Population Density
1611,46b2837660e0063a4c6d63422cd98d08,牧草生物量,,d00e2df8-f121-4d2a-80d0-9f530a4b849f,"输入: rG-牧草生物量生长率(REAL), G1-当前牧草生物量(REAL), K-对应于牧草生物量的森林草原承载力(REAL), alpha1-牧草生物量的损耗率系数(REAL), U-系数(REAL) | 输出: G_t-牧草生物量随时间变化量(REAL)",,Pasture Biomass
1612,57eafac7dd186806d56ed424a4e6f5b1,随机一致性比值,,8e677928-9f5b-46e6-a790-77f8fdfee63a,"输入: CI-单层次排序指标(REAL), RI-系数(REAL) | 输出: CR-随机一致性比值(REAL)",,Random Consistency Ratio
1613,682f408a225332bdb559e44fa7a156c5,一致性指标CI模型,,5cc056ca-d405-4ccf-a23e-1d22199423f7,"输入: lambd_max-排序参数最大值(REAL), n-层次数目(REAL) | 输出: CI-单层次排序指标(REAL)",,Consistency Index CI Model
1614,f16222efc84f39d66a895eb849b1fe68,材积量的生长过程模型,,6810e1f2-2c96-4cc2-afd1-fbb8c3b0a49d,"输入: W_A-年龄A的材积量(REAL), G_A-年龄A的木材年单位生长率(REAL) | 输出: W_A1-年龄A+1的材积量(REAL)",,Volume Growth Process Model
1615,3d61b0c95f75c94d9755ebe792f95e4b,木材年单位生长率模型,,d70fe4f4-ce61-4103-bf35-05fbdb996ae2,"输入: A-年龄(REAL), b-参数(REAL), D_G-虫害对木材年单位生长率G的影响(REAL) | 输出: G-木材年单位生长率(REAL)",,Wood Annual Unit Growth Rate Model
1616,099b149d221baf06e8e9c11b5bb2b4ba,马尾松生长模型,,2f71e6ee-8ea9-491e-8084-53cc2f0abcd4,"输入: A-年龄(REAL), a-参数(REAL), b-参数(REAL) | 输出: W-木材量(REAL)",,Masson Pine Growth Model
1617,d95c965c35c1d4898a17ba3c87539f5c,海藻生长模型,,b0848c6c-0e8e-4868-80ef-501a85fe1ee6,"输入: N-群落中这一物种的承载力(REAL), K-随物种生长率变化的时间，为周期函数(REAL), r1-随物种死亡率变化的时间，为周期函数(REAL), d-时间t的采集率(REAL), u-在时间t一个群落某种海藻的生物量(REAL) | 输出: N_1-在时间t1一个群落某种海藻的生物量(REAL)",,Seaweed Growth Model
1618,9fcd294f64286c705dfab00ba76cd636,分区生态变量的选择,,ba5d50fc-65c6-42e9-a54f-02cf4de6f3c3,"输入: Ptsv-各生态县林木干物质产量(REAL), Mg-木材含水量(REAL), Wg-湿材单位体积重量(REAL) | 输出: H-生物产量转换为木材产量(REAL)",,Selection Of Zoning Ecological Variables
1619,49caea5851cf9c7fc15bd2ae4fb85cbd,空气阻力阻抗ra模型,,e2fa37ab-f978-4743-8cbe-3791e8559f82,"输入: n-参数(REAL), Z-观测高度(REAL), D-零平面位移(REAL), Z0-粗糙度(REAL), k-卡曼系数(REAL), u-风速(REAL) | 输出: ra-空气阻力阻抗(REAL)",,Air Resistance Impedance Ra Model
1620,f765e4fa1c887c42fad012c46fbe3dba,湍流交换系数ka模型,,e1138935-fd04-4b70-9b0a-17d15d8dc394,"输入: k-卡曼系数(REAL), delt_u-Z1、Z2为两个高度上的风速差(REAL), h-海拔高度(REAL), delt_Q-两个高度上的位温差(REAL), Q-位温(REAL), Z1-高度(REAL), Z2-高度(REAL), Z-作用面高度(REAL) | 输出: ka-湍流交换系数(REAL)",,Turbulence Exchange Coefficient Ka Model
1621,3e02272362aceb7fd78512c49659eda8,风速模型,,60f23bd9-513b-4c6a-bf55-c205e71e839b,"输入: u1-摩擦风速(REAL), k-卡曼常数(REAL), Z-高度(REAL), D-零平面位移(REAL), Z0-粗糙度(REAL) | 输出: u-风速(REAL)",,Wind Speed Model
1622,87696bb938c9240d94463ff7109de45e,环境质量的负增长速率,,ea3a34d5-7543-4117-b9bf-40cee1b464f3,"输入: betak31-农业对污染的分解作用(REAL), x1-农业产值(REAL), k32-工业对农业污染的影响(REAL), x2-工业产值(REAL), k34-环境污染的自然降解系数(REAL), k33-工业对环境影响达到阈值一半时的工业产值(REAL), x3-环境质量指标项的负荷平均值(REAL) | 输出: dx3_t-环境质量的负增长速率(REAL)",,Negative Growth Rate Of Environmental Quality
1623,3fbd08bd416df68f1b0b22ed83565a6e,工业增长速率,,a08e1e47-a8c0-4354-b921-c335dd14ec89,"输入: k21-工业自身增长率(REAL), x2-工业产值(REAL), x3-环境质量指标项的负荷平均值(REAL), k22-工业因污染而招致减产系数(REAL), k23-污染对工业生产影响达到阈值一半时的环境质量指标(REAL) | 输出: dx2_t-工业增长速率(REAL)",,Industrial Growth Rate
1624,606dfd90392cd9cd0fd2e65f738c8652,农业增长速率,,8bdb855f-1c89-45cd-ac03-6654fdb3e25b,"输入: k11-农业自身增长率(REAL), x1-农业产值(REAL), fx2-和工业产值相关的函数值(REAL), k13-农业因污染而招致减产系数(REAL), x3-环境质量指标项的负荷平均值(REAL), k12-农业增长率为阈值的一半时的农业产值(REAL), k14-污染对农业生产影响达到阈值一半时的环境质量指标(REAL) | 输出: dx1_t-农业增长速率(REAL)",,Agricultural Growth Rate
1625,bbeb28da669b21c27a30dd536f16dd40,气候及气候生态因子相关分析,,a670e748-7c3d-405e-901b-9eb2b9abfde2,"输入: P12-因子出现1的而且对象出现1气候概率(REAL), P1-因子出现1气候概率(REAL), P2-对象出现1气候概率(REAL), P1_-因子出现1气候概率的补(REAL), P2_-对象出现1气候概率的补(REAL) | 输出: R-气候及气候生态因子(REAL)",,Correlation Analysis Of Climate And Climate Ecological Factors
1626,eec4feb761661556975fa5eccc9447c2,单株植物水分营养面积S模型,,4106d1e8-76af-44c7-b1f5-bceb81d47285,"输入: Tk-蒸腾系数(REAL), M-生物量(REAL), r2-生长期有效降水量(REAL), Ev-生长期土壤蒸发量(REAL) | 输出: S-单株植物水分营养面积(REAL)",,S Model Of Water And Nutrient Area Of ​​a Single Plant
1627,a17927eb71febbaf79a3936a6fa0adb2,蒸发量E模型,,0fb9b32e-0e63-4bc0-afc2-0caec2b666dc,"输入: r1-降水量(REAL), w1-初期储水量(REAL), w2-末期储水量(REAL), f-排水量(REAL), Et-植物蒸腾量(REAL), Ev-土壤蒸发量(REAL), K-乱流系数(REAL), delt_e-两个高度上的绝对湿度之差(REAL), i-选择参数(INT) | 输出: E-蒸发量(REAL)",,Evaporation E Model
1628,d5c31aa454bc8696ce79bff7a4a5f55f,种群密度D和休耕期P的关系,,25649fdc-8d17-40ed-bfbb-237104f1562c,"输入: D-种群密度(REAL), P-休耕期(REAL), C-积累的年数(REAL) | 输出: A-每年一个家庭清除的面积(REAL)",,The Relationship Between Population Density D And Fallow Period P
1629,23c2b19819357614211f00e1e2672f11,物种与面积关系,,7b0459b5-824e-4528-b82f-ccd1d4d0de62,"输入: C-物种分布的密度(REAL), A-所研究的面积大小(REAL), Z-复杂函数(REAL) | 输出: S-生物物种的数目(REAL)",,Relationship Between Species And Area
1630,fa35de2c620d0cc347837bddbed969a9,下一时期物种生物量,,0f2d121c-c253-4d02-bf6c-873497fd50ef,"输入: Cjt_1-下一时期物种j占据的总植被覆盖部分(REAL), tjk-时间间隔(REAL), Pt-在时间t的总植物生物量(REAL), i-放牧制度(INT), g1-放牧制度i下的所有多年生植物每年的生长量(REAL_ARRAY), u-放牧制度i下的多年生草本每年被动物吃掉和变成碎屑的部分(REAL_ARRAY) | 输出: Pjt_1-时间t+1的总植物生物量(REAL)",,Species Biomass In The Next Period
1631,2c2ae7db54e4a4481c81fce5686595c4,物种生物量,,19a44939-8283-4f01-b801-0ebf7afaef87,"输入: Cjt-物种j占据的总植被覆盖部分(REAL), Pt-在时间t的总植物生物量(REAL) | 输出: Pjt-时间t的总植物生物量(REAL)",,Species Biomass
1632,5d810a0cfa58468f4bdb15d78fce0f4c,叶绿素含量模型,,c006358b-e755-40bb-ab07-f49b706076cc,"输入: D645-在特定波长645下，叶绿素提取液的光密度读数(REAL), D633-在特定波长663下，叶绿素提取液的光密度读数(REAL), V-DMSO叶绿素提取液的最终体积(REAL), W-提取用的样品克数(REAL) | 输出: C-叶绿素总量(REAL)",,Chlorophyll Content Model
1633,193b5831cf4df2943c295c5bcae31b57,肥料规划的肥料结构模型,,860f54a7-b4e3-40ad-9987-7d61c201b82c,"输入: r1-单位面积某种营养元素需要量(REAL), p-土壤供给量(REAL), c-某肥料含该元素数量(REAL), u-肥料利用率(REAL) | 输出: f-返回值(REAL)",,Fertilizer Structure Model For Fertilizer Planning
1634,e3850d0289d1628df5f9948225972f80,农田规划——梯田规划模型,,a2452a38-37d2-4496-bf3e-373a3f94e101,"输入: W_e-原地面宽度(REAL), H_b-田埂的底宽(REAL), alpha-原地面坡度(REAL), thet-田坎坡度(REAL), n-n=1,2,3(INT) | 输出: H_t-田坎高度,W_f(REAL)",,Farmland Planning - Terrace Planning Model
1635,52ec4d7b9e10a0c3cfbf13c2bca8b055,作物布局——自给性粮食的种类和面积A_g模型,,a40d7c6d-e574-4064-98bf-c955fa80442e,"输入: G_r-当地人民的口粮(REAL), G_f-饲料粮(REAL), G_o-其它用粮(REAL), Y_g-粮食作物的平均产量(REAL) | 输出: A_g-自给性粮食的种类和面积(REAL)",,Crop Layout - Self-Sufficient Food Types And Area A G Model
1636,0cde210b9c76f4f2961be37878e5732c,油松单束针叶的面积S模型,,38abe68e-0580-4911-b567-9032273b3540,"输入: L-针叶长度(REAL), A-针叶横截面积长轴长度(REAL), V-针叶体积(REAL) | 输出: S-单束针叶叶面积(REAL)",,Area S Model Of Single-Bundle Needles Of Pinus Tabulaeformis
1637,d62d1b5a7f14e56e505e610c62bf54b1,乔木层的净初级生产量P_np模型,,c98e8eed-46ff-4865-a6ec-58183ee8d83f,"输入: Y_NS-林木树干（带皮）的年生长量(REAL), Y_NB-林木树枝的年生长量(REAL), Y_NL-林木树叶的年生长量(REAL), Y_NR-林木树根的年生长量(REAL) | 输出: P_np-乔木层的净初级生产量(REAL)",,Net Primary Production P Np Model Of Tree Layer
1638,a74649ab5feedca680c8f2811e33d910,草场质量指数,,d4307cfb-8aac-4262-8453-72727b363643,"输入: S_01-毒草类得大小(REAL), S_0-适中性劣植物类的大小(REAL), S_1-适中性低植物类的大小(REAL), S_2-适中性中植物类的大小(REAL), S_3-适中性优良植物类的大小(REAL) | 输出: I_gq-草场质量指数(REAL)",,Pasture Quality Index
1639,dfcca42cb4c81fd14ccc1e23351522ad,种群资源,,3b306147-5bbe-4da7-bea2-96eddc7878c6,"输入: X_t-t时刻种群资源量(REAL), r1-内禀增长率(REAL), k-环境容纳量(REAL), E_t-捕捞努力量(REAL), q-捕捞系数(REAL) | 输出: dX_t-种群资源量X_t在时间t上的微分(REAL)",,Population Resources
1640,aded4e024fe1155d2d86dd7a07a8bf04,食草动物,,62261e99-2e55-4783-8e34-85c00e986c8d,"输入: Cmax-每天的个体最大消费率(REAL), K-半饱和常数(REAL), Vmin-不可放牧的储量(REAL), H-相等规模的食草动物种群(REAL), V-当前的植被(REAL) | 输出: C-总消费量(REAL)",,Herbivore
1641,d28eecaf37ec82d6c1e4f2a5f649d425,植物生长,,a2c60ffb-3139-484f-9c90-f3657bb0107a,"输入: g1-相对生长率(REAL), V-当前的植被(REAL), Vmax-生境最大农作物植被数量(REAL) | 输出: G-Logistic中任意时间的生长率(REAL)",,Plant Growth
1642,1e214ea08480a45747987fbd84140e69,光强度I模型,,70372705-b190-4d07-923a-14a2af7090de,"输入: I_0-林冠上的光强度(REAL), F-林冠叶的面积(REAL), k-消光系数(REAL) | 输出: I-光强度(REAL)",,Light Intensity I Model
1643,e7dfbce7296bf6a2c9212beee606082f,枯死量delt_D模型,,318d7df4-807b-49cf-8a57-1317ea443b34,"输入: V-枯死速率(REAL), t-时间(REAL) | 输出: delt_D-t时间内的枯死量(REAL)",,Dead Volume Delt D Model
1644,d1edc9e1adccc96d052b7bd41fbc60ae,枯死速率V模型,,8b35c2c6-2a86-4acd-8d1b-30f4fae41774,"输入: D_i1-时间t_i+1时的枯叶落叶量(REAL), D_i-时间t_i时的枯叶落叶量(REAL), r1-枯死体的消失率(REAL), t-时间(REAL) | 输出: V-枯死速率(REAL)",,Dieback Rate V Model
1645,044cba4c4a1227f01e46601313e4cc70,净同化率P模型,,01ebeefd-ef72-40e1-8fbb-836a333ae9d3,"输入: W-净生产量(REAL), I_na-叶面积指数(REAL) | 输出: P-单位面积的经生产力，反映其光合同化效率的高低(REAL)",,Net Assimilation Rate P Model
1646,fe8631e45f8b164b1c701d8869a4cd4b,净生产量W模型,,ef9977f1-f256-4953-85bb-9e8fc4ec2712,"输入: W_a-单位面积现存量(REAL), W_an-n年前单位面积的生物量(REAL), n-从W_an到W_a的年数(INT) | 输出: W-净生产量(REAL)",,Net Production Volume W Model
1647,fa1d1f5d720f63bfecbe2dde501ed778,枝的生产率Pw模型,,9c871adc-6ab2-4a40-a5fd-24eb812fa073,"输入: DA-现在枝的基径(REAL), LA-现在枝的枝长(REAL), DA_5-五年前枝的基径(REAL), LA_5-五年前枝的枝长(REAL) | 输出: Pw-枝的生产率(REAL)",,Branch Productivity Pw Model
1648,3ddf39a6ec585242ef447ddac751c9f6,地上各部分重量的曲线拟合,,49ce9475-f7ef-491b-9db8-44a1871daf2b,"输入: beta-待估计参数(REAL_ARRAY), xk-树木的胸径的函数(REAL_ARRAY) | 输出: yk-树木地上某一部分或地上部分的总重量(REAL)",,Curve Fitting Of The Weight Of Each Part On The Ground
1649,dce8b10eed7e76075855d0041ddd4a29,人参生态气候适应性分区指数,,2aba498c-5cb2-4a29-b014-860543afc357,"输入: mju-气候因素的隶属函数(REAL_ARRAY), M-权重(REAL_ARRAY) | 输出: Mju_-人参生态气候适应性分区指数(REAL)",,Ginseng Ecological Climate Adaptability Zoning Index
1650,53b23c4b3674240e90a19d27f0b04318,植物物种组成和覆盖度动态模型,,4ce9c78c-0964-4544-becb-19cdf6100c1b,"输入: df-非共有物种数量(REAL), dc-物种覆盖度之间差值的绝对值得总和(REAL), nt1-在时间t1的物种总数(REAL), nt2-在时间t2的物种总数(REAL), ct1-在时间t1的物种覆盖度之间差值的绝对值得总和(REAL), ct2-在时间t2的物种覆盖度之间差值的绝对值得总和(REAL), n-选择参数(INT) | 输出: Df-状态t1和t2之间植物种类的差异,Dc(REAL)",,Dynamic Model Of Plant Species Composition And Coverage
1651,51c2d813eff3f70e7283f77312fdbea6,系统转换的一个通式,,df486fd9-9d38-44a6-9392-dc2c65dfd8fa,"输入: g1-胸径、树密度、市场条件的综合值(REAL), g2-胸径、树密度、市场条件的综合值(REAL), z1-随即影响驱动随机向量(REAL), z2-随即影响驱动随机向量(REAL), Epsilon-市场变量(REAL), x3-市场条件(REAL), a-参数(REAL), b-参数(REAL), n-选择参数(INT) | 输出: double-x1_为下一时间段的胸径、x2_为下一时间段的树密度、x3_为下一时间段的市场条件(REAL)",,A General Formula For System Transformation
1652,409615d992391d0e2b3cb2303e682ca7,起始过程的发芽期模型,,9de38548-f56e-4b6c-b133-04fc3f406e11,"输入: a-回归常数(REAL), b-回归常数(REAL), Xi-第i次种植中wi的平均温度(REAL) | 输出: wi-在第i次种植中到达指定的生长事件的天数(REAL)",,Germination Model Of The Initiation Process
1653,ca08c31d182bb75798a3104f1686b780,开发指数（Id）的计算公式,,d8872d26-506d-422f-9e92-6f323f583072,"输入: Ag-底土层被扰乱的面积(REAL), As-灌木层呗扰乱的面积(REAL), At-树木层被扰乱的面积(REAL), Area-小区的陆地部分总面积(REAL), Id-常数3.0(REAL) | 输出: bool-真假(INT)",,Calculation Formula For Development Index (id)
1654,f3a1116dd84402dee34639ff067eed06,水容量,,f6039966-4ca4-494e-9583-51d69cb57a90,"输入: x-相对饱和度(REAL), b-指数(REAL), xcrit-最优饱和度(REAL) | 输出: double-水容量(REAL)",,Water Capacity
1655,e4e8e9224d5ab7e7b779f7acd5afeb82,描述温度,,2e9a36e2-fddf-41f6-b492-c58bbaecc981,"输入: h-相关参数(REAL), T-温度(REAL), Ts-最低温度(REAL), rmax-最佳温度下的最大退化率(REAL), Tmax-最高温度(REAL), Topt-最适宜的温度(REAL), Q10-曲线的斜率(REAL) | 输出: double-描述温度(REAL)",,Describe Temperature
1656,b7ce689797fda285f6ffc57515b82c7f,捕食功能减退率Dt,,0de7b773-39cf-49cb-924f-c75e81c8f4a1,"输入: a-第i类捕食性天敌占该集团总捕食量的份额(REAL_ARRAY), Dft-t时刻天敌种群的功能减退率(REAL), n-捕食性天敌的种类数(REAL) | 输出: double-捕食功能减退率(REAL)",,Predatory Function Decline Rate Dt
1657,cb990908b3632199621a80162f6054d0,媒体传布的菌病的种群模型,,1790dd63-c7a3-4f4a-8d43-6478df5326a4,"输入: B-病原菌传布系数(REAL), Y1-感受性寄主植物个体数(REAL), X-传媒生物个体数(REAL), a-病菌导致的寄主植物死亡率(REAL), b-寄主植物自然死亡率(REAL), Y-寄主植物种群个体数(REAL) | 输出: double-寄主植物发病率的微分(REAL)",,Population Model Of Media-Borne Bacterial Diseases
1658,635553a4ae567fbbe123c8259c0031fb,菌病流行的简单模型,,727bd60c-6b5d-42d1-9d48-1d38f28ba6cd,"输入: rr-病原菌的传染系数(REAL), y-寄主植物发病率(REAL) | 输出: double-寄主植物发病率的微分(REAL)",,Simple Model Of Bacterial Disease Epidemic
1659,356415ecc8b377e50515111da2775aaa,传染性带菌者的丰富度的微分,,be7bba14-eabb-4578-81a3-b05b1a4a66ab,"输入: k2-非传染性带菌者的病毒获取率(REAL), Y-患病的植物的丰富度(REAL), U-非传染性带菌者的丰富度(REAL), c-带菌者的死亡率(REAL), V-传染性带菌者的丰富度(REAL) | 输出: double-传染性带菌者的丰富度的微分(REAL)",,Differentiation Of The Abundance Of Infectious Vectors
1660,07312d777c468a84942287b7b2c27c75,非传染性带菌者的丰富度的微分,,f7a84d2e-ae3b-4b6b-b32e-b39b1acac418,"输入: b-假设受带菌者的最大丰富度约束的带菌者的出生率(REAL), U-非传染性带菌者的丰富度(REAL), V-传染性带菌者的丰富度(REAL), m-带菌者的最大丰富度(REAL), X-健康的植物的丰富度(REAL), Y-患病的植物的丰富度(REAL), k2-非传染性带菌者的病毒获取率(REAL), c-带菌者的死亡率(REAL) | 输出: double-非传染性带菌者的丰富度的微分(REAL)",,Differentiation Of The Abundance Of Non-Infectious Vectors
1661,58115603234212f7c04e47904a4fea89,环境中有毒物浓度的偏导,,6fbebf35-aa77-4b20-8e54-93229860cccf,"输入: u-有毒物输入量(REAL), k1-k1(REAL), l1-l1(REAL), c0-有机体中有毒物浓度(REAL), x-种群中个体数量(REAL), a1-a1(REAL), c-环境中有毒物浓度(REAL), k2-k2(REAL) | 输出: double-环境中有毒物浓度的偏导(REAL)",,Derivation Of Toxicant Concentrations In The Environment
1662,722d1707c387503a58aa390be8a99ced,有机体中有毒物浓度的偏导,,ff6a3e08-8503-4a47-9b05-ed22d809b1aa,"输入: a1-a1(REAL), c-环境中有毒物浓度(REAL), d1-d1(REAL), x-种群中个体数量(REAL), B-B(REAL), l1-l1(REAL), c0-有机体中有毒物浓度(REAL), l2-l2(REAL) | 输出: double-有机体中有毒物浓度的偏导(REAL)",,Derivation Of Toxicant Concentrations In Organisms
1663,e014098524ff34c388b30cb32e521934,种群中个体数量的偏导,,a6f7a02b-fa24-4ea2-976c-e35b381043e5,"输入: x-个体数量(REAL), r0-r0(REAL), r1-r1(REAL), c0-有机体中的有毒物浓度(REAL), B-B(REAL), c-环境中有毒物浓度(REAL), a-a(REAL) | 输出: double-种群中个体数量的偏导(REAL)",,Partial Derivative Of The Number Of Individuals In A Population
1664,dc5be151b0189eb4a8b9460821c99a5d,二代残虫造成的皮棉经济损失L2模型,,908832da-734c-485c-950f-39157fe88ca9,"输入: L-L(REAL_ARRAY), M-高、中、低肥力分别取值为19、12、8(INT), n-上限(REAL), E2-二代卵量(REAL), q-q(REAL) | 输出: double-二代残虫造成的皮棉经济损失(REAL)",,L2 Model Of Lint Economic Losses Caused By Second-Generation Residual Insects
1665,14da4e0ebe88f933ba0ffe6d6d383f66,寄主-拟寄生物模型,,d99eb236-5ed2-4d29-b62c-27bc99b0f0c3,"输入: a-观察区域(REAL), N-宿主丰富度(REAL), V-宿主地块密度变化(REAL), b-聚合度(REAL) | 输出: double-功能反应(REAL)",,Host-Parasitoid Model
1666,cf4b0001d155fcf5c8722db8974fe311,t+1代害虫数量和密度,,7e0d2170-4d16-4cbd-aab1-f8520703a293,"输入: Nt-t世代害虫数量密度(REAL), f-害虫种群每个个体的增长率(REAL), p1-相关参数(REAL), p2-相关参数(REAL) | 输出: double-t+1代害虫数量和密度(REAL)",,Number And Density Of Pests In Generation T+1
1667,085f71ca4fa6db89a709b4f4b901f319,受侵害白云杉的存活时间分析模型,,fe71f539-1c73-4bcb-8233-ac97308b5500,输入: F-一个累积概率函数(REAL) | 输出: double-一棵存活时间长于t的树没有受到侵害的概率(REAL),,Survival Time Analysis Model Of Damaged White Spruce
1668,59b601d1424ad26426ec4fe258b62b5f,虾病造成的经济损失模型,,56e1e9bd-5222-422a-bbfc-636c43d648c6,"输入: m-常数(REAL), S-常数(REAL), n-虾池密度(REAL) | 输出: double-虾病造成的经济损失(REAL)",,Model Of Economic Losses Caused By Shrimp Diseases
1669,4752f0780b7339d726347b17c45055ed,杆状病毒在对虾群体内的传染模型,,081c876e-fd36-47ae-a7f8-6600b6a05337,"输入: v-虾群中首批感染病毒的个体数(REAL), q-平均分食率(REAL), t-时间(REAL), p-传染梯度时差(REAL), N-一个虾池内存虾总数(REAL) | 输出: double-虾池内存虾总数(REAL)",,Baculovirus Infection Model In Shrimp Populations
1670,466a3082e05e9e00076ce2df79d1c5a9,多金属潜在风险指数,,140875d1-bfc5-4a22-892a-21cb6a7f0ce1,"输入: Tr-金属在水相、沉积固相和生物相之间的响应关系(REAL_ARRAY), CD-样品实测浓度(REAL_ARRAY), CR-沉积物背景参考值(REAL_ARRAY), m-金属种类(INT) | 输出: double-多金属潜在风险指数(REAL)",,Polymetal Potential Risk Index
1671,aae2af27fbedfba47c6755871c2c47ee,雌性扁虱在成虫阶段未被感染的密度,,3c161586-5ece-4f6c-8dad-b9e8625221ef,"输入: s-每年扁虱的幸存者(REAL), P-P 找到寄主的可能性(REAL), N-N 雌性扁虱在幼虫阶段的密度(REAL), u-u 被感染的个体数(REAL), c-c 脊椎动物的储主能力(REAL), i-未被感染的种群个体数(REAL) | 输出: double-雌性扁虱在成虫阶段未被感染的密度(REAL)",,Density Of Uninfected Female Ticks In The Adult Stage
1672,ad6f53f2b797561a47b820b77500bd2b,雌性扁虱在成虫阶段被感染的密度,,5dfc27d1-6dff-45aa-9c24-f4a6d86b6f75,"输入: s-每年扁虱的幸存者(REAL), P-P 找到寄主的可能性(REAL), N-雌性扁虱在幼虫阶段的密度(REAL), u-被感染的个体数(REAL), c-脊椎动物的储主能力(REAL) | 输出: double-雌性扁虱在成虫阶段被感染的密度(REAL)",,Density Of Female Ticks Infected In The Adult Stage
1673,2a3c1dafad109bb566260c136037e906,雌性扁虱在幼虫阶段未被感染的密度,,344051e7-ff8c-469d-ad6b-3db63b133d62,"输入: s-每年扁虱的幸存者(REAL), P-找到寄主的可能性(REAL), L-雌性扁虱在幼虫阶段的密度(REAL), c-脊椎动物的储主能力(REAL) | 输出: double-雌性扁虱在幼虫阶段未被感染的密度(REAL)",,Density Of Uninfected Female Ticks In The Larval Stage
1674,31f9c2ee5d2e5918cef613f31061b2ca,雌性扁虱在幼虫阶段被感染的密度,,9dfd0291-78ff-486c-a1d6-a02ffee2c174,"输入: s-每年扁虱的幸存者(REAL), P-找到寄主的可能性(REAL), L-雌性扁虱在幼虫阶段的密度(REAL), c-脊椎动物的储主能力(REAL) | 输出: double-雌性扁虱在幼虫阶段被感染的密度(REAL)",,Density Of Female Ticks Infected During Larval Stage
1675,3d77b2938488934072e7f18973de468a,雌性扁虱在稚虫阶段的密度,,af44d8d8-b961-47ec-918c-2663117b2d6d,"输入: f-成活下来的并且具有生育能力的成年雌性数(REAL), R-成年扁虱找到寄主的概率(REAL), A-雌性扁虱在成虫阶段的密度(REAL), u-上一代被感染的种群个体数(REAL), i-上一代未被感染的种群个体数(REAL) | 输出: double-雌性扁虱在稚虫阶段的密度(REAL)",,Density Of Female Ticks In Larval Stage
1676,167c03a646173bdb12298047da2aa9ba,临近田地2的被捕食者种群的田地的密度的微分,,9ea98e61-18c2-4851-abad-eb44e4fbfb91,"输入: r2-田地2的被捕食者种群的固有增长率(REAL), N2-田地2的被捕食者种群的密度(REAL), K-承载力(REAL), a-被捕食者的消费率(REAL), P2-田地2的捕食者密度(REAL), N1-田地1的被捕食者种群的密度(REAL), u-每个捕食者的扩散率(REAL) | 输出: double-临近田地2的被捕食者种群的田地的密度的微分(REAL)",,Differentiation Of The Density Of The Predator Population In The Field Adjacent To Field 2
1677,f02434b7d804a56c7a1b465388f36c65,临近田地1的被捕食者种群的田地的密度的微分,,4ccddd60-3aef-4552-9d55-d497166cc9bf,"输入: r1-田地1的被捕食者种群的固有增长率(REAL), N1-田地1的被捕食者种群的密度(REAL), K-承载力(REAL), a-被捕食者的消费率(REAL), P1-田地1的捕食者密度(REAL), u-每个被捕食者的扩散率(REAL), N2-田地2的被捕食者种群的密度(REAL), j-被杀虫剂杀死的害虫的初始比例(REAL), e-自然数(REAL), s-残留的死亡率影响下的衰退率(REAL), t-时间(REAL) | 输出: double-临近田地1的被捕食者种群的田地的密度的微分(REAL)",,Differentiation Of The Density Of The Predator Population In The Field Adjacent To Field 1
1678,fb519ce2b755114943e6ec10d7c98605,矿化作用动态模型,,63341181-c480-4763-a814-9667707b52da,"输入: a-被第一过程转化成14CO2的杀虫剂的总量部分(REAL), e-自然数(REAL), t-天数表示的时间(REAL), k1-退化率常数(REAL), k2-退化率常数(REAL) | 输出: double-在时间t被矿化的杀虫剂浓度(REAL)",,Mineralization Dynamic Model
1679,766158ecb2b4e4ce0ce34785ab800a44,染病植物数,,02ccd3e2-18d1-4a84-ba2f-006c170a84a0,"输入: Dt-前一代染病植物数(REAL), dD-染病植株的死亡率(REAL), Ht-前一代健康植株数(REAL), rf-花期感染率(REAL), brp-苗成活率(REAL) | 输出: double-染病植物数(REAL)",,Number Of Infected Plants
1680,92330a4177557dcb956c0a8b41e2aec4,健康植株数,,40c873b7-0dcf-47b2-b260-d156fb148c10,"输入: Ht-前一代健康植株数(REAL), b-苗成活率(REAL), rp-前花期感染率(REAL), rf-花期感染率(REAL), dH-健康植株的死亡率(REAL) | 输出: double-健康植株数(REAL)",,Number Of Healthy Plants
1681,15e3212ac678cd287123956a8d51cdaa,呼吸强度Q模型,,5a85da60-c77d-427f-80f6-0858eb74e086,"输入: Vg-反应瓶的气体体积(REAL), Vt-反应瓶中的液体体积(REAL), a-一标准大气压下，温度为T时气体在反应瓶中的溶解度(REAL), T-温度(REAL), P0-标准大气压(REAL), h-压力计读数(REAL), m-相关参数(REAL), t-时间(REAL) | 输出: double-呼吸强度(REAL)",,Respiratory Intensity Q Model
1682,eb53867a1b97a2703c45ebc03cc23f35,两者密度相关性,,31eb1209-15de-4628-ab1b-05c6b534a498,"输入: B-疾病的传播系数(REAL), K-没有疾病时平衡种群密度的承载力(REAL), v-正孵卵的动物变得具有传染性的速率(REAL), a-密度无关性（最大）出生率(REAL), b-密度无关性（最小）死亡率(REAL), are-疾病引起的额外死亡率(REAL) | 输出: double-两者密度相关性(REAL)",,Density Correlation Between The Two
1683,6372a0bfe62ffba0f47990a4437aae2a,密度相关性再生率,,d7e47daa-8ecd-4a4a-900b-44b7d6c7c437,"输入: B-疾病的传播系数(REAL), K-没有疾病时平衡种群密度的承载力(REAL), v-正孵卵的动物变得具有传染性的速率(REAL), a-密度无关性（最小）死亡率(REAL), b-疾病引起的额外死亡率(REAL), are-参数(REAL) | 输出: double-密度相关性再生率(REAL)",,Density Dependent Regeneration Rate
1684,4536651b0587c93009c88c51528d3498,密度相关性死亡率,,ac5dc6d4-6dd4-47f8-94e6-72cdfd65d2a5,"输入: B-疾病的传播系数(REAL), K-没有疾病时平衡种群密度的承载力(REAL), v-正孵卵的动物变得具有传染性的速率(REAL), a-密度无关性（最大）出生率(REAL), are-疾病引起的额外死亡率(REAL) | 输出: double-密度相关性死亡率(REAL)",,Density-Dependent Mortality
1685,9a66e30cd274d4c0ddac83a3856deb56,个体增殖的密度相关性,,5385f534-11f7-40f9-bf2f-3435c85d98ed,"输入: H-总密度(REAL), a-密度无关性（最大）出生率(REAL), b-密度无关性（最小）死亡率(REAL), K-没有疾病时平衡种群密度的承载力(REAL), x-种群增长曲线的形状参数(REAL), Y-传染性的动物密度(REAL), are-疾病引起的额外死亡率(REAL) | 输出: double-个体增殖密度相关性的微分(REAL)",,Density Dependence Of Individual Proliferation
1686,c1d2b20db9409059f9df493bfaea8bb6,死亡率的密度相关性,,9cf5fd65-0b2c-4c7b-8a68-6582e512b94b,"输入: H-总密度(REAL), a-密度无关性（最大）出生率(REAL), b-密度无关性（最小）死亡率(REAL), K-没有疾病时平衡种群密度的承载力(REAL), x-种群增长曲线的形状参数(REAL), Y-传染性的动物密度(REAL), are-疾病引起的额外死亡率(REAL) | 输出: double-死亡密度相关性的微分(REAL)",,Density Dependence Of Mortality
1687,fd2f3c1a708d5732a9f11d5d52c486dd,天敌的生物量密度,,49720538-b805-48e8-81c9-3695614ad085,"输入: c4-舞毒蛾对天敌的搜索率(REAL), c8-天敌对舞毒蛾的消耗率(REAL), c7-天敌本底死亡率和迁出率的组合(REAL), c10-天敌的迁入率(REAL), N-天敌的生物量密度(REAL), B-舞毒蛾生物量转换成天敌生物量的转换效率(REAL), G-舞毒蛾生物量密度(REAL) | 输出: double-天敌的生物量密度的微分(REAL)",,Biomass Density Of Natural Enemies
1688,1d1197d25baffdd0fc2776c66a42b245,植物生物量密度微分,,247e362b-34c2-47f0-b6e0-952afcbdceb6,"输入: c2-舞毒蛾对植物的搜索率(REAL), c3-舞毒蛾对植物的消耗率(REAL), c5-植物的最大相对生长率(REAL), c6-植物的承载力(REAL), c9-植物的最小生长率(REAL), F-植物生物量密度(REAL), G-舞毒蛾生物量密度(REAL) | 输出: double-舞毒蛾对植物的消耗率(REAL)",,Plant Biomass Density Differential
1689,222717e6e73aea6339100c8da28e018a,舞毒蛾生物量密度微分,,d0697d58-063b-44a7-8efd-fc0e1e910d31,"输入: c0-舞毒蛾的迁入率(REAL), c1-舞毒蛾本底死亡率和迁出率的组合(REAL), c2-舞毒蛾对植物的搜索率(REAL), c3-舞毒蛾对植物的消耗率(REAL), c4-舞毒蛾对天敌的搜索率(REAL), c8-天敌对舞毒蛾的消耗率(REAL), G-舞毒蛾的生物量密度(REAL), F-植物生物量密度(REAL), a-植物转换成舞毒蛾生物量的转化效率(REAL), N-天敌的生物量密度(REAL) | 输出: double-舞毒蛾生物量密度微分(REAL)",,Gypsy Moth Biomass Density Differential
1690,2c89e6d976a6bff38c3f8f3d46b3938b,温度对杀虫剂降解率影响的动态模型,,a8a24ffc-8421-468e-a1ee-fbb3163312d1,"输入: k1-绝对温度T下的第一速度常数(REAL), k2-绝对温度T下的第二速度常数(REAL), x-在时间t时的杀虫剂浓度(REAL) | 输出: double-在时间t时的杀虫剂浓度的微分(REAL)",,Dynamic Model Of The Effect Of Temperature On Pesticide Degradation Rate
1691,e03059d95e1d80c2739217ce4f37caf2,Gompertz方程,,c4943651-7bc2-4f54-a8cd-1bf5361c9433,"输入: x0-初始病情(REAL), k-流行速率(REAL), t-观察时间(REAL) | 输出: double-观察时的病情(REAL)",,Gompertz Equation
1692,c63ad9460774bcf53469b30a6b62045f,Logistic方程,,dbeddda8-09b9-47ac-8809-58b235e9b21b,"输入: x0-初始病情(REAL), e-自然数(REAL), t-观察时间(REAL), rr-表观侵染速率(REAL) | 输出: double-观察时的病情/(1-观察病情)(REAL)",,Logistic Equation
1693,ae05dc9e6411991b88b58ca73a5d2acb,受害棉叶叶绿素含量损失Y模型,,db702bcd-bfb5-427a-80a5-cebaf9c3439b,"输入: a-未受害棉叶叶绿素含量(REAL), b-棉叶耐螨害能力(REAL), MS-螨害程度(REAL) | 输出: double-受害棉叶叶绿素含量损失Y(REAL)",,Y Model Of Chlorophyll Content Loss In Damaged Cotton Leaves
1694,88b8e7e744d71f1f5aea4c477e2cddf5,棉叶面积损失SL（t)模型,,3d1b53cb-96ba-4e4c-9051-923760990279,"输入: STt-受害棉株t时叶面积和对照棉株实测叶面积的差值，表示螨害所导致棉叶生长量的减少(REAL), SMt-叶螨取食螨时所造成棉叶失绿坏死累积的斑点面积(REAL) | 输出: double-棉叶面积损失(REAL)",,Cotton Leaf Area Loss Sl(t) Model
1695,fb6b7aa032eb40cf4a8465c9a4e10bc6,土壤矿物油浓度模型,,6f73d1e4-ad0f-4c55-bb28-26fd613d4401,"输入: C0-区域背景值(REAL), n-年数(REAL), R-年输入量(REAL), K-残留率(REAL) | 输出: double-第i年末土壤矿物油浓度(REAL)",,Soil Mineral Oil Concentration Model
1696,136c45cb4f15b17fceb7795eef205a73,残留量模型,,2d47bf0c-b143-46cc-b761-37409fa3468e,"输入: C0-区域背景值(REAL), K-残留率(REAL), n-年数(REAL), R-年输入量(REAL) | 输出: double-n年内残留量(REAL)",,Residual Model
1697,5c91fd64edb224e89f75abe4f9b2e277,疾病复制率,,bb3161f3-fc3d-4320-a5c0-10e3f8404fbd,"输入: N1-人的种群密度(REAL), N2-蚊子的种群密度(REAL), b-蚊子的叮咬率(REAL), f1-有传染性的被感染个体的比例(REAL), f2-有传染性的被感染个体的比例(REAL), u1-人群的康复率(REAL), u2-蚊子种群的死亡率(REAL) | 输出: double-疾病复制率(REAL)",,Disease Replication Rate
1698,9ee2e3ee41cd75994645a4e67f0f4364,患病的植物的丰富度的微分,,7479f6ee-e692-494c-abbb-95caf1d7fbfd,"输入: a-由于ACMV传染病影响的植物的损失率(REAL), rr-健康的和患病的植物的再植率(REAL), X-健康的植物的丰富度(REAL), Y-患病的植物的丰富度(REAL), K-植物的最大密度(REAL), x-由于植物患病而使繁殖中断所引起的淘汰率(REAL), k1-健康植物的接种率(REAL), V-传染性带菌者的丰富度(REAL), g-木薯植物被铲除和收割的速率(REAL), s-患病植物的康复率(REAL) | 输出: double-患病的植物的丰富度的微分(REAL)",,Differential Abundance Of Diseased Plants
1699,24882e7c01e6003aa6bb396960ad5ccf,被感染的蚊子种群比例,,8bb19ee0-9fa6-451c-a189-dcd278d9c061,"输入: b-蚊子的叮咬率(REAL), f1-有传染性的被感染个体的比例(REAL), I1-被感染的人口比例(REAL), I2-被感染的蚊子种群比例(REAL), u2-蚊子种群的死亡率(REAL) | 输出: double-被感染的人口比例的微分(REAL)",,Proportion Of Infected Mosquito Population
1700,79e5372026d9bb166f9d0c7e8ee45e7b,被感染人口比例的微分,,a282e0bc-53a4-49ee-aa11-dcfb0ec19c8d,"输入: N1-人的种群密度(REAL), N2-蚊子的种群密度(REAL), b-蚊子的叮咬率(REAL), f2-有传染性的被感染个体的比例(REAL), I2-被感染的蚊子种群比例(REAL), I1-被感染的人口比例(REAL), u1-人群的康复率(REAL) | 输出: double-被感染人口比例的微分(REAL)",,The Differential Of The Proportion Of The Infected Population
1701,e9caaba4c3c28b9d9279282ed756b8bb,死亡时间的累积分布函数,,08f5f99c-5661-4ee6-9a21-43eda1b07d79,"输入: x0-施用杀虫剂时被昆虫吸入的数量(REAL), d0-对应于非杀虫剂引起的死亡率的危险性函数(REAL), t-时间(REAL), B-杀虫剂在环境中从昆虫体内清除的瞬时速率系数(REAL), d1-特定时间的死亡危险性和同一时间昆虫体内残留杀虫剂数量之间的线性相关系数(REAL), u-杀虫剂在环境降解的瞬时速率系数(REAL), c0-环境中杀虫剂的初始浓度(REAL), a-杀虫剂在环境中被昆虫吸入的瞬时速率系数(REAL) | 输出: double-死亡时间的累积分布函数(REAL)",,Cumulative Distribution Function Of Time Of Death
1702,09f9fa64ebf70a9cfcc1616b2ae85cc2,功能方程,,6ad7ce3e-8938-46a6-92e1-d7d8bc63cee3,"输入: d0t-对应于非杀虫剂引起的死亡率的危险性函数(REAL), d1-特定时间的死亡危险性和同一时间昆虫体内残留杀虫剂数量之间的线性相关系数(REAL), x0-施用杀虫剂时被昆虫吸入的数量(REAL), B-从昆虫体内清除的瞬时速率系数(REAL), t-时间(REAL), u-杀虫剂在环境中降解的瞬时速率系数(REAL), C0-环境中杀虫剂的初始浓度(REAL), a-杀虫剂在环境中被昆虫吸入的瞬时速率系数(REAL) | 输出: double-危险性函数(REAL)",,Functional Equation
1703,7819a909e74240ea1d19a42cd0e08984,对害虫-天敌系统的影响————杀虫剂选择性指数模型,,00f85920-3828-42e4-9801-d2edd8895e83,"输入: LD_enemy-天敌的致死中量(REAL), LD_pest-害虫的致死中量(REAL) | 输出: double-杀虫剂选择性指数(REAL)",,Impact On The Pest-Natural Enemy System Pesticide Selectivity Index Model
1704,44b96713a37d1e93825681d7e9ee3399,盲蝽捕食稻虱卵的功能模型,,00abf946-ace2-4b47-8027-7f96d111f625,输入: N-和稻虱的密度(REAL) | 输出: double-被捕食者的卵量(REAL),,Functional Model Of Lygus Bugs Preying On Rice Louse Eggs
1705,1b6b792acf5d7f15bc7da4ede81a9d84,水分平衡模型,,08ec4c87-d9fe-486e-9dfa-2e4e2d040fef,"输入: Wr-当前根部体积中的水分(REAL), f-f 相关参数(REAL) | 输出: double-水分供应(REAL)",,Water Balance Model
1706,84fda87d992be191e0e7099c0893eff9,土壤有效氮的平衡模型,,d5f3b457-5d7b-428e-94f9-650108254882,"输入: NN-根部体积最大时的总氮量(REAL), aN-某一时间从有机物中释放出来的氮(REAL), NA-在时间t使用的氮肥(REAL), N-吸收的无机氮(REAL), vN-植物中循环氮(REAL) | 输出: double-土壤有效氮的平衡模型(REAL)",,Soil Available Nitrogen Balance Model
1707,96cc8e57e38d0c3a8eedf733267a7c8d,氮平衡模型,,13b09de5-5a9b-49dc-967d-a155b340a7a2,"输入: w-水压力指数(REAL), Nr-当前根部体积下的有效氮(REAL), fN-Frazer-Gilbert功能反应模型中的氮的译文(REAL), vN-从保留的和衰老的植物部分到生长的植物组织的氮的再分配率(REAL) | 输出: double-氮的总吸收率(REAL)",,Nitrogen Balance Model
1708,dcfbb85da377ac7aed58269ac5871f57,光合作用产物的生产和分配,,07476015-ed51-4f3e-8f94-4ca09e90f584,"输入: M-时间dt中生产的光合作用产物(REAL), z-每单位植物量的代谢作用消耗率(REAL), MT-所有呼吸组织的干生物量(REAL), v-每天有效储备量(REAL) | 输出: double-总吸收率(REAL)",,Production And Distribution Of Photosynthetic Products
1709,cc75f6d4036d60412cbd5096dcfb95cf,杀虫剂降解子模型,,79434e9b-d719-40aa-8047-9b3225d1e1f6,"输入: R0-杀虫剂使用的数量(REAL), k0-参考温度T0下，杀虫剂的流失率(REAL), B-描述流失率随温度的变化率的常数(REAL), T-温度(REAL), T0-参考温度(REAL), t-生理时间单位的个数(REAL) | 输出: double-在时间t杀虫剂残留的数量(REAL)",,Pesticide Degrader Model
1710,9a16300e52fa81c47a2d0ce411b6728a,特定年龄的成年个体的生存时段,,71ae6577-177f-48f3-a4b6-4d4d6ed62fde,"输入: Si-Longstaff和Cuff模型中特定年龄的成年个体存活期(REAL), c-估计的参数(REAL), d-估计的参数(REAL), T-温度(REAL), t-生理时间单位的个数(REAL) | 输出: double-在有杀虫剂的环境中经历了t个生理时间单位的第i个成年阶段的成年个体的存活率(REAL)",,The Survival Period Of An Adult Individual Of A Specific Age
1711,c40bd8748c033cf649b3e2e0770fffd5,反应平衡常数的Van'tHoff方程,,f3081959-4dc1-48c6-b87e-e9dc0d024899,"输入: tH-反应热(REAL), R-气体常数(REAL), T-绝对温度(REAL) | 输出: double-反应平衡常数的Van'tHoff方程(REAL)",,Van't Hoff Equation For Reaction Equilibrium Constants
1712,c483706a46f90ad618497baaad961d1b,温度对反应率影响的arrhenius方程,,178db48c-85d1-4744-b0a8-e1fdb7d0f587,"输入: A-常数(REAL), Ea-活化能量常数(REAL), R-气体常数(REAL), T-绝对温度(REAL) | 输出: double-速度常数(REAL)",,Arrhenius Equation For The Effect Of Temperature On Reaction Rate
1713,d645d9b305a980ca56641b196429f7a9,野生猪整个种群的密度的微分,,484dd416-892c-47be-9ad3-821a82eb2a47,"输入: X-易患病野生猪的密度(REAL), Y-具有传染性野生猪的密度(REAL), Z-免疫野生猪密度(REAL), a-未患口蹄疫时的出生率(REAL), b-b 未患口蹄疫时的死亡率(REAL), g-g 未患口蹄疫时死亡率的密度依赖性部分(REAL), N-野生猪整个种群的密度(REAL) | 输出: double-野生猪整个种群的密度的微分(REAL)",,Differentiation Of The Density Of The Entire Population Of Wild Pigs
1714,4c04c917c013a47413773e4b06dd0959,潜伏野生猪密度的微分,,119a1f77-68f3-4c76-815d-75d7626e244e,"输入: b-b 未患口蹄疫时的死亡率(REAL), B-口蹄疫的传播系数(REAL), X-易患病野生猪的密度(REAL), Y-具有传染性野生猪的密度(REAL), N-野生猪整个种群的密度(REAL), x-从潜伏到传染的变化率(REAL), g-g 未患口蹄疫时死亡率的密度依赖性部分(REAL), I-潜伏野生猪的密度(REAL) | 输出: double-潜伏野生猪密度的微分(REAL)",,Differentiation Of Lurking Wild Pig Density
1715,a371b4b97cba9c00b08f22a2df2db52b,免疫野生猪密度的微分,,17186532-2b4e-4ea4-8141-c7163cd7bb02,"输入: u-康复率(REAL), Y-具有传染性野生猪的密度(REAL), Z-免疫野生猪密度(REAL), a-未患口蹄疫时的出生率(REAL), b-b 未患口蹄疫时的死亡率(REAL), g-g 未患口蹄疫时死亡率的密度依赖性部分(REAL), N-野生猪整个种群的密度(REAL), w-免疫力丧失率(REAL) | 输出: double-免疫野生猪密度的微分(REAL)",,Differentiation Of Immune Wild Pig Density
1716,77748d8f0b204693a4a3d350af925621,具有传染性野生猪密度的微分,,4c38be01-e4f2-4339-b5bb-f600c5f85a7b,"输入: a-未患口蹄疫时的出生率(REAL), b-b 未患口蹄疫时的死亡率(REAL), g-g 未患口蹄疫时死亡率的密度依赖性部分(REAL), N-野生猪整个种群的密度(REAL), u-康复率(REAL), Y-具有传染性野生猪的密度(REAL), x-从潜伏到传染的变化率(REAL), I-潜伏野生猪的密度(REAL) | 输出: double-具有传染性野生猪密度的微分(REAL)",,Differentiation Of The Density Of Infectious Wild Pigs
1717,afbd0d4fcd27e5e68adcc7db24d3da17,易患病野生猪密度的微分,,c05f26e6-88c5-40b2-bb8b-374d5f2ac876,"输入: a-未患口蹄疫时的出生率(REAL), b-未患口蹄疫时的死亡率(REAL), g-未患口蹄疫时死亡率的密度依赖性部分(REAL), N-野生猪整个种群的密度(REAL), X-易患病野生猪的密度(REAL), Y-具有传染性野生猪的密度(REAL), B-口蹄疫的传播系数(REAL), w-免疫力丧失率(REAL), Z-免疫野生猪密度(REAL) | 输出: double-易患病野生猪密度的微分(REAL)",,Differentiation Of Disease-Susceptible Wild Pig Densities
1718,2edcc9e9434a26248b09227fdb2526e3,污染指数Ipn模型,,38f6fb3c-f9ad-418b-a91e-94f6f263c4e2,"输入: Q-污染指数的公比(REAL), p-开始禁用六六六当年的污染指数(REAL), n-六六六当年的污染指数(REAL) | 输出: double-六六六取代后的污染指数(REAL)",,Pollution Index Ipn Model
1719,28549039ee7f4e177d4b46e756848ae2,污染指数Ip模型,,57acf6f5-4345-497e-a9c1-83f67d303350,"输入: C-单项的实测值(REAL), Cs-单项的评价标准(REAL) | 输出: double-单项的污染指数(REAL)",,Pollution Index IP Model
1720,29fe2a33cdad709820dc653d2214b7af,污染指数Ip模型,,3ea0a3a2-3f09-4b30-9368-4e97dcf54453,"输入: n-项数(REAL), p-单项的污染指数(REAL_ARRAY) | 输出: double-单元要素的污染指数(REAL)",,Pollution Index IP Model
1721,10641b56bd09d39ffb791a1351f8947a,森林死亡率,,4de3689c-0861-42fd-ac82-6a944bb188ce,"输入: A-作为树木径级的函数而变化(REAL), X-被舞毒蛾吃掉的叶片面积的比例(REAL) | 输出: double-森林死亡率(REAL)",,Forest Mortality
1722,e169ebe1157d660ea3553ac00f4f8733,Guderian函数模型,,ef5c8d12-6430-44b5-a54b-ce803ab8186a,"输入: K-植物生长年龄(REAL), e-自然对数(REAL), a-植物伤害的污染物临界物(REAL), b-生物因子的总和(REAL), c-污染物的浓度(REAL) | 输出: double-暴露时间(REAL)",,Guderian Function Model
1723,e0171f9653525a5b1f2706dcb01359dd,杀虫剂能够生物降解的动态模型,,352416b2-52bb-4a74-86e1-29dcc4c2b574,"输入: k-速率常数(REAL), x-在时间t杀虫剂的浓度(REAL), m-在时间t相关微生物的数量(REAL) | 输出: double-杀虫剂浓度的微分方程(REAL)",,Dynamic Model Of Biodegradability Of Pesticides
1724,94d8d1096f59aefcf3d463114ab750ba,米歇利斯动力学模型,,890b4c3e-b0df-40fb-9607-e12c3fe38b7b,"输入: k1-米氏常数(REAL), k2-米氏常数(REAL), x-在时间t杀虫剂的浓度(REAL) | 输出: double-杀虫剂浓度的微分方程(REAL)",,Michelis Dynamic Model
1725,2d1f24f1af5de1a51fc5a10ecc1b4b88,一阶动力学模型,,6b3c41ec-1c5f-4527-bbe3-3748a45062d1,"输入: k-速率常数(REAL), x-在时间t杀虫剂的浓度(REAL) | 输出: double-杀虫剂浓度的微分方程(REAL)",,First-Order Dynamic Model
1726,db2bac2d84a122c82cdfc024b6c093ae,半阶动力学模型,,c5c88d8a-2ff7-48e4-9f31-6fcc7ec1410d,"输入: k-速率常数(REAL), x-在时间t杀虫剂的浓度(REAL) | 输出: double-杀虫剂浓度的微分方程(REAL)",,Half-Order Dynamic Model
1727,fdbc026635804e0dc61a1573ea0616cc,零阶动态模型,,0177cb20-519a-40d3-ae78-d6194ad149b1,输入: k-速率常数(REAL) | 输出: double-杀虫剂浓度的微分方程(REAL),,Zero-Order Dynamic Model
1728,f1e9375077e807cf9e4049224879641b,细菌活泼发育区半径r,,8afacd11-bc20-49a6-9f3d-4e518379c9ad,"输入: V-位菌量最高范围的排液量(REAL), h-注水层厚度(REAL), m-注水层的孔隙度(REAL), n-水的驱油系数(REAL) | 输出: double-细菌活泼发育区半径(REAL)",,The Radius R Of The Bacterial Active Development Zone
1729,d350dcf2a63e1ec8c9e4058bb71331f9,抗虫性指标K,,bc3bcbcf-22ac-4516-bba7-55b50937eda7,"输入: I-当地作物品种上害虫的数量发展趋势(REAL), a-存活率下降数(REAL), S-存活率(REAL), f-生殖率下降数(REAL), PF-达到标准卵量百分率(REAL), P-雌虫占成虫总数的百分率(REAL), N0-调查当地为害前一世代的害虫基数(REAL) | 输出: double-抗虫性指标(REAL)",,Insect Resistance Index K
1730,8ac8ef98115397729ec97491dbf5fa32,相对质量方程-土壤,,ba297cc5-5ac6-4b96-9d64-486ed3e2a2b6,"输入: kSo-土壤中的化学药品的相对量(REAL), MSo-土壤中的化学药品的相对量(REAL), kSoA-从土壤到空气的传递系数(REAL), kASo-从空气到土地壤的传递系数(REAL), MA-空气中的化学药品的相对量(REAL) | 输出: double-土壤中的化学药品相对量的微分方程(REAL)",,Relative Mass Equation - Soil
1731,1f9fbd66cdaf4f62603a758403ea2d74,相对质量方程-水,,54e131fe-7cda-4be3-8abe-7a275debdf57,"输入: kW-水中的化学药品的衰退系数(REAL), MW-水中的化学药品的相对量(REAL), kAW-从空气到水的传递系数(REAL), MA-空气中的化学药品的相对量(REAL), kWA-从水到空气的传递系数(REAL) | 输出: double-水中的化学药品相对量的微分方程(REAL)",,Relative Mass Equation - Water
1732,7814e7f1923f35958170c420d8393e31,相对质量方程-空气,,6ee71bb3-e249-45f4-a399-cb453f334664,"输入: kA-空气中的化学药品的衰退系数(REAL), MA-空气中的化学药品的相对量(REAL), kAW-从空气到水的传递系数(REAL), KWA-从水到空气的传递系数(REAL), MW-水中的化学药品的相对量(REAL), MSo-土壤中的化学药品的相对量(REAL), kASo-从空气到土地壤的传递系数(REAL), kSoA-从土壤到空气的传递系数(REAL) | 输出: double-空气中的化学药品相对量的微分方程(REAL)",,Relative Mass Equation - Air
1733,2018d4489889f92b5a6eb01144c03585,浓度方程-土壤,,63527f0e-b7ff-4cdb-918d-a9249a5d3e82,"输入: kSo-土壤中的化学药品的相对量(REAL), CSo-土壤中的化学药品的浓度(REAL), KASo-从空气到土地壤的传递系数(REAL), kSoA-从土壤到空气的传递系数(REAL), CA-空气中的化学药品的浓度(REAL) | 输出: double-土壤中的化学药品的浓度的微分方程(REAL)",,Concentration Equation - Soil
1734,782e7460b39c19ae2bdd1c6b541c76f9,浓度方程-水,,0327a495-a69e-4107-b0fc-df30fdcb302b,"输入: kW-水中的化学药品的衰退系数(REAL), CW-水中的化学药品的浓度(REAL), KAW-从空气到水的传递系数(REAL), CA-从水到空气的传递系数(REAL), KWA-空气中的化学药品的浓度(REAL) | 输出: double-水中的化学药品的浓度的微分方程(REAL)",,Concentration Equation - Water
1735,0f19121011eb7af7d06616fc8ac36dc3,浓度方程-空气,,d569fabe-fa6c-4e61-b6fc-717c0c192ed0,"输入: kA-空气中的化学药品的衰退系数(REAL), CA-空气中的化学药品的浓度(REAL), KAW-从空气到水的传递系数(REAL), KASo-从空气到土壤的传递系数(REAL), CSo-土壤中的化学药品的浓度(REAL), kSoA-从土壤到空气的传递系数(REAL) | 输出: double-空气中的化学药品的浓度的微分方程(REAL)",,Concentration Equation - Air
1736,9dcb28338984c587e7d07f3362fac4e4,天敌攻击率E模型,,a298b389-2cb2-4001-bb0e-1f3056720e83,"输入: T-温度(REAL), Tf-天敌攻击的最适宜温度(REAL), TL-天敌攻击的最低临界温度(REAL), TH-天敌攻击的最高临界温度(REAL), d1-天敌攻击的最低临界温度与攻击系数迅速下降点温度之间的变化幅度(REAL), d2-天敌攻击的最高临界温度与攻击系数迅速下降点温度之间的变化幅度(REAL), K-天敌的极限攻击值(REAL), rr-天敌禀攻击率(REAL) | 输出: double-天敌攻击率(REAL)",,Natural Enemy Attack Rate E Model
1737,e2c79bbeb53cec7fc6ce43f8b978e11d,累计虫数的二阶导数,,b0a644f4-9d30-417e-8157-d38eeae14d0f,"输入: n-已抽取子样数量(REAL), xc-判别密度（防治指标）(REAL), a-回归式的截距(REAL), b-回归式的斜率(REAL), t-时间(REAL) | 输出: double-累计虫数的二阶导数(REAL)",,The Second Derivative Of The Cumulative Number Of Insects
1738,7a03a4e11acb068dfee081161b624c0e,累计虫数的一阶导数,,521e76af-5fef-4cad-8a81-8e8e377bfeef,"输入: n-已抽取子样数量(REAL), xc-判别密度（防治指标）(REAL), a-回归式的截距(REAL), b-回归式的斜率(REAL), t-时间(REAL) | 输出: double-累计虫数的一阶导数(REAL)",,The First Derivative Of The Cumulative Number Of Insects
1739,9f71bf5f84ce2f649cd032fb9e6be307,一个动物尸体上污染物达到最大值所需的时间,,367e3dd6-835b-43a5-80ec-f940e181605f,"输入: a-代表孢子死亡或从环境中移出的污染物腐烂速率(REAL), d-动物尸体的腐烂速率(REAL) | 输出: double-一个动物尸体上污染物达到最大值所需的时间(REAL)",,The Time It Takes For Contaminants To Reach Maximum Levels On An Animal Carcass
1740,d2a6eb81ceec5fd3d8f07415cdc08a6e,种群中有毒物质总量动态模型,,03ce41cf-a8f2-4582-bef4-231adf44c68a,"输入: RE-环境摄入有毒物的速率(REAL), RB-新生体中毒物总量的变化速率(REAL), RL-毒物从种群中失去的速率(REAL) | 输出: double-种群中有毒物质总量(REAL)",,Dynamic Model Of The Total Amount Of Toxic Substances In The Population
1741,71e1a1e78e85252cd6604892236830a2,保持力和转化力模型-双曲线降解模型,,6bd6f2fb-5ed2-4560-b148-0d8cfcd30c9f,"输入: kd1-降解率常数(REAL), kd2-经验降解常数(REAL), C-溶解阶段的浓度(REAL) | 输出: default_N-double(REAL)",,Retention And Transformation Model-Hyperbolic Degradation Model
1742,6e65c8f0942226bd587f857543f392e3,保持力和转化力模型-幂速率降解模型,,e96207d4-0ee9-4b5b-9427-12958d8e7bb2,"输入: kd1-降解率常数(REAL), C-溶解阶段的浓度(REAL), kd2-经验降解常数(REAL) | 输出: default_N-double(REAL)",,Retention And Transformation Model-Power Rate Degradation Model
1743,5e5ef713dfd4396420f3a89ed4764778,保持力和转化力模型-一阶方程降解模型,,2c9e05bd-68f1-41b1-a359-5a392fec44ba,"输入: kd-降解率常数(REAL), x-土壤水的体积容量(REAL), C-溶解阶段的浓度(REAL), p-土壤的体积密度(REAL), S-吸附阶段浓度(REAL) | 输出: double-杀虫剂降解的下沉时间(REAL)",,Retention And Transformation Model - First-Order Equation Degradation Model
1744,18d84b9c075aa643fe1ea279dd16998d,保持力和转化力模型-平衡方程,,8ddb1156-ece9-41df-99d2-4da8bf42f8b9,"输入: Q-平衡时的吸附部分(REAL), k1-经验吸附等温常数(REAL), C-溶解阶段的浓度(REAL), k2-经验吸附等温常数(REAL) | 输出: default_N-double(REAL)",,Retention And Transformation Force Model - Equilibrium Equations
1745,3b3d680e5b62b6dcca44e59ee18cbbe7,保持力和转化力模型-平衡方程,,e6091730-1873-4a03-b28d-ba777264698e,"输入: C-溶解阶段的浓度(REAL), Sm-最大吸附浓度(REAL), k1-经验吸附等温常数(REAL), Cm-最大溶解浓度(REAL), k2-经验吸附等温常数(REAL) | 输出: default_N-double(REAL)",,Retention And Transformation Force Model - Equilibrium Equations
1746,bd7439ff673177ff0618a58f5b3baf05,保持力和转化力模型-平衡方程,,e9c57e9e-af69-4360-b8cc-e784b98bc397,"输入: k1-经验吸附等温常数(REAL), k2-经验吸附等温常数(REAL), C-溶解阶段的浓度(REAL) | 输出: default_N-double(REAL)",,Retention And Transformation Force Model - Equilibrium Equations
1747,9c69fdc01edcce40cdc459e9b6e2f1fe,保持力和转化力模型-平衡方程,,64871451-8ad6-42c1-951a-1db8db5be087,"输入: k1-经验吸附等温常数(REAL), k2-经验吸附等温常数(REAL), C-溶解阶段的浓度(REAL) | 输出: default_N-double(REAL)",,Retention And Transformation Force Model - Equilibrium Equations
1748,23fdafadef5c0ddd2411ae2efa39233f,保持力和转化力模型-线性平衡方程,,ffe68153-0f93-4024-a113-8137ac47c6b4,"输入: k1-经验吸附等温常数(REAL), k2-经验吸附等温常数(REAL), C-溶解阶段的浓度(REAL) | 输出: double-吸附阶段浓度(REAL)",,Retention And Transformation Force Model-Linear Balance Equation
1749,5d20d50ae2905618ce507443abaf1612,害虫物种数量的回归方程,,c33cfda3-4931-49a1-ab0b-02b629b2b8a1,"输入: Age-年龄(REAL), Area-面积(REAL) | 输出: double-害虫物种数量的自然对数(REAL)",,Regression Equation For The Number Of Pest Species
1750,b3602d715bdbbf77851c8329680553fa,健康的植物的丰富度的微分,,f368a63f-4994-447e-92de-89ffc556d8ef,"输入: rr-健康的和患病的植物的再植率(REAL), X-健康的植物的丰富度(REAL), Y-患病的植物的丰富度(REAL), K-植物的最大密度(REAL), x-由于植物患病而使繁殖中断所引起的淘汰率(REAL), k1-健康植物的接种率(REAL), V-传染性带菌者的丰富度(REAL), g-木薯植物被铲除和收割的速率(REAL), s-患病植物的康复率(REAL) | 输出: double-健康的植物的丰富度的微分(REAL)",,Differentiation Of The Richness Of Healthy Plants
1751,99367ca3d18588a44e5d494ec1eb9def,害虫组成的微分方程,,807a87ba-e939-4fb2-bbd0-c017884fa22f,"输入: rr-在第n年的时间t时的种群固有的增长速度(REAL), X-在时间t时田间害虫的总数(REAL), I-在第n年的时间t时的迁入速度(REAL) | 输出: double-害虫组成的微分方程(REAL)",,Differential Equation Of Pest Composition
1752,5e45193fa86dce4aebc9c0c329b96b32,作物动态方程,,f3a8cbbf-d6c4-4c4b-9333-68f6942c2eb6,"输入: r0-作物固有的生长速度(REAL), C-作物的测度值(REAL), v-害虫对作物消费的单位速度(REAL), X-在时间t时田间害虫的总数(REAL) | 输出: double-作物的动态方程(REAL)",,Crop Dynamic Equations
1753,40d931ea620d87f2aaccca3f197a6084,Shannon-Wiener多样性指数模型,,ccda1c8a-d629-46fe-b5cb-379f3a7b9e40,"输入: NN-群落中的个体总数(INT), narray[]-物种个体数量集(INT_ARRAY) | 输出: double-DD(REAL)",,Shannon-Wiener Diversity Index Model
1754,cd49f6faff4629062818113153b3768d,Shannon-Wiener多样性指数模型,,7f209887-f7a2-466d-973a-061f7352a58f,输入: pi[]-个体占总数的比例(REAL_ARRAY) | 输出: double-HH(REAL),,Shannon-Wiener Diversity Index Model
1755,d808d4239037211a4166941f7ed6422a,均匀性指数,,f7f4f8d7-cd24-48b1-837e-739f9a53d7ee,"输入: HH-多样性指数(REAL), HHmax-多样性指数最大值(REAL) | 输出: double-jj(REAL)",,Uniformity Index
1756,1f0e81fb2bd50f04668683874bb69518,物种多样性指数,,9586c1ca-eb17-4608-bd1f-28b3b4eb4834,输入: qjk[]-个体占总个体的比例(REAL_ARRAY) | 输出: double-HjS(REAL),,Species Diversity Index
1757,a349579d162941b8dd309963cc0bfce9,群落的均匀性J模型,,4e91a39c-2bb2-403c-8290-84472008c64b,"输入: HHresult-多样性指数(REAL), HHmax-多样性指数最大值(REAL) | 输出: double-JJ(REAL)",,Community Uniformity J Model
1758,ed06ef2ffccf15c12f162a71efa5abfd,相关系数,,9eba2df7-2724-4bbf-b3fa-9b2702d53f37,"输入: Yij[]-物种i在j地段的相对丰盛度(REAL_ARRAY), Ykj[]-物种k在j地段的相对丰盛度(REAL_ARRAY) | 输出: double-参数(REAL)",,Correlation Coefficient
1759,d1d917cd6014c0240bc8117b39793713,均匀性指数模型,,324995fb-53c8-4775-9817-739ddc15c493,"输入: HHresult-蝗虫种的多样性(REAL), SS-该地段蝗虫物种数(REAL) | 输出: double-ee(REAL)",,Uniformity Index Model
1760,73bcc93681c32dfa5eac8c059b57f9d9,Shannon-Wiener多样性指数模型,,943f2a61-56bb-4dd2-b5e3-c88e8ee4adba,"输入: Ni[]-第i种的个体数(REAL_ARRAY), NN-所有种的个体总数(REAL) | 输出: double-HH(REAL)",,Shannon-Wiener Diversity Index Model
1761,d5e433140d28f18ece3829645c03a5f9,优势集中性指数模型,,91724db9-7f7d-4918-93bf-f1c64cac832c,"输入: Ni[]-每一个种的个体数(REAL_ARRAY), NN-总个体数(REAL) | 输出: double-CC 优势集中性指数模型(REAL)",,Advantage Concentration Index Model
1762,ad7ff2f2185be8daee5caf6e611b52b8,Berger-Parker优势度指数模型,,f9992092-ecd3-4d52-b065-1c1400bec89e,"输入: Nmax-优势种群数量(REAL), NT-全部种的种群数量(REAL) | 输出: double-I2(REAL)",,Berger-Parker Dominance Index Model
1763,8a961db055601152e03379ad39053d5e,Whittaker的相似性指数模型,,e9c531e9-0aa7-48e1-b6ae-22fbef9d61e8,"输入: ai[]-物种i的个体数在a群落中的比例(REAL_ARRAY), bi[]-物种i的个体数在b群落中的比例(REAL_ARRAY) | 输出: double-I1(REAL)",,Whittaker's Similarity Index Model
1764,47d862107a462538f6366b9e2240e6c0,Morisita-Horn指数模型,,977067c0-7987-44f6-9470-41ebfd579b33,"输入: totalanibni-区室i的流量(REAL), da-总系统流量(REAL), db-区室i的流量(REAL), aN-总系统流量(REAL), bN-总系统流量(REAL) | 输出: double-CMH(REAL)",,Morisita-Horn Exponential Model
1765,a46c7016c280290186c5a77925ac2948,基于营养关系的等级多样性指数,,39568791-d86f-45b1-84a7-605429d74d86,"输入: HT1-总热带多样性中一般营养水平的组分(REAL), HT1T2-总热带多样性中功能性的热带组分(REAL), HT1T2T3-总热带多样性的最低分类学单元组分(REAL) | 输出: double-HH(REAL)",,Rank Diversity Index Based On Trophic Relationships
1766,15cb4cb421e78351611e0b3694d4c977,等级多样性指数,,09acc5d8-3680-406c-bc87-c55012d4e1f0,"输入: HF-多样性的家族组分(REAL), HFG-总多样性的种属组分(REAL), HFGS-总多样性的物种组分(REAL) | 输出: double-HH(REAL)",,Grade Diversity Index
1767,c9654926fdc9724e059db31b34babd86,Shannon-Weaver物种多样性指数,,9e53ced2-6fbf-4675-a159-371a747599aa,输入: pi[]-物种个体数量(REAL_ARRAY) | 输出: double-HH(REAL),,Shannon-Weaver Species Diversity Index
1768,c42ff5318eb3372371ee7b560850def9,物种多样性指数H2,,4f1d8001-cbfc-4f69-9fa1-c47ad756bb51,"输入: NN-个体数(REAL), ni[]-所有种的个体总数(REAL_ARRAY) | 输出: double-HH2(REAL)",,Species Diversity Index H2
1769,e536e0c51149a81aed957ecbee40f66d,物种多样性指数H1,,25647147-adf7-4719-b8a9-6036b283a917,输入: pi[]-个体占总数的比例(REAL_ARRAY) | 输出: double-HH1(REAL),,Species Diversity Index H1
1770,0fa1d16ad48b1bc9c455779b66d615a8,修正后的多样性指数,,0845b1d6-ba8f-4d19-ae3e-b3adbb1f99f7,"输入: bi[]-物种的生物量(REAL_ARRAY), BB-群落的总生物量(REAL) | 输出: double-DImasscor(REAL)",,Modified Diversity Index
1771,882affb4310caf25e4249ecc60fbbf3e,多样性指数,,8a232164-ba79-4207-87c4-6437d2094ee1,"输入: bi[]-物种的生物量(REAL_ARRAY), BB-群落的总生物量(REAL) | 输出: double-DImass(REAL)",,Diversity Index
1772,f551591370994f1554ccb03835997d29,物种多样性,,daf38e0d-5d37-4767-aab5-e7040a772d9b,"输入: k5-物种灭绝率(REAL), pp-森林开发较小的地区的种群(REAL) | 输出: double-DD(REAL)",,Species Diversity
1773,22179f9cd8ace5bc41c5fc691ef4392f,Logistic增长的种群驱动力模型,,0d02de2f-0548-4b24-8b28-bdbeaeb42519,"输入: k1-种群的出生率(REAL), k2-种群的死亡率(REAL), pp-森林开发较小的地区的种群(REAL) | 输出: double-DP(REAL)",,Logistic Growth Population Driving Force Model
1774,4b07aab286c5a5051433e1e4aefe3edc,浮游生物多样性指数计算公式,,8341db3c-d06d-4a46-9808-6952c853b2b0,"输入: SS-浮游植物或浮游动物的种数(REAL), NN-每升水中浮游植物或浮游动物的个数(REAL) | 输出: double-Dindex(REAL)",,Plankton Diversity Index Calculation Formula
1775,beab235b285d31cc6bc967d67b2f29a3,指数增涨法,,340964a1-0645-4755-977c-f359eeb12d6c,"输入: WW-卵发育时间(REAL), Tba-每平方米卵的数量(REAL), DD-每平方米轮虫的数量(REAL), EE-个体平均体重(REAL), NO-世代时间(REAL), TT-采样间隔(REAL) | 输出: double-P2(REAL)",,Exponential Growth Method
1776,f684c9d1b442c6b50fd5e8c23c673b61,时代时间法,,7fee4a64-1bef-4a9a-bb7c-10e155fafa72,"输入: NN-每平方米轮虫的个数(REAL), WW-个体平均体重(REAL), Tba-世代时间(REAL) | 输出: double-P1(REAL)",,Era Time Method
1777,43d2a06ca19637c7d93f70e1b5f2350d,熵产生,,a73056de-adea-4bee-827c-7a205c4e5939,"输入: dis-系统内的熵产生(REAL), des-描述熵输出到外部环境的流量术语(REAL) | 输出: double-ds(REAL)",,Entropy Production
1778,2a470c4880f6d59877582f92546ee841,景观多样性指数Di模型,,dec01a59-8ffe-4034-a4d7-2c2e67f9611a,"输入: ii-物种的估计总数(REAL), mm-样本中的个体数量(REAL) | 输出: double-Di(REAL)",,Landscape Diversity Index Di Model
1779,a4d13e91362fa512e6336c72933ae4db,景观破碎度F模型,,830ad987-ac15-48b4-885f-c62b4d0bc18c,"输入: mm-被测景观中斑块的总数目(REAL), EE-被测景观中可能出现的最多斑块数(REAL) | 输出: double-FF(REAL)",,Landscape Fragmentation F Model
1780,7f7d9c7508e7d4a2dfe4d2f110e8d392,修改的分维数Pm,,3f64dd5e-d3ef-454b-9dcf-38b0394ee10e,"输入: PP-斑块的周长(REAL), AA-斑块的面积(REAL), nn-与板块相邻的景观类型的数目(REAL), mm-景观中景观类型的总数(REAL) | 输出: double-Pm(REAL)",,Modified Fractal Dimension Pm
1781,38dc46526e02036e0e6fd68b582b7fd1,McIntosh多样性指数Dmc模型,,00f722c0-1b4d-4715-9d62-82ecd3d17a6d,"输入: ni[]-个种的个体数(REAL_ARRAY), NN-所有种的个体总数(REAL) | 输出: double-Dmc(REAL)",,Mc Intosh Diversity Index Dmc Model
1782,160a7ff30e23cd39407ff7a13e7646ab,Simpson多样性指数H模型,,3181b1f0-4c35-441b-82fb-918368724085,"输入: ni[]-个种的个体数(REAL_ARRAY), NN-所有种的个体总数(REAL) | 输出: double-HH(REAL)",,Simpson Diversity Index H Model
1783,35362cae7e77573cea6331aa3eef95de,Simpson多样性指数λ模型,,8dbf0faf-e666-4e29-bd89-9dfd4f2c0560,"输入: ni[]-个种的个体数(REAL_ARRAY), NN-所有种的个体总数(REAL) | 输出: double-Lambda(REAL)",,Simpson Diversity Index Lambda Model
1784,82fd6a801e3a3325d7c0a106ac64ffb7,Bray-Curtis指数模型,,63021530-1adc-426a-b7a0-f8a5fb6e98b0,"输入: jN-区室i的流量(REAL), aN-总系统流量(REAL), bN-参数(REAL) | 输出: double-CN(REAL)",,Bray-Curtis Exponential Model
1785,8ffb256c1c64af9d63959a828b740a4e,Wilson指数βt模型,,19e8204c-a282-4528-86b6-d8b13b286a91,"输入: GG-沿环境梯度增加的物种数(REAL), LL-沿环境梯度减少的物种数(REAL), AA-群落环境梯度总地上所发现物种的生物量(REAL) | 输出: double-betat(REAL)",,Wilson Exponential Βt Model
1786,be6ceb6752f51584ead5d8aec3aa96f1,Whittaker指数βW模型,,5fe43cfd-2ec2-4add-b45d-999d3bdbaf57,"输入: SS-群落包含的种类(REAL), AA-物种的平均度(REAL) | 输出: double-betaw(REAL)",,Whittaker Index Βw Model
1787,19b55ea80287979717737a5a5aa73732,均匀度RSW模型,,928795d9-c172-4758-9833-a2f75f68aaf6,"输入: DSWresult-DSW指数(REAL), SS-群落包含的种类(REAL) | 输出: double-RSW(REAL)",,Uniformity RSW Model
1788,a9bffc53c6bbcbd0d5660a0672f98910,Shannon-Wiener指数DSW模型,,383a16aa-deb9-4756-bdee-65b0a8efbb21,输入: pi[]-一个群体属于i种的概率(REAL_ARRAY) | 输出: double-DSW(REAL),,Shannon-Wiener Exponential DSW Model
1789,68264a518a25216800bb6d857baa3467,成熟指数,,de13e002-9465-4dcc-8998-491e88d95259,"输入: vi[]-参数(REAL_ARRAY), pi[]-第i类型中个体的数量(REAL_ARRAY) | 输出: double-MI(REAL)",,Maturity Index
1790,ab76b76f99979b14ef9cb226ff411747,优势度,,9719830b-3d5f-4f29-bb2a-dfa812058970,输入: pi[]-第i类型中个体的数量(REAL_ARRAY) | 输出: double-superiority(REAL),,Advantage
1791,5e1204fa2081d2537f902754eeb9b73e,均质性,,eeca18ea-6bc1-4a4f-a63a-ec227b9e6fc3,"输入: Hresult-多样性(REAL), Hmax-多样性最大值(REAL) | 输出: double-uniformity(REAL)",,Homogeneity
1792,62e17556f27097fa01bdfb8d57241107,丰富度,,057e2f20-4de6-48bf-ae26-abc4a2936fb2,"输入: ss-类型的数量(REAL), NN-能识别的个体数量(REAL) | 输出: double-richvolume(REAL)",,Richness
1793,62f472c75cda5778c3a870702d018b4d,Jaccard指数,,4ac5e527-2f7c-4b1e-92d0-ea9f025d504c,"输入: SAB-群落A和B共有的物种(REAL), SA-群落A中发现的物种(REAL), SB-群落B中发现的物种(REAL) | 输出: double-richvolume(REAL)",,Jaccard Index
1794,a13911f3982baaee3295fbc49887f19c,总多样性,,10dfec0c-9129-4606-9549-eb3b8e2d16bc,"输入: HG-群落属的多样性(REAL), HGS-每一个种的平均种多样性(REAL) | 输出: double-HH(REAL)",,Total Diversity
1795,ebf5d66011af298f005c95b0b00d0344,多群落比较的多样性指数DIG模型,,664c1122-e6df-49df-beff-c1517b199700,"输入: Xi[]-第i类群类生物量(或个体数)(REAL_ARRAY), Ximax-各群落中第i类群落的最大生物量(REAL), Ci[]-第i个群落(REAL_ARRAY), CC-C个群落(REAL), gg-群落中的类群数(REAL), GG-各群落所包含的各类群数(REAL) | 输出: double-DIC(REAL)",,Diversity Index DIG Model For Multi-Community Comparison
1796,bae800d2d60b9a344edcbc45aab26236,密度-类群指数DG模型,,64bba734-0522-4ece-ac46-d9aa2ad46052,"输入: Di[]-第i类群类生物量(或个体数)(REAL_ARRAY), Ci[]-第i个群落(REAL_ARRAY), Dimax-各群落中第i类群落的最大生物量(REAL), gg-群落中的类群数(REAL), GG-C个群落(REAL), CC-各群落所包含的各类群数(REAL) | 输出: double-DG(REAL)",,Density-Group Index DG Model
1797,d507530f9f81f39259d3c1f55849b5ff,相对重要度Vri模型,,7bf82dd6-fec6-470f-bd26-5178474b5e7a,"输入: RD-相对密度(REAL), RF-相对频度(REAL), RP-相对优势度(REAL) | 输出: double-Vri(REAL)",,Relative Importance Vri Model
1798,2ec0ad15273bb1e0d8a4bd9db02ad56c,生态优势度指数Ied模型,,310317fe-8256-4b3d-b9db-480d6f9611f3,输入: pi[]-种i的相对重要值(REAL_ARRAY) | 输出: double-Ied(REAL),,Ecological Advantage Index Ied Model
1799,884d7a03d8e6b4d40e79e343ca60f4cd,均匀度指数Ice模型,,7c38fb05-f30b-465c-9f2d-31dd2330bbc0,"输入: pi[]-种i的相对重要值(REAL_ARRAY), SS-种i所在样地的物种总数(REAL) | 输出: double-Ice(REAL)",,Uniformity Index Ice Model
1800,c5bdbe798915091c3fe051230f32baa9,多样性指数Isd模型,,c65f2591-bf3c-4d5f-9a43-93c5d1f910fe,输入: pi[]-种i的相对重要值(REAL_ARRAY) | 输出: double-Isd(REAL),,Diversity Index Isd Model
1801,6b67fdb8cd7389ca6bd6cb95fe29dedb,Pielou的均匀度指数J模型,,7c29f83f-4434-4922-81e9-a59ee7c5bcbb,"输入: pi[]-种i的相对重要值(REAL_ARRAY), SS-种i所在样地的物种总数(REAL) | 输出: double-JJ(REAL)",,Pielou’s Uniformity Index J Model
1802,4fb04d81f6943174ea7fb05c90673c0d,McIntosh指数d模型,,8a37c032-30d9-4d2d-9346-1b9733f9ae60,输入: pi[]-种i的相对重要值(REAL_ARRAY) | 输出: double-dd(REAL),,Mc Intosh Exponential D Model
1803,0448ff46535904cc0a5ff649f33da5ff,种间相遇几率Epi模型,,8b2c1c9f-6a47-49ac-98d1-8de18d25a37d,"输入: ni[]-种i的相对重要值(REAL_ARRAY), NN-参数(REAL) | 输出: double-Epi(REAL)",,Epi Model Of Interspecific Encounter Probability
1804,2ca2c2dbc6456795a833bf9f8d3d9f5d,Shannon-Wiener指数H模型,,18417c96-3102-4394-a1f4-2826621b9b47,输入: pi[]-种i的相对重要值(REAL_ARRAY) | 输出: double-HH(REAL),,Shannon-Wiener Exponential H Model
1805,144b9721f4197bb1a9d18a82f8ec969d,平坦指数,,c500fe12-dda9-4b11-a2f6-a624c525e82a,"输入: N1result-丰富物种数量指数(REAL), N2result-丰富物种数量指数(REAL) | 输出: double-E5(REAL)",,Flatness Index
1806,7a4a83955816799c04d4b2afa5d6c451,均匀度指数E模型,,6e8f5ac4-b1a4-4f3c-8a59-735b145af72b,"输入: N1result-丰富物种数量指数(REAL), N2result-丰富物种数量指数(REAL) | 输出: double-EE(REAL)",,Evenness Index E Model
1807,bf4e1f679012edceabb689224a9e0b17,丰富度指数指数,,1dc996b1-2706-4308-b7b0-a14ff06d3f13,输入: SS-Shanon指数(REAL) | 输出: double-N1(REAL),,Richness Index Index
1808,04b66f217da5e21574c64731559fc6ce,生态优势度C模型,,38ea4a82-0846-423f-9f44-61228e5137bb,"输入: ni[]-第i物种的个体数(REAL_ARRAY), NN-所有物种的个体数(REAL) | 输出: double-CC(REAL)",,Ecological Dominance C Model
1809,82f80ce0ffb8d3d35bebb60deb0b4171,McIntosh多样性指数模型,,d1adde46-26f9-4eb6-be47-90335ac99223,"输入: NN-总体中的个体数(REAL), UU-点和坐标原点的距离(REAL) | 输出: double-DD(REAL)",,Mc Intosh Diversity Index Model
1810,24fbe0ff12ed5288f38f64c43aa7633d,总丰富度,,8b5f4bfa-662d-461e-b043-95b71c31444a,"输入: Ri-内部物种丰富度(REAL), Re-边缘物种丰富度(REAL) | 输出: double-Rt(REAL)",,Total Richness
1811,c9964e8f99b7b7b0772cb8180650ddf1,总码长模型,,79bdf320-e1c2-403e-a59b-a8552c3eb0fa,"输入: E1-误差码长(REAL), M1result-模型码长(REAL) | 输出: double-D1(REAL)",,Total Code Length Model
1812,b4adbdb7d57bd3ab505b8035e0b49dec,模型码长模型,,cdffa255-b5a1-4195-bc0d-046df063fa5d,"输入: Nb-聚类中心的精度(REAL), CC-端点数(REAL), SS-节点数(REAL), mm-常数(REAL), Na-一个地址的码长(REAL) | 输出: double-M1(REAL)",,Model Code Length Model
1813,c2c3489386b23b629b7fa6b924b2b019,生态系统的流量多样性,,b63adf82-17d1-41c7-ab13-7ce4ee932a1d,"输入: Ti[]-区室i的流量(REAL_ARRAY), Tst-总系统流量(REAL) | 输出: double-HI(REAL)",,Ecosystem Traffic Diversity
1814,3014cc626d2c2f8d6a70fd85fde9b899,总种数估计量Se模型,,e68519d2-8c11-4671-bfa2-0202b62940b6,"输入: cc-常数(REAL), n1-样本(REAL), nx[]-参数(REAL_ARRAY) | 输出: double-Se(REAL)",,Total Species Estimator Se Model
1815,b8b9b63aa9299b92367fb4ef9b2be35c,相关指数Icr模型,,94c97b49-820b-4376-ab1f-524516ee6747,"输入: nn-样本含量(REAL), QQ-累加和(REAL), kk-模型中参数的个数(REAL), Sts-累加和(REAL) | 输出: double-Icr(REAL)",,Correlation Index Icr Model
1816,66639013311bed1503a15e9ae9cd3edd,分配及衰老条件,,5aa1daf2-4691-4eec-80d2-dde19d2e00fd,"输入: NPP-中间常量(REAL), taoNPP-中间常量(REAL), fNPPdeltat-函数值(REAL) | 输出: double-fNPP(REAL)",,Distribution And Aging Conditions
1817,bec7aa2258b28f647e43bdfec8035191,Shannon-Wiener指数H模型,,9c1ac998-b54f-4d33-9d72-9670e58fddeb,输入: Pi[]-第i种个体（或胸面积盖度）所占比值(REAL_ARRAY) | 输出: double-HH(REAL),,Shannon-Wiener Exponential H Model
1818,e9627e40d002f1e1b525ce251cc41108,Hill多样性指数族NA模型,,2898e78c-808e-4c56-906f-50a4e8066612,"输入: Pi[]-第i种个体（或胸面积盖度）所占比值(REAL_ARRAY), AA-常数值(REAL) | 输出: double-NA(REAL)",,Hill Diversity Exponential Family NA Model
1819,4e852eb23754209f82744b402599d428,聚集度RC模型,,8fd2ed4a-89a3-481b-be2b-c57564afc3e1,"输入: Cmax-复杂性指数(REAL), CC-C的最大可能取值(REAL) | 输出: double-RC(REAL)",,Aggregation RC Model
1820,310a7f5292a0a14ab375f661ba625209,均匀度E模型,,7b1348a9-4352-48bc-8b1d-841d84e5d6d3,"输入: Hmax-最大多样性指数(REAL), HHresult-多样性指数(REAL) | 输出: double-EE(REAL)",,Uniformity E Model
1821,93e47562ec6969c3c2ed26b9cfb1a88d,优势度Do模型,,50400e4e-8313-48a9-a2c1-3a34dea0f83b,"输入: Hmax-最大多样性指数(REAL), HHresult-多样性指数(REAL) | 输出: double-Do(REAL)",,Dominance Do Model
1822,2699a8b3bb81ad686b86b0c85f9b3b1c,多样性指数H模型,,f5c653af-d8e0-42e0-8119-c1f3b8bc618f,"输入: Pi[]-景观类型i所占面积的比例(REAL_ARRAY), m-景观类型的数目(INT) | 输出: double-HH(REAL)",,Diversity Index H Model
1823,2d4f2a27b0c57071a894ee5e0bd2aa0c,物种多样性指标模型,,f0d94142-13b7-43c6-bb59-09a4dc648ade,"输入: Ai[8]-为第i种森林类型所占的面积模型(REAL_ARRAY), Ish[8]-时间-稳定性权系数和(REAL_ARRAY) | 输出: double-WW(REAL)",,Species Diversity Indicator Model
1824,2fc535e63d4f14a483da3d0978d5bd9b,时间-稳定性权系数C模型,,9d75d54d-b906-4caa-984b-aff311344e63,输入: aa-系统中某一层次外貌发育趋于稳定的时间(REAL) | 输出: double-CC(REAL),,Time-Stability Weight Coefficient C Model
1825,b5d2630a572ed1c5f8b986c37e5d20b6,单位体积中的个体数量模型,,704cc5db-afe7-494a-9f36-b64e17985d4c,"输入: Vs-沉淀体积(REAL), nn-计数所得的个体数(REAL), VV-采样体积(REAL), Va-计算体积(REAL) | 输出: double-NN(REAL)",,Number Of Individuals Per Unit Volume Model
1826,416866a82083170dd217c3cfd651f55f,物种多样性计算公式,,b2aedc06-be33-4caa-b194-480dc721684c,"输入: NN-动物的总数(INT), SS-物种丰富度(INT), Ni[]-物种i的数量(INT_ARRAY) | 输出: double-HH(REAL)",,Species Diversity Calculation Formula
1827,d19e18fc6ebc8cf9cc18bf3788813026,香农多样性指数最大值,,d50e304f-fbd1-44ca-a3c6-f8c35dff8f6c,输入: SS-物种丰富度(REAL) | 输出: double-Hamx(REAL),,Shannon Diversity Index Maximum
1828,f738faeb0b3a8ae9fce8d21cbc1b4ef1,香农多样性指数最小值,,cba17723-64ce-4b16-b57b-af332f1ae2b8,"输入: SS-物种丰富度(INT), QQ-群落的总数(INT) | 输出: double-Hmin(REAL)",,Shannon Diversity Index Minimum Value
1829,eb4ed4ef8602510e1a609485b10d37a1,一个森林面积为Ai的地区遭受全球的气候变化给本地区带来的总降水量,,380f970e-80b5-4d3b-a3e2-ad91e47c8a60,"输入: P_imp-干季降水量(REAL), phi_s-萨瓦那草原蒸发蒸腾作用贡献的干季降水量(REAL), Ai-森林面积(REAL), phi_f-森林蒸发蒸腾作用贡献的干季降水量(REAL) | 输出: double-总降水量(REAL)",,A Region With A Forest Area Of ​​ai Is Subject To The Total Precipitation Brought To The Region By Global Climate Change
1830,0c72c6e8e959fe04f4ccaad25348da47,森林和萨瓦那草原产生大的干季降水量,,1f4f67b4-b944-4b17-88b7-fdb2f98d1f5f,"输入: E-森林和萨瓦那草原每天的干季水分蒸发蒸腾损失总量(REAL), d-干季的天数(REAL), delta-降落下来的蒸发蒸腾水蒸气的比例(REAL) | 输出: phi-森林和萨瓦那草原产生大的干季降水量(REAL)",,Forests And Savannas Produce Large Dry Season Precipitation
1831,a97470f76a812c5a2d67f87226bdfb52,一个地区的总干季降水量,,a75ee214-0383-4f90-b524-2d8c56970614,"输入: P_imp-干季降水量(REAL), A-森林覆盖度(REAL), phi_f-森林蒸发蒸腾作用贡献的干季降水量(REAL), phi_s-萨瓦那草原蒸发蒸腾作用贡献的干季降水量(REAL) | 输出: g(A)-一个地区的总干季降水量(REAL)",,Total Dry Season Precipitation In A Region
1832,6459991fe2ce6f648ea1525a764946c4,一维物种模型B2,,7f93853f-d261-4618-be96-2f3b540ae7f2,"输入: B1-现存物种1(REAL), B2-现存物种2(REAL), epsilon2x-epsilon2x(REAL), gama21-竞争系数(REAL), lambda22-lambda22(REAL) | 输出: autB2_autt-一维物种模型B2(REAL)",,One-Dimensional Species Model B2
1833,68f8989b031104347851ee4090af9dcd,一维物种模型B1,,cfb88416-ab28-4085-843a-2f9e3caaa65a,"输入: B1-现存物种1(REAL), B2-现存物种2(REAL), epsilon1x-epsilon1x(REAL), gama11-竞争系数(REAL), lambda12-lambda12(REAL) | 输出: autB1_autt-一维物种模型B1(REAL)",,One-Dimensional Species Model B1
1834,73f87163797b41363ab4dd843459391b,标准Lotka-Volterra模型,,89f66cd3-32cf-449f-9fc7-76bd93c8ad82,"输入: B_i-现存生物量(REAL), giTH-净初级生产力(REAL), m_i-m_i为第i类物种的平均生理寿命(REAL), gamai-[in](REAL_ARRAY), B-[in](REAL_ARRAY), n-数组长度(INT) | 输出: autBi_autt-标准Lotka-Volterra模型(REAL)",,Standard Lotka-Volterra Model
1835,b3afbc070991f3eae6377dd078f8b50a,包含n个物种的全球植被模式的一般动力学方程,,489cdf73-cced-4999-a6a8-41ae1d32118e,"输入: PiBiTH-净初级生产力(REAL), mR_i-m_i为第i类物种的平均生理寿命(REAL), B_i-现存生物量(REAL) | 输出: autBi_autt-包含n个物种的全球植被模式的一般动力学方程(REAL)",,General Dynamical Equations For Global Vegetation Patterns Involving N Species
1836,36346bac503bc379e4c2a1a66d798db2,现存生物量一般动力学方程,,eaa4aff8-ad77-4d96-b7d0-9745c52b2e1e,"输入: P-净生产率(REAL), m_R-m_R(REAL), B-现存生物量(REAL) | 输出: dB_dt-现存生物量一般动力学方程(REAL)",,General Kinetic Equation For Existing Biomass
1837,b5846dd371d3650f5159df5cd3a3c5af,干燥度指数K模型,,0470c0df-acfc-4134-9f56-13414149de8b,"输入: P-年平均降水量(REAL), WI-温暖指数(REAL) | 输出: K-干燥度指数(REAL)",,Dryness Index K Model
1838,4bdcc91f35b0869c4096bdfd68d56fa0,寒冷指数CI模型,,0afda99a-0a47-42b0-b1c6-b0eb3af67404,"输入: t-为平均温度为5°C以上的第i个月的平均温度(REAL_ARRAY), n-平均气温大于5°C的月数(INT) | 输出: CI-寒冷指数，即月平均气温低于5°C的总和(REAL)",,Cold Index CI Model
1839,e28f5d21f30f231b263559f2b4999db1,温暖指数WI模型,,cbe8ce29-c1c2-4cf9-8e17-25bf8deaa050,"输入: t-为平均温度为5°C以上的第i个月的平均温度(REAL_ARRAY), n-平均气温大于5°C的月数(INT) | 输出: WI-温暖指数(REAL)",,Warmth Index WI Model
1840,6c8a8ce5cabb3f42f2d82b9ab0ef0e08,预测被蜥蜴占据的地块的模型,,83420302-73dc-4a36-916b-3d3071d54237,"输入: A_i-地块i中翻沙栖息地的面积(REAL), S_i-地块i的隔离参数(REAL) | 输出: P_i-地块i被占据的概率(REAL)",,Model Predicting Plots Occupied By Lizards
1841,2b38c457e0beb44ba6ba7ef13b99f0c9,平均内缘比率,,854426ae-ec30-41ed-9c52-e34c64f36a73,"输入: A-第i个嵌块体的面积(REAL_ARRAY), P-第i个嵌块体的周长(REAL_ARRAY), n-某稳定类型的嵌块体个数(INT) | 输出: K-平均内缘比率(REAL)",,Average Rim Ratio
1842,af02d74ccdf0c60fca20829af4a47fc8,嵌块体密度,,820f4b49-1ba0-41b8-8e54-f047e2083b42,"输入: N-区内各嵌块体的综述(REAL), S_Q-小区总面积(REAL) | 输出: D-小区内嵌块体密度(REAL)",,Block Density
1843,4d9bd7141f6fc0eac4502007ac2adf52,类型重要值,,aff554a6-6843-4cf9-8008-64976012b41e,"输入: S_l-区中某一类型面积(REAL), S_Q-小区总面积(REAL) | 输出: I-类型重要值(REAL)",,Type Important Value
1844,dc8f6d7887ccd2f3868e1e800c381b9b,缓冲保持力,,5bf3eaa2-c8a0-4243-baed-b5c50a752ba6,"输入: s-每个上坡面生态系统单元释放的物质(REAL), w_max-没有河岸缓冲带的源区的宽度(REAL), w-w(REAL), t-t(REAL) | 输出: re-缓冲保持力(REAL)",,Cushion Retention
1845,f94ddf4a61083c841de2fb5fe3c2d555,缓冲区内物质的保持力,,67429304-814e-46fc-9a66-0f3da271a472,"输入: i-输入量(REAL), t-t(REAL), w-w(REAL) | 输出: dw-缓冲区内物质的保持力(REAL)",,Retention Force Of Material In Buffer Zone
1846,8142d5225fe6a6b8403c7eb363daa098,景观多样性指数H模型,,ad85e7b6-b988-498e-884d-ac15e28935ac,"输入: P-斑块类型i所占景观面积的比例(REAL_ARRAY), m-斑块类型指数(INT) | 输出: H-景观多样性指数(REAL)",,Landscape Diversity Index H Model
1847,c166ab51ff0c2470b0ff90c4be7b77d2,修改分维数模型Pm,,515e048e-a39b-4130-a373-03b0c53dced1,"输入: P-分维数(REAL), A-斑块面积(REAL), C-相邻板块数(REAL), C_t-景观种所有斑块类型数(REAL) | 输出: Pm-修改周长(REAL)",,Modify The Fractal Dimension Model Pm
1848,74d407fb9fa041084c25aa992bf2d7f9,修改分维数模型Dm,,40446d27-0ca8-435f-b4e5-0f6f325f7d7a,"输入: Pm-修改周长(REAL), A-斑块面积(REAL) | 输出: Dm-修改分维数(REAL)",,Modify The Fractal Dimension Model Dm
1849,1a8fd241e425ad545864897ba64da53c,分维数模型D,,da7f35ee-5cc0-4150-b889-47c24ed398c7,"输入: P-分维数(REAL), A-斑块面积(REAL) | 输出: D-分维数(REAL)",,Fractal Dimension Model D
1850,f545d024512e594816bb3b716c066fb5,分维数模型P,,4dc12c3d-40bc-4b27-855c-9fa6eee4146b,"输入: k-k(REAL), A-斑块面积(REAL), D-分维数(REAL) | 输出: P-分维数(REAL)",,Fractal Dimension Model P
1851,b7181d111e102fcb194cd6ea7cbf4f91,距离指数,,f1f2a37e-2a4c-4593-9b29-bd43c7cca039,"输入: M_nnd-同类最近斑块间的最近距离(REAL), E_nnd-随机分布时的期望值(REAL) | 输出: N_n-最小相邻指数(REAL)",,Distance Index
1852,4b5f1325c267fad6994ae9fb0691de5d,镶嵌度指数模型Rc,,79b85b8a-5d52-4ead-817a-3d6095cd902e,"输入: C-C(REAL), C_max-C_max(REAL) | 输出: Rc-聚集度(REAL)",,Mosaic Index Model Rc
1853,2e383e435c09cb552dfa88de8152cecc,多样性指数模型Rd,,40bda278-f746-4a0f-b18f-3d8d7dd04c4a,"输入: D-D(REAL), D_max-D_max(REAL) | 输出: Rd-优势度(REAL)",,Diversity Index Model Rd
1854,bf62c2c9a96dc1840431d134d396d240,多样性指数模型E,,95197cd1-fda4-46fd-87ff-7492030e9b0e,"输入: H-H(REAL), H_max-H_max(REAL) | 输出: E-均匀度(REAL)",,Diversity Index Model E
1855,d690381ae2242566812d640225d0d32e,多样性指数模型R,,c0ce10f3-5896-44c0-8342-5660650569b0,"输入: T-T(REAL), T_max-T_max(REAL) | 输出: R-丰富度(REAL)",,Diversity Index Model R
1856,090f8c60208a1594e071ed3eeac13e46,聚集度指数模型,,a6194d28-bfab-4e1a-94ab-3c7a6a3e72ea,"输入: C-复杂性指数(REAL), C_max-复杂性指数的最大可能值(REAL) | 输出: C_r-相对聚集度指数(REAL)",,Agglomeration Index Model
1857,8097938fc13ec5bbfa984308952b9454,斑块的分维数模型,,46b0515c-7b36-446c-8a6b-80a610334ed2,"输入: L-观测尺度(REAL), D-量Q的分维数(REAL) | 输出: Q_L-斑块的分维数(REAL)",,Fractal Dimension Model Of Plaque
1858,461a9ee0a0f370d0964ffc8433320d05,景观破碎度指数FN2模型,,c7c471d7-837b-40dc-90f0-edfe14ad45a5,"输入: S_mp-景观李各数斑块的平均斑块面积(REAL), N_f-N_f(REAL), N_c-N_c(REAL) | 输出: FN2-景观破碎度指数(REAL)",,Landscape Fragmentation Index FN2 Model
1859,d7dd4fc06695c55acf6d83190da5cc91,景观破碎度指数FN1模型,,b04fa859-ebf5-4c08-8bce-e0cd564bdf2a,"输入: N_p-景观李各数斑块的综述(REAL), N_c-景观数据矩阵的方格网中格子总数(REAL) | 输出: FN1-景观破碎度指数(REAL)",,Landscape Fragmentation Index FN1 Model
1860,1e179e66259ae3a39afe752d5b18cbfa,均匀度指数模型,,1aa24042-3958-4796-aa9a-e8d490c374bb,"输入: H-景观多样性指数(REAL), H_max-最大多样性指数(REAL) | 输出: E-均匀度指数(REAL)",,Uniformity Index Model
1861,365faa5d77de1513b941d8bd1575e317,优势度D模型,,d869276f-a3b0-4f34-89f5-e000c60dd504,"输入: H_max-最大多样性指数(REAL), P-景观类型i所占面积的比例(REAL_ARRAY), m-景观类型的数目(INT) | 输出: D-优势度(REAL)",,Dominance D Model
1862,60fc4c3a3d14deefab611bbcad1aedac,景观多样性指数H模型,,71583520-5d29-4094-bfd7-b28421df9df5,"输入: P-景观类型i所占面积的比例(REAL_ARRAY), m-景观类型的数目(INT) | 输出: H-景观多样性指数(REAL)",,Landscape Diversity Index H Model
1863,8a46973730c7e984d6cc9e4a12ff9040,加权平均地块规模指数,,a86b356b-d460-4abf-9898-d8c951a65c0e,"输入: w-加权因子(REAL_ARRAY), m-数组长度(REAL) | 输出: W_MPS-加权平均地块规模指数(REAL)",,Weighted Average Parcel Size Index
1864,aeca2782bd997ea9924405f3560bdf89,景观破碎度,,7d4e7670-cac6-473e-a45e-2883125826f6,"输入: N-景观中斑块的总数(REAL), C-景观数据矩阵的方格网中栅格的总数(REAL) | 输出: F-景观破碎度(REAL)",,Landscape Fragmentation
1865,8e5813d789917daa8f05b958bab22b94,相对丰富度,,eb66a089-0c6c-403d-94e4-ecfaf4ec8c96,"输入: M-景观中现有的景观类型(REAL), M_max-最大可能的景观类型(REAL) | 输出: R-相对丰富度(REAL)",,Relative Abundance
1866,ed81248f3e7df345b47d2f12d5575ed7,优势度模型,,a76535f7-53f0-481f-87ba-576636f120d1,"输入: H_max-最大多样性指数(REAL), P-景观类型i所占面积的比例(REAL_ARRAY), m-景观类型的数目(INT) | 输出: D0-优势度(REAL)",,Dominance Model
1867,e55e2c035fa34db4efedc0dd669b20d0,多样性指数H,,e3eb941f-9bed-4d4f-bffb-df0be01377d6,"输入: P-景观类型i所占面积的比例(REAL_ARRAY), m-景观类型的数目(INT) | 输出: H-多样性指数(REAL)",,Diversity Index H
1868,0a955a6cbb7332a731c0fa4ea645a453,斑块伸长指数G模型,,d2a1b5f5-faae-4977-8522-7fdca4e1a1ec,"输入: P-斑块周长(REAL), A-斑块面积(REAL) | 输出: G-斑块伸长指数(REAL)",,Plaque Elongation Index G Model
1869,19e32b3a0bb6b44023eb782b05e09e67,分维数D模型,,a77b4fe9-d9b9-4042-8875-0768e6fb00fe,"输入: k-k(REAL), A-斑块面积(REAL), D-分维数(REAL) | 输出: P-斑块周长(REAL)",,Fractal Dimension D Model
1870,6bc3f6167bde31d240b5d2a8a8db0981,离差指数,,c78917a5-fd52-4f67-838b-d2344b4429cf,"输入: p-平均地块密度(REAL), r_dis-平均最临近距离(REAL) | 输出: R-离差指数(REAL)",,Dispersion Index
1871,2d803221e5a6691d3e2108dc1d238ba7,土地潜力模型,,fdce5f59-0911-4629-b0b1-03815f41b2e5,"输入: N_n-土壤中的代表养分(REAL), VW_ch-耕层容重(REAL), T_ch-耕层厚度(REAL), NR-作物每100kg产量需要的养分量(REAL) | 输出: Y_L-土地潜力(REAL)",,Land Potential Model
1872,f6f194aecf87f272840ef04b9898b024,气候潜力模型,,d56193cd-f0ed-4e7c-a6a8-10818f16b0c1,"输入: Y_T-光温模型(REAL), f_w-水分对光温产量的修正系数(REAL) | 输出: Y_C-气候潜力(REAL)",,Climate Potential Model
1873,fdd62b3417ccabcb6c48314113755403,光温潜力模型,,cd1c7833-1745-43cf-97e5-3e888f14a32f,"输入: Y_p-光合潜力(REAL), f_T-温度对光合潜力的修正系数(REAL) | 输出: Y_T-光温模型(REAL)",,Light And Temperature Potential Model
1874,66ee5d91a2a78cb10a0f60f2b197a3f7,光合潜力模型,,57d59908-71d3-4e15-9e56-9fec4c8e28cc,"输入: F-光能利用率(REAL), E-经济系数(REAL), Q-太阳的总辐射值(REAL), C-C(REAL) | 输出: Y_p-光合潜力(REAL)",,Photosynthetic Potential Model
1875,86df8cdc8cf8a9292ef9e037593d3a90,Jacobs和Jenkins的选择指数,,c6e76224-3442-4fba-8f9a-075ea898a280,"输入: r_ij-地块类型具有的公共边界的比例(REAL), p_ij-地块类型i除了j之外的所有其他地块类型具有的公共边界的比例(REAL) | 输出: E_ij-计算地块类型i和j的最临近概率的选择指数(REAL)",,Jacobs And Jenkins Selection Index
1876,f8beb8a3f8b6c9101a340c3a8485e661,景观优势d,,8a92d01b-86b1-4a4a-aa56-ad48a0839491,"输入: H_max-景观差异的最大值(REAL), P-在生态系统类型k中景观所占的比例(REAL_ARRAY), m-景观类型的总数(INT) | 输出: d-景观优势(REAL)",,Landscape Advantaged
1877,05bd308e444918c1cc03f0c75f66048f,景观差异H,,36f785da-649a-478b-90a7-4a8da31024a4,"输入: P-在生态系统类型k中景观所占的比例(REAL_ARRAY), m-景观类型的总数(INT) | 输出: H-景观差异(REAL)",,Landscape Difference H
1878,20960a37b499c2744148f5a428053b55,斑块相互作用指标L模型,,2041497d-e7ad-43ec-94f3-c62622da007e,"输入: n-数组长度(INT), A-斑块面积(REAL_ARRAY), d-斑块间的边缘距离(REAL_ARRAY) | 输出: L-斑块相互作用指标(REAL)",,Plaque Interaction Index L Model
1879,cef2766f13a9fff6da77e8febd1296c9,易接近性指标a模型,,e2bc5fd7-b919-4535-97b4-14e7ed069f0a,"输入: n-数组长度(INT), d_i-与相邻斑块间的距离(REAL_ARRAY) | 输出: a-易接近性指标(REAL)",,Accessibility Index A Model
1880,cd27706fd63735006bd4f741290efb94,隔离性指标r模型,,50e4a53d-c7e2-4012-80bc-f863ddf370c5,"输入: n-数组长度(INT), d_i-与相邻斑块间的距离(REAL_ARRAY) | 输出: r-隔离性指标(REAL)",,Isolation Index R Model
1881,4622d410ed099cba3d10a00231553607,斑块的形状指标D模型,,2f916848-5eb4-4614-9fe4-288b4c02db18,"输入: P-斑块直径(REAL), A-斑块面积(REAL) | 输出: D-斑块的形状指标(REAL)",,Plaque Shape Index D Model
1882,6aaf8d6ce8989a844d031a378f2fd821,生态位重叠值Ll模型,,5153eaeb-85d8-4281-badf-6aae7efdc478,"输入: n-资源位总数(REAL), px-表示x种第i个资源位中所有个体全部测度范围内出现的概率(REAL_ARRAY), py-表示y种第i个资源位中所有个体全部测度范围内出现的概率(REAL_ARRAY), m-数组长度(INT) | 输出: Ll-生态位重叠值(REAL)",,Niche Overlap Value Ll Model
1883,77a3d33c73bffcb0b0e13ff4896b49c7,种群密度分布对光的选择性指数模型,,6c141c3f-d7c3-459d-992c-d9ac5b139c85,"输入: n-资源位总数(REAL), X-全部n个资源位中个体总和(REAL), x-在第i资源位（在此为样本中的个体数）(REAL_ARRAY), m-数组长度(INT) | 输出: G_-种群密度分布对光的选择性指数(REAL)",,Selective Exponential Model Of Population Density Distribution To Light
1884,d825b69b192caf8df900a45ff7ac935b,开敞度K模型,,bdd6741d-45cb-434c-8d1c-ccc5f0b73d08,"输入: alpha-样点到各象限植株距离与其高度形成的仰角(REAL_ARRAY), n-数组长度(INT) | 输出: K-开敞度(REAL)",,Openness K Model
1885,7bbe5bf7d361af99d8b0f6622d48ad7c,草本种多样性D模型,,40ebfb96-6f92-4ec7-83a0-4a2ee1a9d5b1,"输入: p-第i种个体数在各个种个体总数中出现的概率(REAL_ARRAY), n-数组长度(INT) | 输出: D-草本种多样性(REAL)",,Herbaceous Species Diversity D Model
1886,b269fbc0dc0d39e1053b6731e2e8dda1,生态位重叠,,f92c883e-d803-4e38-99b8-4160354a2c31,"输入: Pik-为第k区中第i种寄生虫在其总数中所占的比例(REAL_ARRAY), Pjk-为第k区中第j种寄生虫在其总数中所占的比例(REAL_ARRAY), n-思鱼片数目或鱼想分区的总数目(REAL) | 输出: double-生态位重叠(REAL)",,Niche Overlap
1887,0fa5091358e0c884e0757c71067bfcdd,生态位宽度,,59c7782e-4a3e-41b7-9cf9-93fd42c95868,"输入: n-思鱼片数目或鱼想分区的总数目(REAL), P-某种寄生虫在其总数中所占的比例(REAL_ARRAY) | 输出: double-生态位宽度(REAL)",,Niche Breadth
1888,6fa6bbb70e30b50c4e146d5c2f759ba6,野生种群的能量储存指数(RRI),,355ac493-6503-49fd-a5d6-8b4210be6b99,"输入: G-浣撻噸(REAL), Lwingsheath-缈呯闀垮害(REAL) | 输出: double-閲庣敓绉嶇兢鐨勮兘閲忓偍瀛樻寚鏁�(RRI)(REAL)",,Energy Storage Index (RRI) Of Wild Populations
1889,3dc07db278266fc720846d610d571930,个体散布指数,,d69b596a-94f7-4f54-98f0-682b2a515a76,"输入: n-鏍峰搧鐨勪釜浣撴暟(REAL_ARRAY), x-鎬讳釜浣撴暟(REAL), N-鏍峰搧鏁�(REAL) | 输出: double-涓綋鏁ｅ竷鎸囨暟(REAL)",,Individual Dispersion Index
1890,84fcf3be28ebd271637f9bd02353f8df,捕食比率,,ee28c2af-f2eb-4076-a464-2f5d89f050e9,"输入: Ci-捕食者对第i种猎物的喜好型(REAL), Fi-第i种猎物的比例(REAL), Si-捕食者对第i种猎物的转换程度(REAL) | 输出: double-捕食比率(REAL)",,Predation Ratio
1891,9f1c7959ff621a393dcad499effb4624,有机质和氮的动态交互作用模型——模型4,,8ca0952d-0c58-43a1-9cbb-f92721047a2f,"输入: ON-随着树叶降落N1的输出速率(REAL), C1-活有机物的植物量(REAL), DN-氮的吸入速度(REAL), N2-死有机物中的氮(REAL), C2-死有机物的植物量(REAL), TN-N2的泥碳形成速率(REAL), VN-通过径流和沉淀作用的N2的输入率(REAL) | 输出: double-缺(REAL)",,Dynamic Interaction Model Of Organic Matter And Nitrogen Model 4
1892,994cefa909eb468fc44c1c562238d3a6,有机质和氮的动态交互作用模型——模型3,,503cc6a1-148e-48df-a269-74901c243cab,"输入: OC-树叶降落的速率(REAL), C1-活有机物的植物量(REAL), N1-活有机物中的氮(REAL), DC-生物量的分解速率(REAL), N2-死有机物中的氮(REAL), fC-通过径流的C2的输出率(REAL), C2-死有机物的植物量(REAL), TC-C2的泥碳形成速率(REAL), VC-通过径流的C2的输入率(REAL) | 输出: C2d-死有机物的植物量结果(REAL)",,Dynamic Interaction Model Of Organic Matter And Nitrogen Model 3
1893,2b047d108f3d3e9d13ead9fb96068725,有机质和氮的动态交互作用模型——模型2,,525641f6-02a0-4968-a417-fd8379e4b945,"输入: ON-随着树叶降落N1的输出速率(REAL), C1-活有机物的植物量(REAL), c-参数(REAL), DN-氮的吸入速度(REAL), N2-死有机物中的氮(REAL), C2-死有机物的植物量(REAL), AN-N1从环境中输入的量(REAL) | 输出: N1d-活有机物中氮的结果(REAL)",,Dynamic Interaction Model Of Organic Matter And Nitrogen Model 2
1894,ede326e34cd9313bd5a182cfb1f22eb5,有机质和氮的动态交互作用模型——模型1,,b82d5ae0-169c-4395-ba50-095ed2c75f1e,"输入: C1-活有机物的植物量(REAL), OC-树叶降落的速率(REAL), N1-活有机物中的氮(REAL), AC-C1的同化速度(REAL) | 输出: C1d-活有机物的植物量结果(REAL)",,Dynamic Interaction Model Of Organic Matter And Nitrogen Model 1
1895,9625e041e0fc0e727578607d684bf695,干草本植物子模型,,c46c158f-e304-43da-86f9-80c5c6049a0f,"输入: Dht-t时干草本植物烘干净重(REAL), S-死亡率(REAL), D-分解率(REAL), Gld-干植物的采食损失(REAL), Fld-火灾损失(REAL) | 输出: Dht1-t+1时干草本植物烘干净重(REAL)",,Dried Herbs Submodel
1896,651674f6db5c8ddcad485bf7fb0ab9a3,绿色草本植物子模型,,c9564a0e-4ee3-4b22-88d2-f5ae78db8fad,"输入: Ght-t时绿色草本植物烘干净重(REAL), Pnphcc-单位降水的净初级生产率(REAL), PPT-月降水量(REAL), INpp-净初级生产力增长的比例(REAL), S-死亡率(REAL), Glg-绿色植物的采食损失(REAL), Flg-火灾损失(REAL) | 输出: Ght1-t+1时绿色草本植物烘干净重(REAL)",,Green Herb Submodel
1897,beea872dcaba2e2792ade212aa90e381,木本植物子模型,,f73e9a52-acba-4d74-a736-8e8ffd616ee5,"输入: Wt-t时的覆盖率(REAL), Pnpwm-最大净初级生产力(REAL), W-覆盖率(REAL), Wmax-最大覆盖率(REAL), Rpnpw-损失量(REAL), Lw-某种假定的情况下木本植物重新生长的相对速率(REAL) | 输出: Wt1-t+1时的覆盖率(REAL)",,Woody Plant Sub-Model
1898,47d4d307339a2e6337fc676cbddebae7,降半梯形函数,,9d9ceba9-d95e-4f56-add5-8f4b061c779d,"输入: x-参量(REAL), xa-参量平均值(REAL), xmin-参量最小值(REAL), xmax-参量最大值(REAL), sigma-参数(REAL) | 输出: U-综合效益评价(REAL)",,Descending Half Trapezoidal Function
1899,5d7e8c215f486a77bffbfd66def9387c,升半梯形函数,,0932c251-bd4c-4cb2-9f05-02876cb42aac,"输入: x-参量(REAL), xa-参量平均值(REAL), xmin-参量最小值(REAL), xmax-参量最大值(REAL), sigma-参数(REAL) | 输出: U-综合效益评价(REAL)",,Ascended Semi-Trapezoidal Function
1900,8fee744f0878700b8fad853e2e1b5c32,鲻鱼寄生蠕虫群落中的种间关系模型,,f66c031c-6212-42ee-a56d-dc5b51c5b050,"输入: a-2×2列联表各项频数(INT), b-参数(INT), c-参数(INT), d-参数(INT) | 输出: V-鲻鱼寄生蠕虫群落中的种间相关关系(REAL)",,Modeling Of Interspecific Relationships In Mullet Parasitic Helminth Communities
1901,b798aba8782601970059afeccf00da5f,群落对PAR能量的吸收利用率,,b698d109-406e-4afc-8146-015440c43d9c,"输入: Pg-总生产力(REAL), Iabs-单位土地面积吸收的PAR能量(REAL) | 输出: epsilonP-群落对PAR能量的吸收利用率(REAL)",,The Absorption And Utilization Rate Of PAR Energy By The Community
1902,a4fb4e49788d8152382bfeb69561e11e,各层植物对吸收PAR能量的利用率,,7bd241a0-679a-47d9-a0e0-059237b2607b,"输入: E-各层植物固定的能量(REAL), I-各层植物吸收PAR能量(REAL) | 输出: epsilonF-各层植物对吸收PAR能量的利用率(REAL)",,Utilization Efficiency Of Plants In Each Layer To Absorb PAR Energy
1903,4992ac5278a5c5e83649991ecf044adc,净生产力,,d0465dc3-31c6-4ae7-b009-287fc28b05b3,"输入: Fn-净光合速率(REAL), Ila-叶面积指数(REAL), R-呼吸速率(REAL), t-光合或呼吸作用的时间(REAL), W-呼吸器官干重(REAL) | 输出: Pn-净生产力(REAL)",,Net Productivity
1904,6cc32fd0ca200cf651e3690731cb58ca,呼吸速率,,a67b9b99-239c-4150-a258-5e7642c009b1,"输入: deltaC-叶室或呼吸装置内外气体CO2的含量只差(REAL), V-叶室或呼吸装置内气体流量(REAL), gWd-呼吸器官的干重(REAL), T-叶室或呼吸装置内的温度(REAL), P-大气压(REAL) | 输出: R-呼吸速率(REAL)",,Breathing Rate
1905,651ff798f3ac118aeca24bd6a4328052,距离林冠之下各层入射的PAR通量,,d8a03ea3-3df1-4168-a16e-6bb8106c106e,"输入: I0-林冠入射的PAR通量(REAL), K-群落或各层植物的消光系数(REAL), Ila-叶面积指数(REAL) | 输出: I-距离林冠之下各层入射的PAR通量(REAL)",,PAR Flux Incident On Each Layer Below The Forest Canopy
1906,0fffe65c9d4c25fdb7a110f86c296ef6,叶面积指数模型,,45ca72c3-bf87-4d88-97e8-668e0ebb956e,"输入: A[]-每层每株叶面积(REAL_ARRAY), S-株数(REAL), n-样地面积(INT) | 输出: Ila-叶面积指数(REAL)",,Leaf Area Index Model
1907,a411d0223ea2dcc7c86f6e68b3f1951d,植物相应部分生物量干重模型,,cd749e3c-d83c-447d-b1be-4f7e8551770b,"输入: a-参数(REAL), b-胸高直径(REAL), D-树高(REAL), H-参数(REAL) | 输出: W-植物相应部分生物量干重模型(REAL)",,Plant Biomass Dry Weight Model Of Corresponding Parts
1908,c200c3b5c73111ea208b332d30b97359,种群丰度期望值,,92e49ddc-e740-47d6-9ca3-ba8765b53fd5,"输入: P[]-个体种i最终持续性(REAL_ARRAY), n-个体种数(INT) | 输出: S-一个共位群或群落的种群丰度期望值(REAL)",,Expected Value Of Population Abundance
1909,eeb6aeecdc78d12091c63d8a4c419a20,持续存在的可能性P,,f46abb3a-3343-4fa1-89e1-93dc26b85e03,"输入: N-被讨论的种的群体大小(INT), Q-景观中样方的总数(INT), R-在毁林过程中减少的样方数量(INT) | 输出: P-存活于做任意数量的迹地生境的一个种持续存在的可能性(REAL)",,Possibility Of Continued Existence P
1910,7636af2600719cfa6150274a5a1dc521,任何未死的样方不含有特定种的可能性,,5825e1ad-2815-4df4-83c1-9926b2aa13bf,"输入: N-被讨论的种的群体大小(INT), Q-景观中样方的总数(INT) | 输出: Z-任何未死的样方不含有特定种的可能性(REAL)",,The Probability That Any Surviving Quadrat Does Not Contain A Particular Species
1911,c235b3c1eb2f9c47c44b2acf93233ddf,生态位宽度指数模型,,9379648d-8fa3-41f9-a015-fba972b3d415,"输入: P[]-第i种与资源j相关的个体比例(REAL_ARRAY), S-单位资源的总数(REAL), n-个体总数(INT) | 输出: B-生态位宽度指数(REAL)",,Niche Breadth Index Model
1912,a8b7bb416c7176375a385818695e77d1,不同群落间相似性分析扎卡德(Jaccard)系数公式,,228c3254-d988-4632-8e7a-c1a605424604,"输入: a-A群落类群数(INT), b-B群落类群数(INT), c-AB两群落共有的类群数(INT) | 输出: q-不同群落间相似性分析扎卡德(Jaccard)系数(REAL)",,Similarity Analysis Between Different Communities Jaccard Coefficient Formula
1913,51d449e2f2f7b14e2d2e6719d2c2b62f,碳动力学的方程系统5,,e836f1ad-727d-4333-b297-4c791f3008b0,"输入: FHA-A是大气层中碳的数量，Hi是第i陆地地区的每单位面积中死的土壤微生物生物量中的碳含量(REAL_ARRAY), FAB-A是大气层中碳的数量，Bi是第i陆地地区的每单位面积中的活的植物中的碳含量(REAL_ARRAY), VB-由人类对植物影响导致的流入大气层中的碳(REAL_ARRAY), VH-由于人类对土壤影响导致的流入大气层中的碳(REAL_ARRAY), S-第i陆地地区的大小(REAL_ARRAY), W-陆地地区的总量(INT), FAM-M是表层海水中碳的数量，A是大气层中碳的数量(REAL), FMA-M是表层海水中碳的数量，A是大气层中碳的数量(REAL), V-由于工业CO2排放影响导致的流入大气层中的碳(REAL) | 输出: dA_dt-碳动力学的方程系统5(REAL)",,System Of Equations For Carbon Dynamics 5
1914,b5cd6e7398e15e0cbfbb526cbb1acf52,碳动力学的方程系统4,,c90cda2d-7eb3-4532-b941-01b9cc0a71cc,"输入: FMD-M和D分别是表层和深层海水中碳的数量(REAL), FDM-M和D分别是表层和深层海水中碳的数量(REAL) | 输出: dD_dt-碳动力学的方程系统4(REAL)",,System Of Equations For Carbon Dynamics 4
1915,3438476748adb2e2631c54fbed2d46a7,碳动力学的方程系统3,,a0d61b7f-9f29-4d73-9ede-d502ec03838d,"输入: FAM-M是表层海水中碳的数量，A是大气层中碳的数量(REAL), FMA-M是表层海水中碳的数量，A是大气层中碳的数量(REAL) | 输出: dM_dt-碳动力学的方程系统3(REAL)",,System Of Equations For Carbon Dynamics 3
1916,a7ae3965eff36e27c2cd2e54bd3d702a,碳动力学的方程系统2,,71229437-453d-4543-b9d5-fca06d1287fe,"输入: FBHi-Hi是第i陆地地区的每单位面积中死的土壤微生物生物量中的碳含量(REAL), FHAi-A是大气层中碳的数量碳(REAL), VHi-由人类对植物影响导致的流入大气层中的碳(REAL) | 输出: dHi_dt-碳动力学的方程系统2(REAL)",,System Of Equations For Carbon Dynamics 2
1917,5aaeb973ae462b40002ca8f8e4f2c8e3,碳动力学的方程系统1,,5dbb6a34-9122-401d-8d18-2c559d1f9007,"输入: FABi-A是大气层中碳的数量，Bi是第i陆地地区的每单位面积中的活的植物中的碳含量(REAL), FBHi-Hi是第i陆地地区的每单位面积中死的土壤微生物生物量中的碳含量(REAL), VBi-由人类对植物影响导致的流入大气层中的碳(REAL) | 输出: dBi_dt-碳动力学的方程系统1(REAL)",,System Of Equations For Carbon Dynamics 1
1918,fc6697597e980680689130eba275592e,缩减误差值计算公式,,71cab527-2305-427c-a48c-24c20f4cc46d,"输入: Y_observed-观测值与非独立资料平均的偏差，数组长度为i(REAL_ARRAY), Y_estimated-估计值与非独立资料平均的偏差，数组长度为i(REAL_ARRAY), i-i的值从1到n(INT) | 输出: Er-缩减误差值(REAL)",,Reduction Error Value Calculation Formula
1919,8a8eb568e35ee889cc586f6dc5c62c3b,树轮指数重建湿润指数的转换函数,,e20738db-5fbd-45f3-8b9d-15e3f8a452c2,输入: X-轮宽指数(REAL) | 输出: Y-湿润指数的预报值(REAL),,Transformation Function For Reconstructing Wetness Index From Tree-Ring Index
1920,ebd16ab741816ba240d6dd6cb21cbcba,湿润指数计算公式,,76a7c7bd-6ada-42f5-97e3-574e1603ed4c,"输入: P-同一期间降水的平均值(REAL), T-同一期间气温的平均值(REAL) | 输出: MI-湿润指数(REAL)",,Wetness Index Calculation Formula
1921,de7f0393f1b6e19e8904d03cdc83a7cf,植物的净初级生产力,,97caa1db-b231-4ef2-9eab-dd078bdef9ed,"输入: G_P-植物的光合作用受到温度，土壤水分和叶氮浓度等环境条件的限制(REAL), R_m-维持呼吸量(REAL), R_g-生长呼吸量(REAL) | 输出: P_np-植物的净初级生产力(REAL)",,Net Primary Productivity Of Plants
1922,1b9e1273b274df38920947e125cae98f,各组织的生物量变化方程,,18bab252-4825-4600-bdf9-32bf258ddbc3,"输入: sigma_i-生长呼吸系数，i为f,s,r时分别返回的是叶、茎、根的生物量(REAL), eta_i-分配系数，i为f,s,r时分别返回的是叶、茎、根的生物量(REAL), G_P-植物的光合作用受到温度，土壤水分和叶氮浓度等环境条件的限制(REAL), R_m-维持呼吸量(REAL), F_a_i-凋落率与生物量成正比，i为f,s,r时分别返回的是叶、茎、根的生物量(REAL) | 输出: dMi_dt-各组织的生物量变化方程，i为f,s,r时分别返回的是叶、茎、根的生物量(REAL)",,Biomass Change Equation Of Each Tissue
1923,72ae15b45441622f09e095c1845a4f87,植物总生物量的变化,,46835094-db14-4d0a-97a4-97707701133b,"输入: G_P-植物的光合作用受到温度，土壤水分和叶氮浓度等环境条件的限制(REAL), R_m-维持呼吸量(REAL), R_g-生长呼吸量(REAL), F_al-凋落率与生物量成正比(REAL) | 输出: dM_dt-M为单位面积总生物量(REAL)",,Changes In Total Plant Biomass
1924,a0d68bb69792b9656e77987f871b6f67,生长呼吸量,,d85b94c9-1d84-4490-b138-5efeed6ee776,"输入: sigma-[in](REAL_ARRAY), eta-[in](REAL_ARRAY), N_p-植物的光合作用受到温度，土壤水分和叶氮浓度等环境条件的限制与维持呼吸量之差(REAL) | 输出: R_g-生长呼吸量(REAL)",,Growth Respiration
1925,81860ca595a47f1ffb4159252ea018de,维持呼吸量,,a7ea549c-db23-4754-a300-7079a6ced9a8,"输入: alpha-[in](REAL_ARRAY), M-[in](REAL_ARRAY), T-叶面或土壤温度(REAL), T_0-参考温度(REAL), Q-呼吸常数(REAL) | 输出: R_m-维持呼吸量(REAL)",,Maintain Respiratory Volume
1926,1f0837d11bace9aada0f90ddf08b5997,植物的光合作用受到温度，土壤水分和叶氮浓度等环境条件的限制,,7b16b8c9-e09a-4118-b27a-f23a8860a711,"输入: P_max-单位面积最佳环境条件下的最大光合速率(REAL), f_Tf-Tf为叶面温度(REAL), f_psi-f_psi(REAL), f_N-f_N(REAL) | 输出: G_P-植物的光合作用受到温度，土壤水分和叶氮浓度等环境条件的限制(REAL)",,"Plant Photosynthesis Is Limited By Environmental Conditions Such As Temperature, Soil Moisture, And Leaf Nitrogen Concentration"
1927,472440eefb79c817d9d0cc25d81f6243,单位面积最佳环境条件下的最大光合速率,,df52a8e9-9ebf-4d18-98dc-8aeda7060110,"输入: A-饱和光合速率(REAL), K-叶丛消光系数(REAL), B-光反射曲线斜率(REAL), I_0-冠顶光合有效辐射(REAL), I-I(REAL), I_la-叶面积指数(REAL) | 输出: P_max-单位面积最佳环境条件下的最大光合速率(REAL)",,Maximum Photosynthetic Rate Per Unit Area Under Optimal Environmental Conditions
1928,f33752c1f7ddc2f1299de6a6378699f2,气温为Ta时的饱和水汽压曲线斜率,,1a8557a0-c3bc-4079-86ad-f1f906414368,"输入: e_a-温度为Ta时的空气饱和水汽压(REAL), T_a-温度(REAL) | 输出: delta-气温为Ta时的饱和水汽压曲线斜率(REAL)",,The Slope Of The Saturated Vapor Pressure Curve When The Temperature Is Ta
1929,20e2ec8ece5d040aea65efc8e8fdba26,空气干燥项,,e4bf67ce-7392-41e4-a226-93fe131bdac2,"输入: V-地表风速(REAL), e_a-温度为Ta时的空气饱和水汽压(REAL), e_d-温度为Ta时的平均水汽压(REAL) | 输出: E_a-空气干燥项(REAL)",,Air Drying Items
1930,0b4d1626dccf90f9a1b69dc4064e227f,可能蒸散,,e3f68364-f0d9-4603-9888-36310c41af75,"输入: delta-气温为Ta时的饱和水汽压曲线斜率(REAL), R_n-净辐射(REAL), gama-干湿球温度表常数(REAL), E_a-空气干燥项(REAL) | 输出: E_0-可能蒸散(REAL)",,Possible Evapotranspiration
1931,26fee6d9b245657987bc449f7f16f13e,灵敏度指数,,f4f83389-78a1-4b1c-b46b-65ee068856b4,"输入: E_0-可能蒸散(REAL), h-地下水埋深(REAL), h_0-地下水蒸发的极限深度(REAL) | 输出: S_h-灵敏度指数(REAL)",,Sensitivity Index
1932,a1c724d5ccf9895e0fc37d5bf42e03ef,盐化草甸植被净初级生产力模型,,87ec80dd-6d5c-41b0-baf7-412627069e89,"输入: E_0-可能蒸散(REAL), h-地下水埋深(REAL), h_0-地下水蒸发的极限深度(REAL) | 输出: Y-草甸植被净初级生产力(REAL)",,Net Primary Productivity Model Of Salinized Meadow Vegetation
1933,972280ce97beb28efc08dabb505ef9ad,陆地生物圈碳的净平衡,,73963e5e-49c6-4a85-a96f-de98e154997b,"输入: Q_f-由于化石燃料的燃烧对空气增加的碳通量(REAL), dOa_dt-氧(REAL) | 输出: S_b-陆地生物圈碳的净平衡(REAL)",,Net Balance Of Carbon In The Terrestrial Biosphere
1934,906aa57caeeabd110755ae10f44e20c0,净氮矿化参数分析模型,,6cbeb91c-54a1-41c3-b1c4-b256eaa01a60,"输入: TB-总生物量(REAL), SL-衰老比例(REAL), DBL-生物量中氮的比例(REAL) | 输出: KL-可利用的氮(REAL)",,Net Nitrogen Mineralization Parameter Analysis Model
1935,8be360bacc66957ac353f1beb7bb13f6,各对地块在分类学构成上的相异性,,4f32e849-9f21-48e0-a756-962ed9cf4187,"输入: Q_FREj-[in](REAL_ARRAY), Q_FREk-[in](REAL_ARRAY), n-数组长度(INT) | 输出: D_VEGjk-植被距离(REAL)",,Differences In Taxonomic Composition Of Pairs Of Plots
1936,bdce28890c047430ac13907db6cfb86a,冰川槽谷的横剖面梯级宽深比模型,,c98fb35c-6279-4b11-80ae-e2dc2e06c32b,"输入: m-m(REAL), d-槽谷深度(REAL), n-n(REAL) | 输出: f-冰川槽谷的横剖面梯级宽深比模型(REAL)",,Cross-Section Stepped Width-To-Depth Ratio Model Of Glacier Trough Valley
1937,30685d2201e51b8a8193f9d33be9ecb3,饱和指数,,fda1e8b8-c1df-4440-959a-2132e699da3f,"输入: IAP_c-离子溶度积(REAL), K_c-方解石的溶度积(REAL) | 输出: SI_c-饱和指数(REAL)",,Saturation Index
1938,2fd4622a7e11d9f985631ca0dd47100d,土壤湿度的产出系数,,a6736878-e153-483a-b919-c65e5f214435,"输入: M_s-土壤剖面中可利用的水(REAL), M_p-月降雨量(REAL), p_ET-潜在的土壤部分蒸发蒸腾损失总量(REAL) | 输出: k_m-土壤湿度的产出系数(REAL)",,Soil Moisture Yield Coefficient
1939,a14fb8ae931dfbc28dc93ebd01d265e7,草地的总生产力,,80358e26-1c11-4216-ac24-d54c6cc1bf50,"输入: P_gg-总的产草量(REAL), k_t-土壤温度在生长过程中的影响系数(REAL), k_m-土壤湿度在生长过程中的影响系数(REAL), k_b-生长过程中活体生物量与死亡生物量的比率的影响系数(REAL), k_s-树阴的影响系数(REAL) | 输出: P_g-草地的总生产力(REAL)",,Total Productivity Of Grassland
1940,e4dcf6e1a7ff58bec4569bf1326738a4,森林的总生产力,,d70165ac-f81b-4821-8356-aa2910222599,"输入: P_tg-数目的总产量(REAL), k_t-土壤温度在生长过程中的影响系数(REAL), k_m-土壤湿度在生长过程中的影响系数(REAL), k_l-联系地面木材产量和叶面积指数的系数(REAL) | 输出: P_t-森林的总生产力(REAL)",,Total Forest Productivity
1941,e2bd05ef76366a99e7590febe1447b7e,碳同位素影响的分析模型,,ed6a31fb-df5e-44f3-903c-2b743ab68d42,"输入: delta_a-大气层中二氧化碳同位素的比例(REAL), m_a-大气层中二氧化碳的质量(REAL), delta_b-植物组织中稳定的碳同位素比例(REAL), m_b-从植物和土壤中释放的二氧化碳的质量(REAL) | 输出: deltap_a-陆地碳释放改变大气层中二氧化碳碳同位素比例的潜力(REAL)",,Analytical Model Of The Impact Of Carbon Isotopes
1942,33f4dbcdfb000a674bf053a880aaf9e5,碳的渐进转换公式,,141ecced-36b6-4580-89f8-882650daf719,"输入: P_npini_go-在栅格g中的原来生物量的初始Pnp(REAL), a-校准参数(REAL), w-校准参数(REAL), m-校准参数(REAL), P_npini_gn-在栅格g中的新生物量的初始Pnp(REAL), T_tr-预设的总的转换时间(REAL), t-从转换开始到现在的时间(REAL) | 输出: P_npg-在栅格g中的实际Pnp(REAL)",,Progressive Conversion Formula For Carbon
1943,6231a1684ef0506c3c75731a711c8a02,土壤呼吸作用率,,2084ea57-fa0a-4631-8ce4-8a16ceb4f987,"输入: C_S-C_S(REAL), T-温度(REAL) | 输出: R_S-土壤呼吸作用率(REAL)",,Soil Respiration Rate
1944,6233be22ed371e59c7ee2c684813c832,植被净初级生产力与顶部树叶净初级生产力的关系,,5c2857b2-b45a-4e1a-a523-d7c250e869a6,"输入: f_par-f_par(REAL), Pi1-顶部树叶净初级生产力(REAL) | 输出: Pi-净初级生产力(REAL)",,The Relationship Between The Net Primary Productivity Of Vegetation And The Net Primary Productivity Of Top Leaves
1945,222f4ab55c564ca8a8ad9c1ce73b799f,顶部树叶净初级生产力,,6cfa807e-5513-4751-a901-cfbc9aa1483c,"输入: P1-顶部树叶总光合作用率(REAL), R_d1-顶部树叶暗呼吸作用率(REAL), R_P1-顶部非树叶植物呼吸作用率(REAL) | 输出: Pi1-顶部树叶净初级生产力(REAL)",,Net Primary Productivity Of Top Leaves
1946,01f292ccc622fd13a52e047d3530f7a0,顶部树叶净光合作用率,,c0065ac3-1f18-409b-9857-e5a1d6420861,"输入: P1-顶部树叶总光合作用率(REAL), R_d1-顶部树叶暗呼吸作用率(REAL) | 输出: A1-顶部树叶净光合作用率(REAL)",,Net Photosynthesis Rate Of Top Leaves
1947,9dd6de506094bc35ed9a715682ff7be5,树叶覆盖指数与植物碳之间的线性关系,,32196d3f-b730-4411-b13a-c92d5d749b06,"输入: sigma-比例常数(REAL), L-树叶覆盖指数(REAL) | 输出: C_B-植物碳(REAL)",,Linear Relationship Between Leaf Cover Index And Plant Carbon
1948,73ce421ae4544d22eafd3fd4e5d19302,分配系数,,19036a88-94e6-4f36-b52c-5d0b936dad58,"输入: L-树叶覆盖指数(REAL), Lmin-最小树叶覆盖指数(REAL), Lmax-最大树叶覆盖指数(REAL) | 输出: lambda_nu-分配系数(REAL)",,Partition Coefficient
1949,eb9f2dbbcf616dc5b43c14ee103b0637,生态系统模型Lambda,,a2aa228f-56b9-4389-99fc-1f36855ca3dd,"输入: C_B-植物碳(REAL), gama_C-植被碳更新率(REAL), gama_nu-干扰率(REAL), lambda_nu-Pnp中分配供已有植被区域生长的碳的比例(REAL), nu-参数(REAL), Pi-净初级生产力(REAL) | 输出: double-返回值(REAL)",,Ecosystem Model Lambda
1950,9d2f41f0b576a4cee5f9a78db6e25555,生态系统模型dnuCB_dt,,0bd5e847-4c59-4975-a0d2-b901ff233277,"输入: nu-nu(REAL), Pi-净初级生产力(REAL), C_B-植物碳(REAL), gama_C-植被碳更新率(REAL), gama_nu-干扰率(REAL), lambda_nu-Pnp中分配供已有植被区域生长的碳的比例(REAL) | 输出: dnuCB_dt-返回值(REAL)",,Ecosystem Model Dnu CB Dt
1951,be5a8684cfa8d9871cfec9d48bc81f01,生态系统模型dCS_dt,,355df38b-2188-4b4e-8c6d-076233b150c7,"输入: nu-nu(REAL), Lambda-植物落叶碳(REAL), R_S-土壤呼吸作用(REAL) | 输出: dCS_dt-返回值(REAL)",,Ecosystem Model D CS Dt
1952,d8bb839dc2fce46ea9a6f422bf740c24,生态系统模型CBdnu_dt,,7823d265-682c-465a-b153-dc60ad221622,"输入: lambda_nu-Pnp中分配供已有植被区域生长的碳的比例(REAL), nu-nu(REAL), Pi-净初级生产力(REAL), gama_nu-干扰率(REAL), C_B-植物碳(REAL) | 输出: CBdnu_dt-返回值(REAL)",,Ecosystem Model C Bdnu Dt
1953,08c017d3068e730c84aab568563bfae0,生态系统模型dCB_dt,,100bcb62-d876-41a9-86bf-3a2e1b722f6e,"输入: lambda_nu-Pnp中分配供已有植被区域生长的碳的比例(REAL), Pi-净初级生产力(REAL), C_B-植物碳(REAL), lambda_c-lambda_c(REAL) | 输出: dCB_dt-CB是植物碳(REAL)",,Ecosystem Model D CB Dt
1954,9077c6a2f98488e416d705fd2027fd1c,植物类型间相互作用的定量化模型,,5602fdca-917b-4364-9e01-f66e08fe3519,"输入: K0-截距(REAL), K1-斜率(REAL), V-植物结构的某些定量指数(REAL) | 输出: deltaP_np-Pnp的相对变化(REAL)",,Quantitative Modeling Of Interactions Between Plant Types
1955,1d6499d509bdc23bf35de77ecad3be6b,静态植物结构下Pnp的计算公式,,5ed5b670-01c3-4067-8d0a-4707547ab015,"输入: f_C0_0-f_C0_0(REAL), autf_autC-f对C的偏导，C代表气候(REAL), C-气候(REAL), C0-现在的气候状态(REAL) | 输出: P_nps-静态植物结构下Pnp(REAL)",,Calculation Formula Of Pnp Under Static Plant Structure
1956,b40a9ca87a4ec793153d66767e36136b,气候与植物结构函数形式的净初级生产力,,1389d6fc-19f6-4ffa-ba41-3b683eac92b1,"输入: f_C0_V0-C0代表了现在的气候状态，V0代表了现在的植物结构(REAL), autf_autC-f对C的偏导，C代表气候(REAL), autf_autI-f对I的偏导，I代表植物类型间的相互作用(REAL), aut2f_autCautI-aut2f_autCautI(REAL), C-气候(REAL), C0-现在的气候状态(REAL), I-植物类型间的相互作用(REAL) | 输出: P_np-气候与植物结构函数形式的净初级生产力(REAL)",,Net Primary Productivity As A Function Of Climate And Plant Structure
1957,65ff81b9fc91e0f0e4d6352fe8934033,初级生产力与植物结构变化耦合的区域植物动力学模型,,e1813572-774e-4f1c-850d-ac3ba9a2a46c,"输入: pgi_t_wj-绿色与非绿色生物量的分配系数(REAL), NP_i-净初级生产率(REAL), Ggi_t_wj_Tm_mni-萌芽率(REAL), Dgi_t_mgi-由于死亡导致的减少率(REAL) | 输出: autmgi_autt-mgi是所有植物类型中的绿色生物量(REAL)",,Regional Plant Dynamics Model Coupling Primary Productivity And Plant Structure Changes
1958,14ce12541073625422ab1317a99e8d5e,无机土壤方程dN_dt,,17e35d8e-9d6b-4b43-9618-87b6066d87bf,"输入: F_nitri-硝酸盐化率(REAL), N_gas-硝酸盐化过程中气体状散逸率(REAL), D_Nit-硝酸盐态氮沉积率(REAL), N_UPDATE-植物的氮的吸收率(REAL), N-氨态氮的潜在存储量(REAL), A-硝酸盐态氮的潜在存储量(REAL), F_DENITR-反硝酸化率(REAL), F_leach-硝酸盐态氮淋滤率(REAL) | 输出: dN_dt-N(REAL)",,Inorganic Soil Equation D N Dt
1959,2b2bc37ffe687f4226c23c0a5aeb37b3,无机土壤方程dA_dt,,670b5bfe-b717-4d0c-9a9f-e4a762d424e4,"输入: N_MIND-落叶层中氮的无机化率(REAL), NMIN_H-腐殖层中氮的无机化率(REAL), D_Amm-氨态氮沉积率(REAL), N_UPDATE-植物的氮的吸收率(REAL), A-氨态氮的潜在存储量(REAL), N-硝酸盐态氮的潜在存储量(REAL), F_nitri-硝酸盐化率(REAL), A_VOL-氨态氮挥发率(REAL) | 输出: dA_dt-A(REAL)",,Inorganic Soil Equation D A Dt
1960,e28a068013c5d138b97d4fe06169615f,有机土壤方程dHN_dt,,51d9a042-b853-4ec8-8ff6-d17f4d5838be,"输入: N_DH-落叶层中氮的腐殖率(REAL), NMIN_H-腐殖层中氮的无机化率(REAL), N_HCAR-腐殖层中氮化的碳损失率(REAL) | 输出: dHN_dt-HN为土壤腐殖层中氮的潜在存储量(REAL)",,Organic Soil Equation D HN Dt
1961,f48245b3891b479d7151c9bbaaacf7e6,有机土壤方程dHC_dt,,71074f79-2c72-43c3-9f3e-147bfd793585,"输入: C_DH-落叶层中碳的腐殖率(REAL), C_HR-腐殖层中碳的分解率(REAL), C_HCAR-腐殖层中碳化的碳损失率(REAL) | 输出: dHC_dt-HC为土壤腐殖层中碳的潜在存储量(REAL)",,Organic Soil Equation D HC Dt
1962,ac9aaa63984c58b102638a6d995c648d,有机土壤方程dDN_dt,,25cfb0b3-3044-4cbe-8102-2f19e801d7f0,"输入: F_LN-落叶携带的氮的流失率(REAL), F_TRN-枝干或根的掉落携带的氮的流失率(REAL), C_FIX-氮固化率(REAL), N_MIND-落叶层中氮的无机化率(REAL), M_DH-落叶层中氮的腐殖率(REAL) | 输出: dDN_dt-DN为土壤碎屑层中氮的潜在存储量(REAL)",,Organic Soil Equation D DN Dt
1963,951f2978666f5a7608e04cd8a889af8e,有机土壤方程dDC_dt,,20652212-74e5-4038-a511-64bfcb4d9203,"输入: F_LC-落叶携带的碳的流失率(REAL), F_TRC-枝干或根的掉落懈怠的碳的流失率(REAL), C_FIX-氮固化率(REAL), C_DR-落叶层中碳的分解率(REAL), C_DH-落叶层中碳的腐殖率(REAL) | 输出: dDC_dt-Dc为土壤碎屑层中碳的潜在存储量(REAL)",,Organic Soil Equation D DC Dt
1964,bba14cee11100b3c1f5be6fc0bdb9079,植被方程dVN_dt,,96adf5c9-efb3-4a34-b7d0-37477bec046e,"输入: N_UPTAKE-植物的氮的吸收率(REAL), F_LN-落叶携带的氮的流失率(REAL), F_TRN-枝干或根的掉落携带的氮的流失率(REAL) | 输出: dVN_dt-VN为植物中氮的潜在存储量(REAL)",,Vegetation Equation D VN Dt
1965,092c1fe76498b20fef3bf20a8c7028e6,植被方程dVC_dt,,8dfbf31a-3e5f-4574-9133-7a5777dc5d45,"输入: P_gp-总初级生产力中光合作用率(REAL), T_RRC-树干和树根的呼吸作用率(REAL), F_LC-落叶携带的碳的流失率(REAL), F_TRC-枝干或根的掉落懈怠的碳的流失率(REAL) | 输出: dVC_dt-Vc为植物中碳的潜在存储量(REAL)",,Vegetation Equation D VC Dt
1966,139cd145629fee056c36db74bf0d9b43,临界土壤水分蒸发蒸腾损失总量对生物量的依赖性,,01b6c6ec-9b68-44d3-b1e8-a03e93455cfb,"输入: E_c0-土壤水分蒸发蒸腾损失总量的临界极限(REAL), r_M-E_c依赖于生物量的部分(REAL), M-正规化的生物量(REAL) | 输出: E_c-土壤水分蒸发蒸腾损失总量的临界极限(REAL)",,Dependence Of Total Critical Soil Water Evapotranspiration Loss On Biomass
1967,fb934eaee67ca61df051222529fa3187,蒸腾指数对生物量的依赖性,,739ae06d-7b27-45f6-85e3-cfddac7590f9,"输入: M-正规化的生物量(REAL), r_tau-生物量-蒸腾关系中的指数(REAL) | 输出: tau-蒸腾指数(REAL)",,Dependence Of Transpiration Index On Biomass
1968,adc472e036c4280d563ae2f3f71ac665,干旱对生物量损失的影响,,bcab3501-2ece-461f-92d7-4059118dcbcd,"输入: C_l-临界干旱度(REAL), epsilon-损失增大的临界干旱度(REAL), epsilon_cl-损失的干旱依赖性系数(REAL) | 输出: f_gepsilon-干旱对生物量增加的影响(REAL)",,Effects Of Drought On Biomass Loss
1969,a0f64ea86c0dc44faa565907c7993a60,依赖于干旱的损失因子,,cbac1cc6-5f10-4e8e-8f8a-c47ebd810652,"输入: l_0-基本的生物量损失(REAL), f_lepsilon-干旱对生物量损失的影响(REAL) | 输出: l-生物量损失(REAL)",,Drought-Dependent Loss Factor
1970,e0b0a277b6851a1d383abfc179688f9b,干旱对生物量增加的影响,,45edd7eb-d5d6-4556-903a-48d29cf75fb9,"输入: epsilon-临界干旱度(REAL), epsilon_cg-生长缓慢的临界干旱度(REAL), C_g-收获的干旱依赖性系数(REAL) | 输出: f_gepsilon-干旱对生物量增加的影响(REAL)",,Effects Of Drought On Biomass Increase
1971,3e86072921766f74be09b53c4c22ec72,生长-温度之间的关系,,495968a9-9a51-4bae-9678-e2730031d86c,"输入: T_max-最高生长温度(REAL), Td_s-最低生长温度(REAL), T_min-温度的每年过程(REAL) | 输出: fd_GT-生长-温度之间的关系(REAL)",,Growth-Temperature Relationship
1972,9bc2608d40be959f12a2228462baa8d2,温度和干旱压力对生物量收获的影响,,940f37cd-359e-451b-9186-74e77e8c3c37,"输入: g_0-基本生物量收获(REAL), f_gT-每年的温度依赖性生长因子(REAL), f_gepsilon-干旱对生物量增加的影响(REAL) | 输出: g-生物量收获(REAL)",,Effects Of Temperature And Drought Stress On Biomass Harvesting
1973,4fa3bdd6cc2845c22dc0d34ec9b7c231,生物量动力学,,287c3295-a7b8-4983-9b16-f447de6f8ac2,"输入: g-生物量收获(REAL), M-正规化的生物量(REAL), l-生物量损失(REAL) | 输出: dM_dt-生物量动力学(REAL)",,Biomass Dynamics
1974,73b8dd1eda5ccbc485c6d7fecc4f39c0,综合产量干旱参数,,c392b9da-cb59-4f22-b4d8-6e9aa7ab00c5,"输入: A_E-热函的表面振幅(REAL), E_c-土壤水分蒸发蒸腾损失总量的临界极限(REAL), E_pot-潜在每年的土壤水分蒸发蒸腾损失总量(REAL) | 输出: epsilon(E_pot)-综合产量干旱参数(REAL)",,Comprehensive Yield Drought Parameters
1975,051d54a4231631b93c608a6facbcf639,每年实际蒸散,,76bd0357-a41e-4b11-a1a8-b3a43c211cb7,"输入: E_pot-潜在美奶奶的土壤水分蒸发蒸腾损失总量(REAL), epsilon-临界干旱度(REAL) | 输出: E-每年实际蒸散(REAL)",,Actual Evapotranspiration Per Year
1976,1c8d624b388afdff2c6e5cbc094f950b,每年潜在蒸腾的过程,,241498ab-a0b0-4dbe-bd1e-bcd42fcadece,"输入: E_pot-潜在每年的土壤水分蒸发蒸腾损失总量(REAL), A_E-热函的表面振幅(REAL), t-时间(REAL), yr-yr(REAL) | 输出: Ed_pot-每年潜在蒸腾的过程(REAL)",,Annual Potential Transpiration Process
1977,498a99dc34bc29e3c0733f0930447434,每年潜在蒸腾的线性流动,,b1de23af-2bcd-4a53-b2ca-b492958afdd5,"输入: E_0-E_0(REAL), deltaT-温度之差(REAL), dE_dT-土壤水分蒸发蒸腾损失总量在Ts=T0时的的派生值(REAL), tau-蒸发指数(REAL), r_soil-Epot独立于植物的部分(REAL) | 输出: E_pot-每年潜在蒸腾的线性流动(REAL)",,Linear Flow Of Annual Potential Transpiration
1978,aaf3a5f625e9e26a85694c3e5b9ffaf3,每年热函的线性流动,,e1f10a78-63f3-4780-988c-c1bec6faf06b,"输入: H_0-在Ts=T0时的土壤水分蒸发蒸腾损失总量(REAL), deltaT-温度之差(REAL), dH_dT-热函在Ts=T0时的派生值(REAL) | 输出: H(deltaT)-每年热函的线性流动(REAL)",,Linear Flow Of Enthalpy Per Year
1979,001021d287fdc0270bbe20ebe340f4fb,每年平均表面温度的扩展,,be87426d-a355-4e19-a88b-234bdbfa1e5d,"输入: T_0-每年平均表面温度(REAL), deltaT-温度之差(REAL) | 输出: T_s-每年平均表面温度(REAL)",,Extension Of Average Annual Surface Temperature
1980,dfc812e6139c58af0f1b2c64a913b4ad,发出的净长波辐射,,83df1294-7665-49cc-8a48-16e068093b36,"输入: b-长波背景辐射因子（晴天）(REAL), N-多云(REAL), b_-长波背景辐射因子（阴天）(REAL), sigma-辐射参数(REAL), T_s-每年平均表面温度(REAL) | 输出: Rnet_lw-发出的净长波辐射(REAL)",,Net Longwave Radiation Emitted
1981,d5980ad4ed5854b4c88b83885aeb2002,在表层被吸收的净短波辐射,,f6029fb6-fce3-4bca-b1c8-0d0432331613,"输入: R_sw-进入的短波辐射(REAL), alpha-反射率和散射率(REAL), N-多云(REAL), alpha_-反射率、散射率和云层的吸收率(REAL) | 输出: Rnet_sw-进入的净短波辐射(REAL)",,Net Shortwave Radiation Absorbed At The Surface
1982,85fc2255ff591592c82bdbab2595a36d,表层能量平衡,,b2c4832f-7c60-4476-b837-a7eea5c9299e,"输入: F-外力(REAL), L-蒸发潜能(REAL), E-实际每年的土壤水分蒸发蒸腾损失总量(REAL), H-热函(REAL), Rnet_lw-发出的净长波辐射(REAL) | 输出: Rnet_sw-进入的净短波辐射(REAL)",,Surface Energy Balance
1983,72c23acbf52ec61405b296247063a639,受叶面积指数限制的温度,,55681114-d69b-404e-b689-eb5da3494d65,"输入: lambda_-最大或者饱和叶面积指数(REAL), T_phi-叶片受到遮挡的温度(REAL), T_phi_-最大限制温度(REAL), T_05-0.5m土层深度处的温度(REAL) | 输出: lambda_T-受叶面积指数限制的温度(REAL)",,Temperature Limited By Leaf Area Index
1984,5ff9d5497cdf591cda1973476844dc04,土壤或异养呼吸,,918d38a9-9437-47b3-b9ac-19cba2c21698,"输入: f_a-进入大气层中的枯枝落叶损失部分(REAL), k_f-经验常数(REAL), C_f-经验常数(REAL), k_s-能迅速腐烂的枯枝落叶的数量(REAL), C_s-慢速腐烂的枯枝落叶的数量(REAL) | 输出: SR-土壤或异养呼吸(REAL)",,Soil Or Heterotrophic Respiration
1985,c38932ef1d8ed8d1dd36fe1b91daed43,碳平衡,,881e8eba-03e0-47dc-9d06-3b77b3636f93,"输入: P_gp-毛初级生产力(REAL), R_M-总的植物维持呼吸(REAL), R_G-生长呼吸作用(REAL) | 输出: P_np-碳平衡(REAL)",,Carbon Balance
1986,9fc77bbab4671df4a5b43f27fbb32ea5,净植冠辐射,,5fb3b909-0a87-4979-be74-2ee7da932dee,"输入: t_1v-植冠的长波透射率(REAL), T_k-以绝对温标为单位的大气温度(REAL), G-地面热量流(REAL), epsilon_a-大气层对乡下流量的热辐射(REAL), epsilon_s-表面热辐射(REAL), delta-斯蒂芬-波尔兹曼常数(REAL), rou_v-密集植物的反射率(REAL), a_s0-被土壤下层吸收的入射辐射(REAL), f_PAR-吸收的光合作用活动辐射(REAL), R_s-入射太阳辐射(REAL) | 输出: R_nv-净植冠辐射(REAL)",,Net Canopy Radiation
1987,6eed135b11b2966c946fb4cac546c375,热函流,,ab1ab1eb-3d75-4b8f-8f68-7d7a45a15775,"输入: R_nv-净植冠辐射(REAL), lambda-水蒸气的潜热(REAL), E_t-通过气孔的叶片截留降水的土壤水分蒸发蒸腾损失总量(REAL), E_i-通过直接蒸发的叶片截留降水的土壤水分蒸发蒸腾损失总量(REAL) | 输出: W_smax-植物有效水的最大储量(REAL)",,Enthalpy Flow
1988,83ff96cd8bebd01cbe0530c5289a95bc,植物有效水的最大储量,,129a6cce-9689-4fbe-aa8b-6ed2a6f46713,"输入: d-每一层的厚度(REAL_ARRAY), thet_f-水压传导性下土地容量中的土壤水体积含量(REAL_ARRAY), thet_w-土层i中永久萎蔫点的土壤水的体积含量(REAL_ARRAY), n_s-数组长度，模型中的土层数量(INT) | 输出: W_smax-植物有效水的最大储量(REAL)",,Maximum Available Water Storage For Plants
1989,7ac68ebd6f4b3b9042509c4b647fb0b7,离心力计算公式,,35c09130-4558-4de3-9fc6-dbd450c63021,"输入: m-质点质量(REAL), omega-角速率(REAL), phi-纬度(REAL) | 输出: F-离心力(REAL)",,Centrifugal Force Calculation Formula
1990,8c811d3db2e1a9390c895e4131f256a9,净初级生产力（NPP）,,f1a29113-2534-411b-9097-321759a899f6,"输入: S-参数(REAL), FPAR-被吸收的光合作用活动辐射(REAL), T-温度压力(REAL), W-水分压力(REAL), epsilonmax-来自于以前土地NPP估计值的校准(REAL) | 输出: NPP-净初级生产力(REAL)",,Net Primary Productivity (NPP)
1991,c136bff3d9176566b63f83fc38afb0c8,被吸收的光合作用活动辐射（FPAR）,,14aded4d-5870-4922-81a4-d548c21a67e7,"输入: SR-SR(1+PVG)/(1-PVG)(REAL), SRmax-SR的最大值(REAL), SRmin-没有植被覆盖的土地面积的SR(REAL) | 输出: FPAR-被吸收的光合作用活动辐射(REAL)",,Absorbed Photosynthetically Active Radiation (fpar)
1992,bd63f2f4650022bef9b36e864dc24d49,粒度分数维计算公式,,3be1e4e7-8bfc-4c78-881d-e3667642d7af,"输入: m1-样品中粒径为r1的颗粒质量(REAL), m2-样品中粒径为r2的颗粒质量(REAL), M0-样品的总质量(REAL), r1-粒径(REAL), r2-粒径(REAL) | 输出: D-粒度分数维(REAL)",,Granularity Fractal Dimension Calculation Formula
1993,fd4bc5b0f3c9b7f998a35f9970ffd59a,粒度分布关系式,,02af9efb-3acf-4ee7-bd9a-fcb2881a5eb4,"输入: c-常数(REAL), rr-颗粒直径(REAL), D-分数维(REAL) | 输出: N(r)-N为粒径小于r的颗粒数目(REAL)",,Particle Size Distribution Relationship
1994,311667899ca02a0c699d08366d079fd7,古温度推算公式,,c693d7b7-9a62-42bf-ae16-e106b187d42c,输入: x-Fe_3+/Fe_2+的值(REAL) | 输出: T-古温度(REAL),,Ancient Temperature Calculation Formula
1995,114b0b30575835f6122556b477d28803,世界气候动力学方程,,61f6a8d4-81da-47a4-b9c2-878e50fa79cc,"输入: D_T-参数(REAL), aut2T_autx2-T(x,t)对x偏导的平方(REAL), psi-参数(REAL), sigma-参数(REAL), T-温度(REAL) | 输出: autT_autt-T(x,t)对t的偏导(REAL)",,World Climate Dynamics Equation
1996,ed38bbebf012337ca7d680b05e1e80b1,N2O平衡方程,,c2322755-32c3-4748-b3a3-5a59a87ec621,"输入: G_o_ut-参数(REAL), G_1-化石燃料燃烧的流量(REAL), G_2-工业时代生物量燃烧的流量(REAL), N-对流层中N2O的数量(INT), tau_2-对流层中N2O的平均存留时间(REAL) | 输出: dN_dt-N2O平衡(REAL)",,N2O Equilibrium Equation
1997,f45559923735231a71baa69700248eed,氮平衡,,8c28025d-60b4-4472-a081-61877a7b211a,"输入: F_in-参数(REAL), F_3-参数(REAL) | 输出: dM_dt-生物圈中反映氮的数量(REAL)",,Nitrogen Balance
1998,90e93856ac120351bc9e604c7d7c71c8,土壤水分含量对光合作用的影响,,f32b31b4-f534-4f1e-82f7-0dbb247de3a2,"输入: H_WP-萎蔫点(REAL), H_fc-田地容量(REAL), W_S-参数(REAL) | 输出: etaW_P-土壤水分含量对光合作用的影响(REAL)",,Effect Of Soil Moisture Content On Photosynthesis
1999,1d053aa3e6670c31b661f2dbea07a2aa,温度对分解作用的影响,,a5bbc483-f2ff-4721-b815-285794b3bc34,输入: T-温度(REAL) | 输出: etaT_D-温度对分解作用的影响(REAL),,Effect Of Temperature On Decomposition
2000,19dead4f6c523d4c4798a30fa14bce6e,温度对呼吸作用的影响,,326c49ac-aa18-4b12-a118-1db7e3c17c31,输入: T-温度(REAL) | 输出: etaT_R-温度对呼吸作用的影响(REAL),,Effect Of Temperature On Respiration
2001,198fce62c6adaa8b49cfcdcd3ef00ff0,温度对光合作用的影响,,9e880593-7317-48c7-8ed1-3fc73ca5b0fd,"输入: T-温度(REAL), T_opt-光合作用的最佳温度(REAL), deltaT-光合作用活跃期的温度变化范围(REAL) | 输出: etaT_P-温度对光合作用的影响(REAL)",,Effect Of Temperature On Photosynthesis
2002,5a4998fc64ad4698263b0464e7c2ef6b,土壤的分解作用,,bb2dcfee-95fa-4715-ad7e-e21fee8a2b4d,"输入: etaT_D-分解作用的温度依赖性(REAL), rD_3-树干的基本(REAL) | 输出: RD_3-土壤中有机质的分解率(REAL)",,Decomposition Of Soil
2003,88b0b53124599298f2b548b28b3b2212,树干的呼吸作用,,9bf1905c-81ed-4346-beac-0531d4408408,"输入: etaT_R-呼吸作用的温度依赖性(REAL), rR_2-树干的基本(REAL) | 输出: RR_2-树干的呼吸作用率(REAL)",,Tree Trunk Respiration
2004,247c5765f15dc548e85f82bc189c2cc9,树叶的光合作用,,e17a4005-6c22-4199-b60b-93873c461273,"输入: etaT_P-依赖于温度的光合作用效率(REAL), etaW_P-一览与土壤含水量的光合作用效率(REAL), rP_1-不考虑环境影响时的树叶基本光合作用率(REAL) | 输出: RP_1-树叶的光合作用率(REAL)",,Photosynthesis Of Leaves
2005,def86e3ec8882c9bd48403f2522ad57a,土壤中的碳平衡,,968fc0de-c048-42a1-a3e6-a77450ba31d8,"输入: RL_1-树叶中的落叶率(REAL), RL_2-树干的落叶率(REAL), RD_3-土壤中有机质的分解率(REAL) | 输出: dC3_dt-土壤中的碳平衡(REAL)",,Carbon Balance In Soil
2006,4e833401db97e996658686a0be94f702,树干中的碳平衡,,af741d46-5911-4e00-991c-cd351d36e9c8,"输入: alpha-树叶的分配率(REAL), RP_1-光合作用率(REAL), RR_2-树干的呼吸作用率(REAL), RL_2-树干的落叶率(REAL) | 输出: dC2_dt-树干中的碳平衡(REAL)",,Carbon Balance In Tree Trunks
2007,3006680092d17cdff78a209bbe41d166,树叶中的碳平衡,,fb8a3213-66e9-491a-82f2-1319a2f4a281,"输入: alpha-树叶的分配率(REAL), RP_1-光合作用率(REAL), RL_1-树叶中的落叶率(REAL) | 输出: dC1_dt-树叶中的碳平衡(REAL)",,Carbon Balance In Leaves
2008,227f95d84d86750841de1c6515201ea5,地球平衡温度的变化,,23fa414d-17a4-425e-a8dc-f9a22ab91e81,"输入: deltaA-地球的行星反射率变化(REAL), T_E-地球平衡温度(REAL) | 输出: deltaT_E-地球平衡温度的变化(REAL)",,Changes In Earth's Equilibrium Temperature
2009,4ba1ae3d1f2cfa47b888c2ca177786aa,生物圈水分循环部分,,40b9a7ff-0035-4e3d-8a29-88d93f894824,"输入: W_iH-第i地区的地下水水位(REAL), W_iSH-水分渗透(REAL), W_iHG-灌溉水(REAL), W_iHO-流入海洋的水分(REAL), N_0-地区的数量(INT) | 输出: dWiH_dt-生物圈水分循环部分(REAL)",,Biosphere Water Cycle Part
2010,1601e061940b4f45dd6d93cfab4c341b,土壤植被构成的生物量平衡方程,,d927fecc-639e-4375-a2ec-76c35dfada11,"输入: epsilon-实际的植物生产力(REAL), omega_x-与环境之间能量交换的自然准则的数量(REAL), tau-与环境之间能量交换的成本的数量(REAL), sigma-生物量流失的人为原因(REAL) | 输出: autX_autt-土壤植被构成的生物量对参数t的偏导(REAL)",,Biomass Balance Equation Of Soil Vegetation Composition
2011,924d7a4adf01e1f3ac70c2f945e2f846,在大气、陆地和水面上发生的交换过程的模拟,,097fa77c-a3fe-4a14-a083-8edfe079d010,"输入: Mc-大气层中CO2的质量，单位是t(REAL), T-周围大气的温度，单位是°C(REAL) | 输出: pa-大气层中CO2分压(REAL)",,"Simulation Of Exchange Processes Occurring In The Atmosphere, Land And Water"
2012,5107ce304b81b7507e63478955b49d12,生物地球化学循环部分,,41bc30a1-1018-47bf-81f2-495153747fc9,"输入: sum_Hjs-alpha元素的输入流的和(REAL), sum_Hsi-alpha元素的输出流的和(REAL) | 输出: dalphast_dt-t时刻媒介S中alpha元素含量(REAL)",,Biogeochemical Cycles Section
2013,216175c286ea38c37122fb1bedea5e94,每年碳的净吸收公式,,d50851a5-103f-4ded-beea-77f8f836c64c,"输入: cmax-最大转换效率(REAL), SI-光饱和值(REAL), ST-空气温度值(REAL), SC_C-不稳定的碳反馈(REAL), SCO2-大气中二氧化碳浓度(REAL), FI-被截取的入射光部分(REAL), I0-入射光(REAL) | 输出: Cuptake-每年碳的净吸收值(REAL)",,Annual Net Carbon Absorption Formula
2014,ac97917337503be2f962e9902de48293,栅格元素的空地概率,,d9579f4b-6896-40e9-99ea-5f84c53c481a,"输入: Wu_m-参数，通过Get_Wu_m求得(REAL), Wp_m-参数，通过Get_Wp_m求得(REAL), Ws_m-参数，通过Get_Ws_m求得(REAL), W1_m-参数，通过Get_W1_m求得(REAL) | 输出: Wr_m-栅格元素的空地概率(REAL)",,Probability Of Empty Space For Raster Elements
2015,514b2ef165b48c353c6593b55888a7c2,土地利用面积的回归模型,,78d70378-949b-41c7-a0ca-6c7f310a38b2,"输入: Aa_1970_m-一个栅格元素m在1970年的农业面积(REAL), Rkor_i_m-修正因子，i是年份，m是栅格要素的当前数量(REAL) | 输出: Aa_i_m-一个栅格元素m的农业面积(REAL)",,Regression Model For Land Use Area
2016,be04c7db4bfe4c8b6c764c050be344c0,求叶子的夜呼吸量Rg_P的值,,b3031614-dac5-4597-9afa-4829676f8647,"输入: R-呼吸速率(REAL), Ila-叶面积指数(REAL), t-光合作用或呼吸时间(REAL) | 输出: Rg_P-叶子的夜呼吸量(REAL)",,Find The Value Of The Leaf’s Night Respiration Rg P
2017,0383fedb47ce17add8f45b2ad0fccb55,群落对Rpa能量的利用效率,,e1c48386-956c-41e9-bb75-f302e7cce49a,"输入: Pg-总生产力(REAL), Iabs-单位土地面积溪后的Rpa能量(REAL) | 输出: epsilonP-群落对Rpa能量的利用效率(REAL)",,The Efficiency Of Utilization Of Rpa Energy By The Community
2018,8a68fb52624cd20526ceba84da2ada55,各层植物对吸收Rpa能量的利用效率,,76278c2a-3a66-4068-bebd-e6a5456cc536,"输入: energy_fixed-各层植物固定的能量(REAL), energy_PAR-各层植物吸收PAR能量(REAL) | 输出: epsilonF-各层植物对吸收Rpa能量的利用效率(REAL)",,The Utilization Efficiency Of Plants In Each Layer In Absorbing Rpa Energy
2019,ba934a376f768a903a1dbd95a2761ac4,净生产力Pn模型,,878ef8cf-00d0-492b-9c89-8f4a7fe344d1,"输入: Pg-总生产力(REAL), Rg_P-叶子的夜呼吸量(REAL), Rg-其他各部分器官的呼吸量(REAL) | 输出: Pn-净生产力(REAL)",,Net Productivity Pn Model
2020,ceac1784f95a3cd49afe6a0abe3ac98a,呼吸速率R模型,,644b9eed-8f51-48bb-9f7c-a0d5c2d9b387,"输入: deltaC-叶室或呼吸装置内外气体CO2的含量之差(REAL), V-叶室或呼吸装置内外气体流量(REAL), Wgd-呼吸器官的干重(REAL), T-叶室或呼吸装置内的温度(REAL), P-大气压(REAL) | 输出: R-呼吸速率(REAL)",,Respiration Rate R Model
2021,1bb8f3ff966d1a3a39a1d290c45a6782,净光合速率Fn模型,,d83e6c91-bf6d-4e19-b9b6-74a0d2f4fffe,"输入: deltaC-叶室或呼吸装置内外气体CO2的含量之差(REAL), V-叶室或呼吸装置内外气体流量(REAL), A-叶面积(REAL), T-叶室或呼吸装置内的温度(REAL), P-大气压(REAL) | 输出: Fn-净光合速率(REAL)",,Net Photosynthetic Rate Fn Model
2022,740e10616bd91c61a088474e6e5d11e7,净生产量Bn模型,,05ce5528-c383-47e3-b8bd-96c524b00717,"输入: S-样地面积(REAL), wt1-第1次调查时的生物量，数组长度为n(REAL_ARRAY), wt2-第2次调查时的生物量，数组长度为n(REAL_ARRAY), n-数组长度(INT), L-凋落物量（每月收集一次）(REAL), D-死木（每年调查一次）(REAL), G-动物、昆虫啃食量（每季调查一次）(REAL) | 输出: Bn-净生产量(REAL)",,Net Production Volume Bn Model
2023,6c32c5e6279c92b1a5a7396e212bb81c,霜冻的损害,,8814553d-cbe2-46bd-ae89-676d8170ece2,"输入: b-决定温度范围宽度的斜率参数(REAL), H-耐霜力(REAL_ARRAY), Tmin-每日最低气温(REAL_ARRAY), i-表示第几天(INT) | 输出: GF[i]-第i天中霜冻引起的相对增长量减少的后果(REAL)",,Frost Damage
2024,afad1f952b3d0132941079146c817a38,土壤氮的增效器,,d6eb336a-20d5-4b9a-8f7b-4321cd411fdd,"输入: CONN-叶片和松针中氮的浓度(REAL), N4-参数(REAL), N5-参数(REAL) | 输出: YN-土壤氮的增效器(REAL)",,Soil Nitrogen Multiplier
2025,18b64945521e02181df0e39afb17a34a,土壤水的增效器,,d7eb5ab2-85a2-4f64-9e3f-5fba0752277e,"输入: TGS-生长季节的总天数(REAL), D3-要求物种在枯萎点以下忍受土壤湿气的生长季节的最大比例（生长季节的总天数之外的）(REAL), Fj-生长季节总天数中干旱天数所占百分比(REAL) | 输出: YW-土壤水的增效器(REAL)",,Soil Water Multiplier
2026,ea82805967f0a6d1af5c362b5773e5c3,温度的增效器,,d305fe08-e6fa-4978-b0cd-e21923a17ce8,"输入: Dmin-温度总和的最小值(REAL), Dmax-温度总和的最大值(REAL), X-温度总和(REAL) | 输出: YT-温度的增效器(REAL)",,Temperature Amplifier
2027,dc9a0e213b713110e858717659f66f3a,光的增效器,,1a14c2fd-31ea-437b-a75e-a5e95148fe52,"输入: AL-光的相对量(REAL), A1-参数(REAL), A2-参数(REAL), A3-参数(REAL) | 输出: YI-光的增效器(REAL)",,Light Booster
2028,89a89d7b532f76eba9b80925c290efab,通过亲合能求CO2的影响,,b5387dd1-595f-483b-b804-b0f8153d1ca5,"输入: tau-CO2/O2的比率(REAL), KCO2m-CO2的Rubisco亲合力常数(REAL), K0-O2的抑制常数(REAL), CO2Con-CO2的浓度(REAL), O2Con-O2的浓度(REAL), CO2RefCon-1833年的CO2的浓度(REAL) | 输出: CO2Effect-CO2的影响(REAL)",,Find The Influence Of CO2 Through Affinity Energy
2029,58f2856254c252160fed9f329b914e51,CO2亲合系数的温度依赖性的估计,,3a0bcb15-5a95-4847-bb87-3eb0bac12a3a,"输入: A-系数(REAL), Ea-亲合能(REAL), Rgas-气体常数(REAL), T-温度(REAL) | 输出: KCO2m-CO2的亲合系数(REAL)",,Estimation Of Temperature Dependence Of CO2 Affinity Coefficient
2030,edbbb9beeb212334bde62e1db669ebff,CO2的影响,,23434b84-318d-47f6-b9c7-2ae61703287f,"输入: FCO2-一定时间里CO2的同化作用率(REAL), FRefCO2-在1833年CO2的同化作用率(REAL) | 输出: CO2Effect-CO2的影响(REAL)",,Effect Of CO2
2031,ddf753bd396dcead7b93afb147cb5665,景观动态模型,,4316f7ca-f982-4185-beda-7904a904bdd6,"输入: Dspatial_Rt-空间多样性指数(REAL), Dsize_Rt-田块规模指数(REAL), i-参数(REAL) | 输出: DLU_Rt-DLU战略指数(REAL)",,Landscape Dynamic Model
2032,0bed620cdb0846c93076e1532e6d6127,景观的分离度F_i模型,,057c921f-8ef1-415c-86a8-552510113533,"输入: D_i-景观类型i的距离指数(REAL), S_i-景观的面积指数(REAL) | 输出: F_i-景观的分离度(REAL)",,Landscape Separation F I Model
2033,6443ad91a75c5b1abf2d9346cfadf33e,景观的破碎度C模型,,a19320de-f590-4160-8af1-65a942e75330,"输入: n-景观中所有景观类型斑块的总个数(REAL_ARRAY), A-景观的总面积(REAL), m-景观类型的数目(INT) | 输出: C-景观的破碎度(REAL)",,Landscape Fragmentation C Model
2034,7d0f98375af850849db401e968385fa6,优势度D模型,,30380a8a-a87c-4ac6-aab6-ca6487efc997,"输入: H_max-最大多样性指数(REAL), P-景观类型i所占面积的比例(REAL_ARRAY), m-景观类型的数目(INT) | 输出: D-优势度(REAL)",,Dominance D Model
2035,4a1d56ce8bc84cada4df1ac148a1f800,林网合理优势度模型,,60862ca1-2ed9-41a7-9bd6-323c72298147,"输入: Rdo-林网的合理相对多度(REAL), Rfo-林网的合理相对频度(REAL), Rco-林网的合理相对盖度(REAL) | 输出: Do-林网合理优势度(REAL)",,Forest Network Reasonable Dominance Model
2036,6f89e83a919ae0ffc146b996969cd234,林网合理环度模型,,f7d840f4-93fe-4a0a-b622-5fc659446850,"输入: Nb0-合理主带与副带之和(REAL), Vbo-林网节点数(REAL), HmaxVbo-林网可能有的最大环路数(REAL), n-参数(INT) | 输出: Ro-林网合理环度(REAL)",,Reasonable Ring Degree Model Of Forest Network
2037,8a9187fb48852d7078379f35ab868dcb,林网合理连接度模型,,e3540616-b45a-4c21-acfe-8a5d807248bc,"输入: Nbo-合理主带与副带之和(REAL), LmaxVbo-林网最多林带边数(REAL), n-n(INT) | 输出: Qo-林网合理连接度(REAL)",,Reasonable Connectivity Model Of Forest Network
2038,c406d309cd469dbe20a574398a807af2,林网合理带斑比模型,,2de3a22e-efae-4488-b601-7b701ad99f1c,"输入: Sbo-合理战地面积(REAL), Nbo-合理主带与副带之和(REAL), A-A(REAL), n-n(REAL) | 输出: Fo-林网合理带斑比(REAL)",,Reasonable Zone Bambi Model Of Forest Network
2039,4970db3ab23ed2b8d2919a2182dbac7d,CO2的直接作用-净同化作用的现象模型,,de21989e-ddcd-4a3c-af67-4e5bb8c85372,"输入: Pmax-光饱和和净同化作用率(REAL), c-补偿点(REAL), alpha-半饱和点(REAL) | 输出: P-CO2的直接作用-净同化作用的现象模型(REAL)",,Direct Effect Of CO2 - Phenomenological Model Of Net Assimilation
2040,b21008e09b2379c6a25da7a42798ab93,总干旱压力指数,,0b887521-3584-481e-a1ed-a185427ac757,"输入: E-E(REAL_ARRAY), D-D(REAL_ARRAY), t-t(INT) | 输出: dri-总干旱压力指数(REAL)",,Total Drought Stress Index
2041,91b5d350989b0edfe66cb91c40a8a469,温度对边材呼吸作用的影响,,c44a2739-8d94-4a0f-be89-0e1dbdba7b18,"输入: Q10-Q10(REAL), Ti-Ti(REAL), Tref-参照温度(REAL) | 输出: g(T)i-边材维持的呼吸作用(REAL)",,Effect Of Temperature On Sapwood Respiration
2042,304f012d35fcf84dd9055a57ee129188,每日温度响应变量,,211035cf-0325-469d-b4a5-62182b9e4e1f,"输入: Ti-每日温度(REAL), Tmin-Ti的最小值(REAL), Tmax-Ti的最大值(REAL) | 输出: f(Ti)-每日温度响应变量(REAL)",,Daily Temperature Response Variables
2043,143dea82081354f7101f6dec89d162b7,环境对森林的呼吸作用率,,12d39b38-6ba7-4d8b-84a4-6769be582cb9,输入: miu_T-取非负实数值的函数(REAL) | 输出: mR-复合乘数(REAL),,Environmental Respiration Rate Of Forest
2044,4ef3aa00656c2890f29a435ac5215ef5,环境对森林的生根作用,,ab4882fb-623b-43af-ba48-04c5b71b8234,"输入: sigma_tc-Kronechker函数，只能取0或1(REAL), sigma_tw-Kronechker函数，只能取0或1(REAL), mG-复合乘数(REAL) | 输出: mE-复合乘数(REAL)",,The Rooting Effect Of The Environment On The Forest
2045,e99d5e161b0b2193a2a5ddfaa95e255e,环境对森林的同化作用,,501dded5-fc4f-4560-8b9b-f86f6e5c6dad,"输入: sigma_tc-Kronechker函数，只能取0或1(REAL), sigma_gdd-Kronechker函数，只能取0或1(REAL), phi_T-取非负实数值的函数(REAL), phi_D-取非负实数值的函数(REAL), phi_C-取非负实数值的函数(REAL) | 输出: mG-复合乘数(REAL)",,The Assimilation Effect Of The Environment On The Forest
2046,a4bff1dc29833a79ffa861348c9780f8,白天土壤湿度,,7036370d-b711-4c03-87b2-7acc23a3ebeb,"输入: omegai1-omegai1(REAL), Pi-每天降水量(REAL), Ei-实际每天的土壤水分蒸发蒸腾损失总量(REAL), omega_max-土壤含水量(REAL) | 输出: sigmai-白天土壤湿度(REAL)",,Daytime Soil Moisture
2047,26c459fea991c24a75a268197b4c95c0,景观网络的环圈度模型,,0eb783b8-1b7a-43da-894d-741bb77c53d2,"输入: Lt-连边数(REAL), Gt-Gt(REAL), Vt-顶点数(REAL) | 输出: N2(t)-景观网络的环圈度(REAL)",,Circle Degree Model Of Landscape Network
2048,4a66cadc31e1a7f23e5f64a6fa306e56,景观网络的连通度模型,,29d9764a-826c-4f70-8789-7589bd842c7b,"输入: Lt-连边数(REAL), Gt-Gt(REAL), Vt-顶点数(REAL) | 输出: N1(t)-景观网络的连通度(REAL)",,Connectivity Model Of Landscape Network
2049,d5bcd50ed91c77bf3f23a8d987798368,边缘强度模型,,cf5d2fb2-c7a5-42b5-b054-b2bc358cbb71,"输入: MPijtPpqt-斑块Pij和Ppg相交部分的面积(REAL), Hijt-Hijt(REAL) | 输出: Eij.pg(t)-边缘强度(REAL)",,Edge Strength Model
2050,48a86ec9c905109382d8ee70155b23a4,带斑比模型,,e597f17d-07c8-4f7a-b1a9-26694e851275,"输入: Rt-Rt(REAL), Bt-Bt(REAL) | 输出: F(t)-带斑比(REAL)",,Bambi Model
2051,e514828b56de24ebff557984e590371c,丰度模型,,377ff80e-9a5e-4dde-8ef9-3e8f81b837c3,"输入: k-k(INT), St-景观的面积(REAL), At-廊带的面积(REAL_ARRAY), ni-参数(INT) | 输出: R(t)-丰度(REAL)",,Abundance Model
2052,b68e86b66a878259915117eeb3a90946,类斑丰度模型,,a0179d34-fb57-47dc-a399-1f562223ac4c,"输入: ni-ni(INT), St-景观的面积(REAL), Hit-Hit(REAL_ARRAY) | 输出: Bi(t)-类斑丰度(REAL)",,Spot-Like Abundance Model
2053,91e7cb2b579a54536e7a87acbcc9de68,类斑散度模型,,9c10bffc-52b2-451b-b253-07c58bfbb2db,"输入: ni-数组长度(INT), St-景观的面积(REAL), xijt-xijt(REAL), _xit-_xit(REAL), yijt-yijt(REAL), _yit-_yit(REAL) | 输出: Di(t)-类斑散度(REAL)",,Speckle-Like Model
2054,e95d8f223abb914f4747037ba26760cc,类斑匀度模型,,4ad678f9-5d28-4038-b079-c8eaaa2d55cf,"输入: ni-数组长度(INT), Hit-Hit(REAL_ARRAY), _Hit-_Hit(REAL) | 输出: hi(t)-类斑匀度(REAL)",,Spot-Like Uniformity Model
2055,ab089d6260c4e8a6d69785ba9e0668ce,随机区域模型,,bdc0344b-a2b5-4761-bfac-7d6aae5d7207,"输入: thet-权重参数(REAL_ARRAY), Ys-位置s的侵蚀指数值(REAL_ARRAY), rau-噪音序列的变化(REAL), ws-带有零平均值和单位不同的随机变量序列(REAL), N-数组长度(INT) | 输出: Y(s)-位置s的侵蚀指数值(REAL)",,Stochastic Region Model
2056,f0ac58f196e58c374d80d95c93f05ed6,景观组分的平均大小,,a7cfa3f2-4e45-4a1c-9319-dbed42302353,"输入: A-景观的总面积(REAL), N_i-景观组分i的斑块数(REAL) | 输出: _A-景观组分的平均大小(REAL)",,Average Size Of Landscape Components
2057,934a07bf6fc07ef17b318f8d5ce409fb,景观组分破碎度,,52e758a7-3f24-4e9a-8601-aaca021a8036,"输入: N_i-景观组分i的斑块数(REAL), A-景观的总面积(REAL) | 输出: Ri-景观组分破碎度(REAL)",,Landscape Component Fragmentation
2058,395bc358dbaf6e6088d2ed3a4de78f57,景观组分比例模型,,99df7e77-8ae7-4656-872e-702363d99111,"输入: A_i-景观组分i的面积(REAL), A-景观的总面积(REAL) | 输出: Pi-景观组分比例模型(REAL)",,Scale Model Of Landscape Components
2059,e41ef466a5ef4c26e154685cafd4f759,边缘密度模型,,47004b2c-5669-4782-9da7-74fa92341681,"输入: E-景观中边缘长度(REAL), A-景观面积(REAL) | 输出: De-边缘密度(REAL)",,Edge Density Model
2060,014758a1c16ea6a54ab2c9524805b022,斑块密度Dp模型,,3ac6594e-bc77-4fde-b502-1870fb458dd6,"输入: N-景观中斑块数量(REAL), A-景观面积(REAL) | 输出: Dp-斑块密度(REAL)",,Plaque Density Dp Model
2061,51b3354bc16b27db3b2789ab47e7522b,景观优势度指数模型,,61fa66ca-429a-4c30-9583-fd6b7e56c53b,"输入: a_j-斑块ij的面积(REAL_ARRAY), A-景观总面积(REAL), n-参数(INT) | 输出: Pi-景观类型i所占景观比例(REAL)",,Landscape Dominance Index Model
2062,892565f351c80b1589a9d40025e42e2b,边缘密度模型Dei,,9fbc5ca7-6609-4511-b431-9dff016defab,"输入: A-研究范围景观总面积(REAL), P_i-第i类景观要素斑块与第j类景观要素斑块间的边界长度(REAL_ARRAY), M-景观要素类型总数(INT) | 输出: Dei-景观要素边缘密度(REAL)",,Edge Density Model Dei
2063,4922611b0f432892ae48834ce2ba6222,斑块密度模型A,,c24b5324-ff61-48be-b43c-75ada81b1309,"输入: A-第i类景观要素的总面积(REAL_ARRAY), M-景观要素类型总数(INT) | 输出: A-研究范围景观总面积(REAL)",,Plaque Density Model A
2064,d77a29f98ed64d70ca5a5899817afcee,斑块密度模型Dpi,,6b7fc22d-1895-4260-b2ac-2891c7e9d640,"输入: N-第i类景观要素的斑块数(REAL), A-研究范围景观总面积(REAL) | 输出: Dpi-景观要素斑块密度(REAL)",,Plaque Density Model Dpi
2065,1b01ebab7c700b80b3a5887b892fe549,斑块密度模型DP,,696a974f-2423-4bbe-bedb-b993ac9372c3,"输入: A-研究范围景观总面积(REAL), N-第i类景观要素的斑块数(REAL_ARRAY), M-景观要素类型总数(INT) | 输出: DP-景观斑块密度(REAL)",,Patch Density Model DP
2066,1b92336f19669920ddeb89645577ba97,食料的可用性,,21977b6b-82d1-4fda-b5f6-40d21adaa576,"输入: q_t-用以反映牧草收割后由于杂草的生长引起的草料场质量的下降(REAL), e_max-在一个刚收割的牧场上每单位时间的能量消耗(REAL) | 输出: e_t-可能摄入率(REAL)",,Availability Of Food
2067,272755b4b35e73a72e1c3399ad9449e5,面积加权的覆被指数,,d11ca404-24f8-427b-a4f0-0e0f968b81a1,"输入: P-由多边形i组成的景观区面积的相对比例(REAL_ARRAY), C_k-在多边形i内职务类型k的优势等级的中值(REAL_ARRAY), j-数组长度(INT) | 输出: CI-面积加权的覆被指数(REAL)",,Area Weighted Cover Index
2068,3c169b1ca0461b3f01106010184e612f,面积加权的平均增强沉积物,,2284e628-b1e7-42dd-bba9-76a10346bc9e,"输入: D-景观特征x的增强沉积物(REAL_ARRAY), A-景观特征x的面积(REAL_ARRAY), n-数组长度(INT) | 输出: D_A-面积加权的平均增强沉积物(REAL)",,Area Weighted Average Enhanced Sediments
2069,aa56747aa531ff611ca119be433c0f53,亨特山高海拔地区空气沉积的面积加权模型,,da609e18-580e-4f1b-a440-e09ce156b998,"输入: D_b-基本沉积物(REAL), E_x-景观特征x的增强系数(REAL), A_x-景观特征x的面积(REAL) | 输出: D_x-景观特征x的增强沉积物(REAL)",,Area-Weighted Model Of Air Deposition At High Altitudes On Mount Hunter
2070,7c0e7472096ffe84970ba1547843680a,缀块景观的种群动态模型,,86213883-3c2c-4929-8a03-84e359e1c2f3,"输入: N_tdeltat_i-在时间t+deltat时第i个缀块种群个体数(REAL), C_t_i-由于外部因素引起的种群数量的减少(REAL), rou-种群增长的速度(REAL), K_i-每个缀块的承载能力(REAL) | 输出: N_t1_i-在时间t+1时第i个缀块种群个体数(REAL)",,Population Dynamics Model Of Patchy Landscapes
2071,242c696e1162f42d3c239456d354b526,Roof Photovoltaic Carbon Emission Reduction Potential Assessment Model,,7e97e6ce-d968-4fbf-9502-44b5e2c54db8,"输入: system_efficiency-Photovoltaic system efficiency(REAL), start_time-Assessment start time in YYYYMM format(REAL), end_time-Assessment end time in YYYYMM format(REAL), roof_vector_path-Rooftop vector data package(external) | 输出: roofSloar-Rooftop photovoltaic potential result package(external)",是,Roof Photovoltaic Carbon Emission Reduction Potential Assessment Model
